Student_ID,Gender,Age,Department,Year,Semester,Subject,Attendance_Period,Total_Classes,Classes_Attended,Previous_Attendance_Percentage,Assignment_Score,Internal_Marks,Study_Hours_Per_Week,Medical_Leave_Days,Travel_Distance_KM,Previous_Exam_Score,Late_Count,Online_Class_Attendance,Attendance_Percentage,Attendance_Status
STU0001,Female,19,Computer Engineering,Third Year,Fifth Semester,Computer Networks,Period_1,11,4,74.5,54.8,1.9,12.3,2,6.0,61.0,3,95.8,36.36,Defaulter
STU0001,Female,19,Computer Engineering,Third Year,Fifth Semester,Computer Networks,Period_2,12,8,74.5,54.8,19.3,12.3,1,6.0,63.4,0,49.5,66.67,Defaulter
STU0001,Female,19,Computer Engineering,Third Year,Fifth Semester,Computer Networks,Period_3,12,9,74.5,54.8,14.5,12.3,2,6.0,62.8,0,60.0,75.0,Regular
STU0001,Female,19,Computer Engineering,Third Year,Fifth Semester,Computer Networks,Period_4,10,7,74.5,54.8,15.7,12.3,0,6.0,65.4,1,53.5,70.0,Defaulter
STU0001,Female,19,Computer Engineering,Third Year,Fifth Semester,Data Structures & Algorithms,Period_1,9,4,75.31,66.3,0.0,12.3,3,6.0,67.1,3,68.6,44.44,Defaulter
STU0001,Female,19,Computer Engineering,Third Year,Fifth Semester,Data Structures & Algorithms,Period_2,11,8,75.31,66.3,15.8,12.3,0,6.0,63.4,5,92.5,72.73,Defaulter
STU0001,Female,19,Computer Engineering,Third Year,Fifth Semester,Data Structures & Algorithms,Period_3,9,6,75.31,66.3,13.0,12.3,1,6.0,60.0,1,77.2,66.67,Defaulter
STU0001,Female,19,Computer Engineering,Third Year,Fifth Semester,Data Structures & Algorithms,Period_4,8,6,75.31,66.3,11.3,12.3,1,6.0,62.2,0,43.0,75.0,Regular
STU0001,Female,19,Computer Engineering,Third Year,Fifth Semester,Database Management Systems,Period_1,10,6,67.5,55.6,11.6,12.3,0,6.0,65.6,2,78.9,60.0,Defaulter
STU0001,Female,19,Computer Engineering,Third Year,Fifth Semester,Database Management Systems,Period_2,11,10,67.5,55.6,16.0,12.3,3,6.0,65.7,2,68.9,90.91,Regular
STU0001,Female,19,Computer Engineering,Third Year,Fifth Semester,Database Management Systems,Period_3,11,6,67.5,55.6,13.4,12.3,0,6.0,66.3,0,59.6,54.55,Defaulter
STU0001,Female,19,Computer Engineering,Third Year,Fifth Semester,Database Management Systems,Period_4,11,7,67.5,55.6,5.7,12.3,0,6.0,68.7,2,46.7,63.64,Defaulter
STU0001,Female,19,Computer Engineering,Third Year,Fifth Semester,Software Engineering,Period_1,9,6,66.92,53.5,18.7,12.3,0,6.0,65.2,1,56.1,66.67,Defaulter
STU0001,Female,19,Computer Engineering,Third Year,Fifth Semester,Software Engineering,Period_2,10,8,66.92,53.5,13.1,12.3,3,6.0,63.1,2,77.7,80.0,Regular
STU0001,Female,19,Computer Engineering,Third Year,Fifth Semester,Software Engineering,Period_3,12,9,66.92,53.5,14.6,12.3,0,6.0,71.8,1,75.6,75.0,Regular
STU0001,Female,19,Computer Engineering,Third Year,Fifth Semester,Software Engineering,Period_4,11,8,66.92,53.5,14.6,12.3,1,6.0,69.2,6,82.7,72.73,Defaulter
STU0001,Female,19,Computer Engineering,Third Year,Fifth Semester,Theory of Computation,Period_1,8,4,55.8,61.8,11.9,12.3,0,6.0,64.8,1,62.9,50.0,Defaulter
STU0001,Female,19,Computer Engineering,Third Year,Fifth Semester,Theory of Computation,Period_2,12,8,55.8,61.8,9.5,12.3,0,6.0,69.5,3,31.4,66.67,Defaulter
STU0001,Female,19,Computer Engineering,Third Year,Fifth Semester,Theory of Computation,Period_3,11,7,55.8,61.8,3.7,12.3,1,6.0,60.2,2,78.4,63.64,Defaulter
STU0001,Female,19,Computer Engineering,Third Year,Fifth Semester,Theory of Computation,Period_4,12,9,55.8,61.8,21.7,12.3,0,6.0,59.5,1,79.8,75.0,Regular
STU0002,Female,22,Computer Engineering,Third Year,Fifth Semester,Computer Networks,Period_1,9,9,97.3,79.4,21.0,17.8,0,14.0,84.0,0,41.5,100.0,Regular
STU0002,Female,22,Computer Engineering,Third Year,Fifth Semester,Computer Networks,Period_2,9,8,97.3,79.4,10.9,17.8,2,14.0,80.4,2,73.2,88.89,Regular
STU0002,Female,22,Computer Engineering,Third Year,Fifth Semester,Computer Networks,Period_3,8,7,97.3,79.4,10.5,17.8,0,14.0,86.4,0,98.8,87.5,Regular
STU0002,Female,22,Computer Engineering,Third Year,Fifth Semester,Computer Networks,Period_4,8,7,97.3,79.4,16.7,17.8,2,14.0,85.2,1,50.0,87.5,Regular
STU0002,Female,22,Computer Engineering,Third Year,Fifth Semester,Data Structures & Algorithms,Period_1,11,10,89.61,70.7,20.2,17.8,1,14.0,80.8,0,32.9,90.91,Regular
STU0002,Female,22,Computer Engineering,Third Year,Fifth Semester,Data Structures & Algorithms,Period_2,10,8,89.61,70.7,13.6,17.8,0,14.0,83.5,0,53.5,80.0,Regular
STU0002,Female,22,Computer Engineering,Third Year,Fifth Semester,Data Structures & Algorithms,Period_3,11,9,89.61,70.7,11.1,17.8,0,14.0,85.8,1,69.8,81.82,Regular
STU0002,Female,22,Computer Engineering,Third Year,Fifth Semester,Data Structures & Algorithms,Period_4,8,6,89.61,70.7,13.5,17.8,1,14.0,80.6,1,64.4,75.0,Regular
STU0002,Female,22,Computer Engineering,Third Year,Fifth Semester,Database Management Systems,Period_1,10,7,92.15,86.2,8.9,17.8,0,14.0,85.0,2,52.1,70.0,Defaulter
STU0002,Female,22,Computer Engineering,Third Year,Fifth Semester,Database Management Systems,Period_2,9,8,92.15,86.2,18.2,17.8,0,14.0,86.1,1,82.4,88.89,Regular
STU0002,Female,22,Computer Engineering,Third Year,Fifth Semester,Database Management Systems,Period_3,8,5,92.15,86.2,15.3,17.8,1,14.0,89.1,1,84.9,62.5,Defaulter
STU0002,Female,22,Computer Engineering,Third Year,Fifth Semester,Database Management Systems,Period_4,8,8,92.15,86.2,16.5,17.8,1,14.0,86.3,4,55.3,100.0,Regular
STU0002,Female,22,Computer Engineering,Third Year,Fifth Semester,Software Engineering,Period_1,11,9,100.0,63.7,11.2,17.8,0,14.0,89.4,1,64.6,81.82,Regular
STU0002,Female,22,Computer Engineering,Third Year,Fifth Semester,Software Engineering,Period_2,12,11,100.0,63.7,23.5,17.8,1,14.0,86.6,2,58.7,91.67,Regular
STU0002,Female,22,Computer Engineering,Third Year,Fifth Semester,Software Engineering,Period_3,10,9,100.0,63.7,19.8,17.8,1,14.0,85.0,0,75.4,90.0,Regular
STU0002,Female,22,Computer Engineering,Third Year,Fifth Semester,Software Engineering,Period_4,12,8,100.0,63.7,14.7,17.8,0,14.0,84.0,0,69.1,66.67,Defaulter
STU0002,Female,22,Computer Engineering,Third Year,Fifth Semester,Theory of Computation,Period_1,8,8,95.56,57.1,22.2,17.8,1,14.0,87.6,2,76.1,100.0,Regular
STU0002,Female,22,Computer Engineering,Third Year,Fifth Semester,Theory of Computation,Period_2,8,8,95.56,57.1,17.5,17.8,2,14.0,84.5,0,60.8,100.0,Regular
STU0002,Female,22,Computer Engineering,Third Year,Fifth Semester,Theory of Computation,Period_3,10,9,95.56,57.1,17.4,17.8,1,14.0,82.3,0,51.8,90.0,Regular
STU0002,Female,22,Computer Engineering,Third Year,Fifth Semester,Theory of Computation,Period_4,10,10,95.56,57.1,13.4,17.8,1,14.0,84.9,3,27.2,100.0,Regular
STU0003,Male,22,Computer Engineering,Third Year,Fifth Semester,Computer Networks,Period_1,8,5,58.16,70.0,6.6,11.1,0,23.2,61.0,0,83.9,62.5,Defaulter
STU0003,Male,22,Computer Engineering,Third Year,Fifth Semester,Computer Networks,Period_2,8,5,58.16,70.0,13.2,11.1,1,23.2,61.5,1,23.1,62.5,Defaulter
STU0003,Male,22,Computer Engineering,Third Year,Fifth Semester,Computer Networks,Period_3,12,4,58.16,70.0,7.8,11.1,1,23.2,58.9,0,91.9,33.33,Defaulter
STU0003,Male,22,Computer Engineering,Third Year,Fifth Semester,Computer Networks,Period_4,11,8,58.16,70.0,13.1,11.1,1,23.2,59.6,3,48.2,72.73,Defaulter
STU0003,Male,22,Computer Engineering,Third Year,Fifth Semester,Data Structures & Algorithms,Period_1,12,5,45.15,61.8,5.2,11.1,0,23.2,62.6,0,53.9,41.67,Defaulter
STU0003,Male,22,Computer Engineering,Third Year,Fifth Semester,Data Structures & Algorithms,Period_2,8,4,45.15,61.8,1.4,11.1,0,23.2,60.3,1,68.3,50.0,Defaulter
STU0003,Male,22,Computer Engineering,Third Year,Fifth Semester,Data Structures & Algorithms,Period_3,11,7,45.15,61.8,7.0,11.1,1,23.2,59.1,0,89.9,63.64,Defaulter
STU0003,Male,22,Computer Engineering,Third Year,Fifth Semester,Data Structures & Algorithms,Period_4,12,2,45.15,61.8,0.0,11.1,1,23.2,63.5,1,65.0,16.67,Defaulter
STU0003,Male,22,Computer Engineering,Third Year,Fifth Semester,Database Management Systems,Period_1,11,3,45.27,44.9,6.5,11.1,2,23.2,56.6,1,66.4,27.27,Defaulter
STU0003,Male,22,Computer Engineering,Third Year,Fifth Semester,Database Management Systems,Period_2,9,5,45.27,44.9,5.7,11.1,0,23.2,63.9,2,85.8,55.56,Defaulter
STU0003,Male,22,Computer Engineering,Third Year,Fifth Semester,Database Management Systems,Period_3,10,4,45.27,44.9,9.3,11.1,0,23.2,60.8,1,56.1,40.0,Defaulter
STU0003,Male,22,Computer Engineering,Third Year,Fifth Semester,Database Management Systems,Period_4,12,5,45.27,44.9,6.8,11.1,1,23.2,61.7,2,70.1,41.67,Defaulter
STU0003,Male,22,Computer Engineering,Third Year,Fifth Semester,Software Engineering,Period_1,8,5,52.38,60.2,12.8,11.1,0,23.2,57.3,1,43.5,62.5,Defaulter
STU0003,Male,22,Computer Engineering,Third Year,Fifth Semester,Software Engineering,Period_2,11,4,52.38,60.2,6.8,11.1,0,23.2,61.4,0,79.9,36.36,Defaulter
STU0003,Male,22,Computer Engineering,Third Year,Fifth Semester,Software Engineering,Period_3,12,7,52.38,60.2,13.0,11.1,3,23.2,61.9,3,62.0,58.33,Defaulter
STU0003,Male,22,Computer Engineering,Third Year,Fifth Semester,Software Engineering,Period_4,12,5,52.38,60.2,7.5,11.1,1,23.2,60.7,3,81.2,41.67,Defaulter
STU0003,Male,22,Computer Engineering,Third Year,Fifth Semester,Theory of Computation,Period_1,11,5,44.8,62.8,7.8,11.1,1,23.2,56.1,2,63.4,45.45,Defaulter
STU0003,Male,22,Computer Engineering,Third Year,Fifth Semester,Theory of Computation,Period_2,8,4,44.8,62.8,10.9,11.1,0,23.2,62.3,1,76.0,50.0,Defaulter
STU0003,Male,22,Computer Engineering,Third Year,Fifth Semester,Theory of Computation,Period_3,12,6,44.8,62.8,7.8,11.1,1,23.2,62.7,3,75.6,50.0,Defaulter
STU0003,Male,22,Computer Engineering,Third Year,Fifth Semester,Theory of Computation,Period_4,10,5,44.8,62.8,9.5,11.1,1,23.2,60.4,1,80.1,50.0,Defaulter
STU0004,Male,21,Computer Engineering,Third Year,Fifth Semester,Computer Networks,Period_1,9,9,71.88,67.4,17.6,16.0,0,28.7,84.9,4,67.4,100.0,Regular
STU0004,Male,21,Computer Engineering,Third Year,Fifth Semester,Computer Networks,Period_2,11,8,71.88,67.4,13.2,16.0,2,28.7,81.0,1,61.3,72.73,Defaulter
STU0004,Male,21,Computer Engineering,Third Year,Fifth Semester,Computer Networks,Period_3,12,10,71.88,67.4,13.5,16.0,0,28.7,83.1,3,61.0,83.33,Regular
STU0004,Male,21,Computer Engineering,Third Year,Fifth Semester,Computer Networks,Period_4,8,6,71.88,67.4,13.5,16.0,2,28.7,76.5,1,65.9,75.0,Regular
STU0004,Male,21,Computer Engineering,Third Year,Fifth Semester,Data Structures & Algorithms,Period_1,10,8,68.19,60.6,10.6,16.0,4,28.7,82.2,1,72.4,80.0,Regular
STU0004,Male,21,Computer Engineering,Third Year,Fifth Semester,Data Structures & Algorithms,Period_2,12,9,68.19,60.6,15.3,16.0,1,28.7,77.8,2,69.0,75.0,Regular
STU0004,Male,21,Computer Engineering,Third Year,Fifth Semester,Data Structures & Algorithms,Period_3,10,9,68.19,60.6,15.9,16.0,1,28.7,85.0,2,73.6,90.0,Regular
STU0004,Male,21,Computer Engineering,Third Year,Fifth Semester,Data Structures & Algorithms,Period_4,11,11,68.19,60.6,15.7,16.0,1,28.7,81.2,0,76.9,100.0,Regular
STU0004,Male,21,Computer Engineering,Third Year,Fifth Semester,Database Management Systems,Period_1,10,6,74.3,65.1,13.4,16.0,1,28.7,82.5,5,95.3,60.0,Defaulter
STU0004,Male,21,Computer Engineering,Third Year,Fifth Semester,Database Management Systems,Period_2,8,7,74.3,65.1,20.7,16.0,1,28.7,77.7,0,78.3,87.5,Regular
STU0004,Male,21,Computer Engineering,Third Year,Fifth Semester,Database Management Systems,Period_3,9,5,74.3,65.1,6.8,16.0,1,28.7,84.4,4,71.3,55.56,Defaulter
STU0004,Male,21,Computer Engineering,Third Year,Fifth Semester,Database Management Systems,Period_4,11,8,74.3,65.1,14.5,16.0,0,28.7,78.8,0,70.0,72.73,Defaulter
STU0004,Male,21,Computer Engineering,Third Year,Fifth Semester,Software Engineering,Period_1,11,7,76.47,68.2,8.6,16.0,0,28.7,79.5,1,84.2,63.64,Defaulter
STU0004,Male,21,Computer Engineering,Third Year,Fifth Semester,Software Engineering,Period_2,12,9,76.47,68.2,10.6,16.0,0,28.7,74.3,0,41.0,75.0,Regular
STU0004,Male,21,Computer Engineering,Third Year,Fifth Semester,Software Engineering,Period_3,10,9,76.47,68.2,16.0,16.0,3,28.7,82.7,1,60.8,90.0,Regular
STU0004,Male,21,Computer Engineering,Third Year,Fifth Semester,Software Engineering,Period_4,8,6,76.47,68.2,11.3,16.0,2,28.7,81.1,2,57.3,75.0,Regular
STU0004,Male,21,Computer Engineering,Third Year,Fifth Semester,Theory of Computation,Period_1,9,9,66.63,60.6,16.4,16.0,0,28.7,80.7,2,54.0,100.0,Regular
STU0004,Male,21,Computer Engineering,Third Year,Fifth Semester,Theory of Computation,Period_2,12,7,66.63,60.6,7.5,16.0,1,28.7,78.6,1,83.7,58.33,Defaulter
STU0004,Male,21,Computer Engineering,Third Year,Fifth Semester,Theory of Computation,Period_3,12,9,66.63,60.6,8.0,16.0,2,28.7,86.9,4,100.0,75.0,Regular
STU0004,Male,21,Computer Engineering,Third Year,Fifth Semester,Theory of Computation,Period_4,8,5,66.63,60.6,7.5,16.0,0,28.7,79.5,0,48.8,62.5,Defaulter
STU0005,Male,21,Computer Engineering,Third Year,Fifth Semester,Computer Networks,Period_1,11,9,86.81,58.7,8.5,15.1,0,3.8,72.6,2,68.0,81.82,Regular
STU0005,Male,21,Computer Engineering,Third Year,Fifth Semester,Computer Networks,Period_2,11,6,86.81,58.7,5.5,15.1,2,3.8,78.5,1,80.5,54.55,Defaulter
STU0005,Male,21,Computer Engineering,Third Year,Fifth Semester,Computer Networks,Period_3,12,8,86.81,58.7,13.7,15.1,0,3.8,73.1,3,58.3,66.67,Defaulter
STU0005,Male,21,Computer Engineering,Third Year,Fifth Semester,Computer Networks,Period_4,11,8,86.81,58.7,12.1,15.1,2,3.8,71.8,0,100.0,72.73,Defaulter
STU0005,Male,21,Computer Engineering,Third Year,Fifth Semester,Data Structures & Algorithms,Period_1,12,11,82.47,72.5,12.5,15.1,0,3.8,65.0,2,63.4,91.67,Regular
STU0005,Male,21,Computer Engineering,Third Year,Fifth Semester,Data Structures & Algorithms,Period_2,8,6,82.47,72.5,7.3,15.1,1,3.8,70.3,3,82.4,75.0,Regular
STU0005,Male,21,Computer Engineering,Third Year,Fifth Semester,Data Structures & Algorithms,Period_3,10,7,82.47,72.5,16.6,15.1,1,3.8,72.4,2,56.6,70.0,Defaulter
STU0005,Male,21,Computer Engineering,Third Year,Fifth Semester,Data Structures & Algorithms,Period_4,8,7,82.47,72.5,18.1,15.1,0,3.8,75.3,4,60.4,87.5,Regular
STU0005,Male,21,Computer Engineering,Third Year,Fifth Semester,Database Management Systems,Period_1,9,5,81.02,64.1,1.9,15.1,1,3.8,70.9,3,83.2,55.56,Defaulter
STU0005,Male,21,Computer Engineering,Third Year,Fifth Semester,Database Management Systems,Period_2,11,8,81.02,64.1,11.5,15.1,1,3.8,70.6,3,54.6,72.73,Defaulter
STU0005,Male,21,Computer Engineering,Third Year,Fifth Semester,Database Management Systems,Period_3,10,5,81.02,64.1,11.5,15.1,1,3.8,66.9,3,64.4,50.0,Defaulter
STU0005,Male,21,Computer Engineering,Third Year,Fifth Semester,Database Management Systems,Period_4,9,8,81.02,64.1,13.3,15.1,0,3.8,65.9,2,76.0,88.89,Regular
STU0005,Male,21,Computer Engineering,Third Year,Fifth Semester,Software Engineering,Period_1,11,7,82.69,64.5,16.2,15.1,0,3.8,68.7,0,62.1,63.64,Defaulter
STU0005,Male,21,Computer Engineering,Third Year,Fifth Semester,Software Engineering,Period_2,12,10,82.69,64.5,16.0,15.1,1,3.8,65.7,1,100.0,83.33,Regular
STU0005,Male,21,Computer Engineering,Third Year,Fifth Semester,Software Engineering,Period_3,11,10,82.69,64.5,13.0,15.1,0,3.8,69.8,2,66.5,90.91,Regular
STU0005,Male,21,Computer Engineering,Third Year,Fifth Semester,Software Engineering,Period_4,12,10,82.69,64.5,20.6,15.1,2,3.8,69.6,1,81.9,83.33,Regular
STU0005,Male,21,Computer Engineering,Third Year,Fifth Semester,Theory of Computation,Period_1,12,9,75.84,61.2,12.0,15.1,0,3.8,67.0,2,76.0,75.0,Regular
STU0005,Male,21,Computer Engineering,Third Year,Fifth Semester,Theory of Computation,Period_2,10,9,75.84,61.2,21.2,15.1,5,3.8,69.4,5,24.1,90.0,Regular
STU0005,Male,21,Computer Engineering,Third Year,Fifth Semester,Theory of Computation,Period_3,12,7,75.84,61.2,10.9,15.1,0,3.8,67.7,0,75.4,58.33,Defaulter
STU0005,Male,21,Computer Engineering,Third Year,Fifth Semester,Theory of Computation,Period_4,9,6,75.84,61.2,17.9,15.1,0,3.8,76.0,0,40.1,66.67,Defaulter
STU0006,Male,23,Computer Engineering,Third Year,Fifth Semester,Computer Networks,Period_1,12,6,76.69,61.5,9.8,10.8,2,1.2,57.8,6,89.2,50.0,Defaulter
STU0006,Male,23,Computer Engineering,Third Year,Fifth Semester,Computer Networks,Period_2,9,4,76.69,61.5,10.5,10.8,1,1.2,60.5,2,54.6,44.44,Defaulter
STU0006,Male,23,Computer Engineering,Third Year,Fifth Semester,Computer Networks,Period_3,8,5,76.69,61.5,17.3,10.8,1,1.2,57.6,1,91.8,62.5,Defaulter
STU0006,Male,23,Computer Engineering,Third Year,Fifth Semester,Computer Networks,Period_4,12,6,76.69,61.5,5.8,10.8,0,1.2,56.6,1,58.4,50.0,Defaulter
STU0006,Male,23,Computer Engineering,Third Year,Fifth Semester,Data Structures & Algorithms,Period_1,10,8,66.35,43.9,14.1,10.8,2,1.2,62.6,2,47.7,80.0,Regular
STU0006,Male,23,Computer Engineering,Third Year,Fifth Semester,Data Structures & Algorithms,Period_2,10,7,66.35,43.9,13.8,10.8,3,1.2,58.0,0,78.2,70.0,Defaulter
STU0006,Male,23,Computer Engineering,Third Year,Fifth Semester,Data Structures & Algorithms,Period_3,11,10,66.35,43.9,15.9,10.8,2,1.2,61.3,3,77.4,90.91,Regular
STU0006,Male,23,Computer Engineering,Third Year,Fifth Semester,Data Structures & Algorithms,Period_4,11,8,66.35,43.9,7.9,10.8,1,1.2,58.3,1,88.0,72.73,Defaulter
STU0006,Male,23,Computer Engineering,Third Year,Fifth Semester,Database Management Systems,Period_1,11,11,57.03,50.7,12.2,10.8,0,1.2,58.6,1,79.0,100.0,Regular
STU0006,Male,23,Computer Engineering,Third Year,Fifth Semester,Database Management Systems,Period_2,9,7,57.03,50.7,17.1,10.8,0,1.2,56.5,2,72.9,77.78,Regular
STU0006,Male,23,Computer Engineering,Third Year,Fifth Semester,Database Management Systems,Period_3,9,6,57.03,50.7,7.7,10.8,0,1.2,56.4,4,60.9,66.67,Defaulter
STU0006,Male,23,Computer Engineering,Third Year,Fifth Semester,Database Management Systems,Period_4,8,7,57.03,50.7,17.1,10.8,1,1.2,58.5,2,72.1,87.5,Regular
STU0006,Male,23,Computer Engineering,Third Year,Fifth Semester,Software Engineering,Period_1,10,6,63.14,38.5,12.3,10.8,1,1.2,62.1,3,88.1,60.0,Defaulter
STU0006,Male,23,Computer Engineering,Third Year,Fifth Semester,Software Engineering,Period_2,11,6,63.14,38.5,8.6,10.8,1,1.2,58.2,3,66.0,54.55,Defaulter
STU0006,Male,23,Computer Engineering,Third Year,Fifth Semester,Software Engineering,Period_3,9,6,63.14,38.5,14.1,10.8,0,1.2,58.4,2,79.2,66.67,Defaulter
STU0006,Male,23,Computer Engineering,Third Year,Fifth Semester,Software Engineering,Period_4,8,7,63.14,38.5,20.5,10.8,3,1.2,54.6,0,87.2,87.5,Regular
STU0006,Male,23,Computer Engineering,Third Year,Fifth Semester,Theory of Computation,Period_1,8,5,70.29,38.8,14.3,10.8,1,1.2,54.9,1,56.9,62.5,Defaulter
STU0006,Male,23,Computer Engineering,Third Year,Fifth Semester,Theory of Computation,Period_2,11,7,70.29,38.8,8.9,10.8,1,1.2,59.3,2,66.5,63.64,Defaulter
STU0006,Male,23,Computer Engineering,Third Year,Fifth Semester,Theory of Computation,Period_3,10,6,70.29,38.8,5.8,10.8,0,1.2,57.8,2,89.0,60.0,Defaulter
STU0006,Male,23,Computer Engineering,Third Year,Fifth Semester,Theory of Computation,Period_4,9,7,70.29,38.8,11.2,10.8,1,1.2,56.9,1,54.2,77.78,Regular
STU0007,Male,19,Computer Engineering,Third Year,Fifth Semester,Computer Networks,Period_1,8,6,53.16,48.8,13.9,11.7,3,3.9,69.1,4,84.6,75.0,Regular
STU0007,Male,19,Computer Engineering,Third Year,Fifth Semester,Computer Networks,Period_2,12,7,53.16,48.8,7.2,11.7,0,3.9,74.7,0,93.6,58.33,Defaulter
STU0007,Male,19,Computer Engineering,Third Year,Fifth Semester,Computer Networks,Period_3,11,8,53.16,48.8,10.0,11.7,0,3.9,71.3,2,57.6,72.73,Defaulter
STU0007,Male,19,Computer Engineering,Third Year,Fifth Semester,Computer Networks,Period_4,9,5,53.16,48.8,7.7,11.7,0,3.9,69.7,3,71.1,55.56,Defaulter
STU0007,Male,19,Computer Engineering,Third Year,Fifth Semester,Data Structures & Algorithms,Period_1,11,7,57.13,56.9,15.8,11.7,1,3.9,68.7,5,80.4,63.64,Defaulter
STU0007,Male,19,Computer Engineering,Third Year,Fifth Semester,Data Structures & Algorithms,Period_2,8,5,57.13,56.9,10.8,11.7,1,3.9,72.5,3,63.8,62.5,Defaulter
STU0007,Male,19,Computer Engineering,Third Year,Fifth Semester,Data Structures & Algorithms,Period_3,11,7,57.13,56.9,4.4,11.7,3,3.9,73.2,3,73.6,63.64,Defaulter
STU0007,Male,19,Computer Engineering,Third Year,Fifth Semester,Data Structures & Algorithms,Period_4,8,5,57.13,56.9,8.5,11.7,2,3.9,74.3,2,85.8,62.5,Defaulter
STU0007,Male,19,Computer Engineering,Third Year,Fifth Semester,Database Management Systems,Period_1,10,5,57.86,52.6,6.8,11.7,1,3.9,75.8,2,67.7,50.0,Defaulter
STU0007,Male,19,Computer Engineering,Third Year,Fifth Semester,Database Management Systems,Period_2,9,5,57.86,52.6,3.7,11.7,3,3.9,73.8,2,42.2,55.56,Defaulter
STU0007,Male,19,Computer Engineering,Third Year,Fifth Semester,Database Management Systems,Period_3,9,5,57.86,52.6,10.6,11.7,2,3.9,71.5,2,67.4,55.56,Defaulter
STU0007,Male,19,Computer Engineering,Third Year,Fifth Semester,Database Management Systems,Period_4,12,4,57.86,52.6,8.6,11.7,0,3.9,76.3,4,48.6,33.33,Defaulter
STU0007,Male,19,Computer Engineering,Third Year,Fifth Semester,Software Engineering,Period_1,9,5,62.67,59.9,10.4,11.7,0,3.9,73.2,5,74.4,55.56,Defaulter
STU0007,Male,19,Computer Engineering,Third Year,Fifth Semester,Software Engineering,Period_2,11,7,62.67,59.9,9.6,11.7,3,3.9,70.6,2,80.3,63.64,Defaulter
STU0007,Male,19,Computer Engineering,Third Year,Fifth Semester,Software Engineering,Period_3,9,7,62.67,59.9,20.2,11.7,3,3.9,73.9,2,71.4,77.78,Regular
STU0007,Male,19,Computer Engineering,Third Year,Fifth Semester,Software Engineering,Period_4,9,5,62.67,59.9,15.9,11.7,0,3.9,68.7,1,84.1,55.56,Defaulter
STU0007,Male,19,Computer Engineering,Third Year,Fifth Semester,Theory of Computation,Period_1,11,6,57.5,49.1,9.2,11.7,0,3.9,71.8,1,100.0,54.55,Defaulter
STU0007,Male,19,Computer Engineering,Third Year,Fifth Semester,Theory of Computation,Period_2,8,5,57.5,49.1,6.1,11.7,1,3.9,75.6,3,93.4,62.5,Defaulter
STU0007,Male,19,Computer Engineering,Third Year,Fifth Semester,Theory of Computation,Period_3,10,3,57.5,49.1,1.5,11.7,1,3.9,68.2,2,86.2,30.0,Defaulter
STU0007,Male,19,Computer Engineering,Third Year,Fifth Semester,Theory of Computation,Period_4,10,6,57.5,49.1,11.9,11.7,2,3.9,71.9,1,61.0,60.0,Defaulter
STU0008,Male,22,Computer Engineering,Third Year,Fifth Semester,Computer Networks,Period_1,10,4,57.9,43.7,3.1,8.2,1,8.6,58.7,1,56.2,40.0,Defaulter
STU0008,Male,22,Computer Engineering,Third Year,Fifth Semester,Computer Networks,Period_2,9,3,57.9,43.7,12.4,8.2,1,8.6,55.1,1,49.6,33.33,Defaulter
STU0008,Male,22,Computer Engineering,Third Year,Fifth Semester,Computer Networks,Period_3,8,2,57.9,43.7,3.0,8.2,0,8.6,55.0,2,100.0,25.0,Defaulter
STU0008,Male,22,Computer Engineering,Third Year,Fifth Semester,Computer Networks,Period_4,11,6,57.9,43.7,2.7,8.2,3,8.6,52.9,2,72.6,54.55,Defaulter
STU0008,Male,22,Computer Engineering,Third Year,Fifth Semester,Data Structures & Algorithms,Period_1,8,3,40.83,23.9,5.2,8.2,0,8.6,56.8,1,65.2,37.5,Defaulter
STU0008,Male,22,Computer Engineering,Third Year,Fifth Semester,Data Structures & Algorithms,Period_2,11,6,40.83,23.9,7.1,8.2,0,8.6,56.8,1,47.6,54.55,Defaulter
STU0008,Male,22,Computer Engineering,Third Year,Fifth Semester,Data Structures & Algorithms,Period_3,11,7,40.83,23.9,15.6,8.2,1,8.6,55.5,1,64.1,63.64,Defaulter
STU0008,Male,22,Computer Engineering,Third Year,Fifth Semester,Data Structures & Algorithms,Period_4,10,6,40.83,23.9,8.6,8.2,3,8.6,49.9,1,92.8,60.0,Defaulter
STU0008,Male,22,Computer Engineering,Third Year,Fifth Semester,Database Management Systems,Period_1,10,5,55.07,58.5,1.0,8.2,2,8.6,51.4,2,57.5,50.0,Defaulter
STU0008,Male,22,Computer Engineering,Third Year,Fifth Semester,Database Management Systems,Period_2,11,3,55.07,58.5,3.8,8.2,0,8.6,53.1,2,52.8,27.27,Defaulter
STU0008,Male,22,Computer Engineering,Third Year,Fifth Semester,Database Management Systems,Period_3,10,6,55.07,58.5,10.3,8.2,2,8.6,58.4,5,23.3,60.0,Defaulter
STU0008,Male,22,Computer Engineering,Third Year,Fifth Semester,Database Management Systems,Period_4,9,1,55.07,58.5,0.0,8.2,1,8.6,49.0,1,86.4,11.11,Defaulter
STU0008,Male,22,Computer Engineering,Third Year,Fifth Semester,Software Engineering,Period_1,11,5,46.28,66.4,9.9,8.2,0,8.6,58.4,2,52.2,45.45,Defaulter
STU0008,Male,22,Computer Engineering,Third Year,Fifth Semester,Software Engineering,Period_2,8,5,46.28,66.4,6.2,8.2,2,8.6,55.3,0,95.4,62.5,Defaulter
STU0008,Male,22,Computer Engineering,Third Year,Fifth Semester,Software Engineering,Period_3,11,5,46.28,66.4,10.5,8.2,3,8.6,55.4,3,28.4,45.45,Defaulter
STU0008,Male,22,Computer Engineering,Third Year,Fifth Semester,Software Engineering,Period_4,10,4,46.28,66.4,12.4,8.2,0,8.6,57.0,1,71.8,40.0,Defaulter
STU0008,Male,22,Computer Engineering,Third Year,Fifth Semester,Theory of Computation,Period_1,8,4,48.1,41.9,10.0,8.2,0,8.6,55.1,2,65.1,50.0,Defaulter
STU0008,Male,22,Computer Engineering,Third Year,Fifth Semester,Theory of Computation,Period_2,11,8,48.1,41.9,7.7,8.2,1,8.6,56.3,0,95.2,72.73,Defaulter
STU0008,Male,22,Computer Engineering,Third Year,Fifth Semester,Theory of Computation,Period_3,9,4,48.1,41.9,8.1,8.2,1,8.6,52.5,0,73.2,44.44,Defaulter
STU0008,Male,22,Computer Engineering,Third Year,Fifth Semester,Theory of Computation,Period_4,9,4,48.1,41.9,2.6,8.2,2,8.6,54.5,2,74.9,44.44,Defaulter
STU0009,Male,20,Computer Engineering,Third Year,Fifth Semester,Computer Networks,Period_1,12,7,55.16,54.3,10.9,9.8,2,3.1,69.1,2,69.6,58.33,Defaulter
STU0009,Male,20,Computer Engineering,Third Year,Fifth Semester,Computer Networks,Period_2,10,8,55.16,54.3,12.3,9.8,1,3.1,69.2,4,64.4,80.0,Regular
STU0009,Male,20,Computer Engineering,Third Year,Fifth Semester,Computer Networks,Period_3,10,6,55.16,54.3,15.8,9.8,0,3.1,66.3,1,76.3,60.0,Defaulter
STU0009,Male,20,Computer Engineering,Third Year,Fifth Semester,Computer Networks,Period_4,8,4,55.16,54.3,5.2,9.8,1,3.1,66.0,1,81.7,50.0,Defaulter
STU0009,Male,20,Computer Engineering,Third Year,Fifth Semester,Data Structures & Algorithms,Period_1,10,6,50.54,59.3,14.5,9.8,0,3.1,70.5,2,54.1,60.0,Defaulter
STU0009,Male,20,Computer Engineering,Third Year,Fifth Semester,Data Structures & Algorithms,Period_2,11,7,50.54,59.3,11.9,9.8,0,3.1,72.0,0,50.4,63.64,Defaulter
STU0009,Male,20,Computer Engineering,Third Year,Fifth Semester,Data Structures & Algorithms,Period_3,12,7,50.54,59.3,12.8,9.8,3,3.1,67.6,2,76.1,58.33,Defaulter
STU0009,Male,20,Computer Engineering,Third Year,Fifth Semester,Data Structures & Algorithms,Period_4,9,5,50.54,59.3,13.9,9.8,0,3.1,62.6,2,47.5,55.56,Defaulter
STU0009,Male,20,Computer Engineering,Third Year,Fifth Semester,Database Management Systems,Period_1,9,5,51.94,49.9,10.2,9.8,0,3.1,65.0,1,76.2,55.56,Defaulter
STU0009,Male,20,Computer Engineering,Third Year,Fifth Semester,Database Management Systems,Period_2,8,4,51.94,49.9,13.1,9.8,2,3.1,71.0,3,72.1,50.0,Defaulter
STU0009,Male,20,Computer Engineering,Third Year,Fifth Semester,Database Management Systems,Period_3,8,5,51.94,49.9,14.7,9.8,1,3.1,70.8,2,58.6,62.5,Defaulter
STU0009,Male,20,Computer Engineering,Third Year,Fifth Semester,Database Management Systems,Period_4,11,6,51.94,49.9,7.8,9.8,2,3.1,71.2,1,77.9,54.55,Defaulter
STU0009,Male,20,Computer Engineering,Third Year,Fifth Semester,Software Engineering,Period_1,12,5,57.62,56.6,7.6,9.8,1,3.1,66.1,1,66.6,41.67,Defaulter
STU0009,Male,20,Computer Engineering,Third Year,Fifth Semester,Software Engineering,Period_2,8,4,57.62,56.6,8.3,9.8,1,3.1,70.9,4,63.1,50.0,Defaulter
STU0009,Male,20,Computer Engineering,Third Year,Fifth Semester,Software Engineering,Period_3,10,7,57.62,56.6,19.7,9.8,1,3.1,68.8,4,57.7,70.0,Defaulter
STU0009,Male,20,Computer Engineering,Third Year,Fifth Semester,Software Engineering,Period_4,12,5,57.62,56.6,3.1,9.8,0,3.1,69.3,1,100.0,41.67,Defaulter
STU0009,Male,20,Computer Engineering,Third Year,Fifth Semester,Theory of Computation,Period_1,9,5,46.25,51.6,6.8,9.8,1,3.1,72.4,0,54.9,55.56,Defaulter
STU0009,Male,20,Computer Engineering,Third Year,Fifth Semester,Theory of Computation,Period_2,8,5,46.25,51.6,13.7,9.8,0,3.1,66.3,0,42.7,62.5,Defaulter
STU0009,Male,20,Computer Engineering,Third Year,Fifth Semester,Theory of Computation,Period_3,9,4,46.25,51.6,3.7,9.8,1,3.1,70.3,2,78.1,44.44,Defaulter
STU0009,Male,20,Computer Engineering,Third Year,Fifth Semester,Theory of Computation,Period_4,9,4,46.25,51.6,16.5,9.8,1,3.1,74.5,3,62.5,44.44,Defaulter
STU0010,Female,19,Computer Engineering,Third Year,Fifth Semester,Computer Networks,Period_1,11,6,40.0,56.2,17.6,13.3,2,4.8,65.0,1,91.9,54.55,Defaulter
STU0010,Female,19,Computer Engineering,Third Year,Fifth Semester,Computer Networks,Period_2,10,6,40.0,56.2,12.3,13.3,0,4.8,66.1,1,65.7,60.0,Defaulter
STU0010,Female,19,Computer Engineering,Third Year,Fifth Semester,Computer Networks,Period_3,10,7,40.0,56.2,12.6,13.3,0,4.8,69.2,0,34.5,70.0,Defaulter
STU0010,Female,19,Computer Engineering,Third Year,Fifth Semester,Computer Networks,Period_4,9,5,40.0,56.2,14.0,13.3,1,4.8,63.3,0,69.5,55.56,Defaulter
STU0010,Female,19,Computer Engineering,Third Year,Fifth Semester,Data Structures & Algorithms,Period_1,12,9,61.04,49.8,9.8,13.3,0,4.8,68.5,2,65.1,75.0,Regular
STU0010,Female,19,Computer Engineering,Third Year,Fifth Semester,Data Structures & Algorithms,Period_2,9,4,61.04,49.8,2.4,13.3,0,4.8,62.6,1,44.7,44.44,Defaulter
STU0010,Female,19,Computer Engineering,Third Year,Fifth Semester,Data Structures & Algorithms,Period_3,12,9,61.04,49.8,9.4,13.3,1,4.8,65.5,2,75.3,75.0,Regular
STU0010,Female,19,Computer Engineering,Third Year,Fifth Semester,Data Structures & Algorithms,Period_4,8,6,61.04,49.8,15.7,13.3,1,4.8,67.2,1,77.6,75.0,Regular
STU0010,Female,19,Computer Engineering,Third Year,Fifth Semester,Database Management Systems,Period_1,12,6,61.9,58.4,10.7,13.3,0,4.8,55.6,1,72.0,50.0,Defaulter
STU0010,Female,19,Computer Engineering,Third Year,Fifth Semester,Database Management Systems,Period_2,10,4,61.9,58.4,14.7,13.3,1,4.8,65.9,3,77.3,40.0,Defaulter
STU0010,Female,19,Computer Engineering,Third Year,Fifth Semester,Database Management Systems,Period_3,9,8,61.9,58.4,19.9,13.3,0,4.8,63.5,1,89.2,88.89,Regular
STU0010,Female,19,Computer Engineering,Third Year,Fifth Semester,Database Management Systems,Period_4,12,9,61.9,58.4,17.2,13.3,2,4.8,62.1,0,62.2,75.0,Regular
STU0010,Female,19,Computer Engineering,Third Year,Fifth Semester,Software Engineering,Period_1,8,5,40.57,65.6,10.9,13.3,2,4.8,68.2,3,80.7,62.5,Defaulter
STU0010,Female,19,Computer Engineering,Third Year,Fifth Semester,Software Engineering,Period_2,11,6,40.57,65.6,2.0,13.3,0,4.8,61.3,1,55.8,54.55,Defaulter
STU0010,Female,19,Computer Engineering,Third Year,Fifth Semester,Software Engineering,Period_3,8,4,40.57,65.6,6.4,13.3,2,4.8,65.7,4,43.6,50.0,Defaulter
STU0010,Female,19,Computer Engineering,Third Year,Fifth Semester,Software Engineering,Period_4,8,4,40.57,65.6,0.0,13.3,1,4.8,68.1,1,46.9,50.0,Defaulter
STU0010,Female,19,Computer Engineering,Third Year,Fifth Semester,Theory of Computation,Period_1,9,6,58.24,88.2,15.4,13.3,2,4.8,61.9,0,83.0,66.67,Defaulter
STU0010,Female,19,Computer Engineering,Third Year,Fifth Semester,Theory of Computation,Period_2,8,4,58.24,88.2,6.2,13.3,0,4.8,65.3,5,35.0,50.0,Defaulter
STU0010,Female,19,Computer Engineering,Third Year,Fifth Semester,Theory of Computation,Period_3,11,8,58.24,88.2,19.4,13.3,2,4.8,63.6,2,87.9,72.73,Defaulter
STU0010,Female,19,Computer Engineering,Third Year,Fifth Semester,Theory of Computation,Period_4,9,4,58.24,88.2,11.2,13.3,0,4.8,63.7,1,95.5,44.44,Defaulter
STU0011,Male,21,Computer Engineering,Third Year,Fifth Semester,Computer Networks,Period_1,11,7,76.85,55.5,15.8,13.9,1,14.7,71.1,3,74.0,63.64,Defaulter
STU0011,Male,21,Computer Engineering,Third Year,Fifth Semester,Computer Networks,Period_2,9,7,76.85,55.5,18.9,13.9,2,14.7,68.7,2,97.3,77.78,Regular
STU0011,Male,21,Computer Engineering,Third Year,Fifth Semester,Computer Networks,Period_3,8,6,76.85,55.5,11.2,13.9,2,14.7,67.5,3,78.7,75.0,Regular
STU0011,Male,21,Computer Engineering,Third Year,Fifth Semester,Computer Networks,Period_4,12,6,76.85,55.5,16.6,13.9,0,14.7,71.3,0,64.1,50.0,Defaulter
STU0011,Male,21,Computer Engineering,Third Year,Fifth Semester,Data Structures & Algorithms,Period_1,9,7,80.64,55.0,4.7,13.9,2,14.7,71.5,0,71.6,77.78,Regular
STU0011,Male,21,Computer Engineering,Third Year,Fifth Semester,Data Structures & Algorithms,Period_2,9,9,80.64,55.0,15.7,13.9,1,14.7,65.0,0,86.4,100.0,Regular
STU0011,Male,21,Computer Engineering,Third Year,Fifth Semester,Data Structures & Algorithms,Period_3,12,8,80.64,55.0,8.2,13.9,0,14.7,68.3,3,67.9,66.67,Defaulter
STU0011,Male,21,Computer Engineering,Third Year,Fifth Semester,Data Structures & Algorithms,Period_4,9,7,80.64,55.0,10.1,13.9,0,14.7,70.4,2,62.7,77.78,Regular
STU0011,Male,21,Computer Engineering,Third Year,Fifth Semester,Database Management Systems,Period_1,12,9,76.88,57.1,10.2,13.9,1,14.7,64.3,2,39.3,75.0,Regular
STU0011,Male,21,Computer Engineering,Third Year,Fifth Semester,Database Management Systems,Period_2,8,4,76.88,57.1,8.4,13.9,0,14.7,72.1,1,63.0,50.0,Defaulter
STU0011,Male,21,Computer Engineering,Third Year,Fifth Semester,Database Management Systems,Period_3,12,9,76.88,57.1,11.7,13.9,0,14.7,73.5,6,65.5,75.0,Regular
STU0011,Male,21,Computer Engineering,Third Year,Fifth Semester,Database Management Systems,Period_4,9,5,76.88,57.1,10.9,13.9,1,14.7,68.1,2,92.0,55.56,Defaulter
STU0011,Male,21,Computer Engineering,Third Year,Fifth Semester,Software Engineering,Period_1,10,7,87.06,68.9,12.3,13.9,1,14.7,65.1,1,92.0,70.0,Defaulter
STU0011,Male,21,Computer Engineering,Third Year,Fifth Semester,Software Engineering,Period_2,10,8,87.06,68.9,14.1,13.9,2,14.7,63.3,6,81.4,80.0,Regular
STU0011,Male,21,Computer Engineering,Third Year,Fifth Semester,Software Engineering,Period_3,8,7,87.06,68.9,16.9,13.9,1,14.7,71.6,2,73.3,87.5,Regular
STU0011,Male,21,Computer Engineering,Third Year,Fifth Semester,Software Engineering,Period_4,10,6,87.06,68.9,6.8,13.9,1,14.7,66.9,2,60.4,60.0,Defaulter
STU0011,Male,21,Computer Engineering,Third Year,Fifth Semester,Theory of Computation,Period_1,8,6,67.35,74.0,14.1,13.9,1,14.7,70.0,2,79.8,75.0,Regular
STU0011,Male,21,Computer Engineering,Third Year,Fifth Semester,Theory of Computation,Period_2,10,8,67.35,74.0,16.0,13.9,1,14.7,74.2,1,65.0,80.0,Regular
STU0011,Male,21,Computer Engineering,Third Year,Fifth Semester,Theory of Computation,Period_3,12,9,67.35,74.0,6.8,13.9,2,14.7,72.4,2,83.4,75.0,Regular
STU0011,Male,21,Computer Engineering,Third Year,Fifth Semester,Theory of Computation,Period_4,9,8,67.35,74.0,17.4,13.9,2,14.7,69.5,3,41.0,88.89,Regular
STU0012,Female,23,Computer Engineering,Third Year,Fifth Semester,Computer Networks,Period_1,10,9,85.24,56.0,21.8,15.1,2,0.7,87.1,2,52.2,90.0,Regular
STU0012,Female,23,Computer Engineering,Third Year,Fifth Semester,Computer Networks,Period_2,12,12,85.24,56.0,18.8,15.1,3,0.7,81.2,2,68.8,100.0,Regular
STU0012,Female,23,Computer Engineering,Third Year,Fifth Semester,Computer Networks,Period_3,11,10,85.24,56.0,16.8,15.1,0,0.7,85.1,0,52.6,90.91,Regular
STU0012,Female,23,Computer Engineering,Third Year,Fifth Semester,Computer Networks,Period_4,11,11,85.24,56.0,11.1,15.1,2,0.7,80.7,3,51.3,100.0,Regular
STU0012,Female,23,Computer Engineering,Third Year,Fifth Semester,Data Structures & Algorithms,Period_1,9,9,81.2,59.5,14.9,15.1,1,0.7,84.1,2,61.2,100.0,Regular
STU0012,Female,23,Computer Engineering,Third Year,Fifth Semester,Data Structures & Algorithms,Period_2,10,10,81.2,59.5,23.9,15.1,1,0.7,88.2,3,88.2,100.0,Regular
STU0012,Female,23,Computer Engineering,Third Year,Fifth Semester,Data Structures & Algorithms,Period_3,10,9,81.2,59.5,18.9,15.1,1,0.7,89.5,3,67.5,90.0,Regular
STU0012,Female,23,Computer Engineering,Third Year,Fifth Semester,Data Structures & Algorithms,Period_4,8,7,81.2,59.5,16.9,15.1,1,0.7,82.1,1,90.6,87.5,Regular
STU0012,Female,23,Computer Engineering,Third Year,Fifth Semester,Database Management Systems,Period_1,10,8,94.06,60.5,13.7,15.1,1,0.7,83.3,1,47.1,80.0,Regular
STU0012,Female,23,Computer Engineering,Third Year,Fifth Semester,Database Management Systems,Period_2,8,8,94.06,60.5,16.4,15.1,1,0.7,86.1,2,62.6,100.0,Regular
STU0012,Female,23,Computer Engineering,Third Year,Fifth Semester,Database Management Systems,Period_3,11,11,94.06,60.5,24.3,15.1,1,0.7,87.6,1,66.5,100.0,Regular
STU0012,Female,23,Computer Engineering,Third Year,Fifth Semester,Database Management Systems,Period_4,8,7,94.06,60.5,9.8,15.1,0,0.7,78.9,1,90.6,87.5,Regular
STU0012,Female,23,Computer Engineering,Third Year,Fifth Semester,Software Engineering,Period_1,9,8,100.0,72.1,14.3,15.1,1,0.7,82.6,2,94.1,88.89,Regular
STU0012,Female,23,Computer Engineering,Third Year,Fifth Semester,Software Engineering,Period_2,11,11,100.0,72.1,22.3,15.1,0,0.7,83.3,2,60.8,100.0,Regular
STU0012,Female,23,Computer Engineering,Third Year,Fifth Semester,Software Engineering,Period_3,10,9,100.0,72.1,13.1,15.1,1,0.7,86.3,2,65.9,90.0,Regular
STU0012,Female,23,Computer Engineering,Third Year,Fifth Semester,Software Engineering,Period_4,9,8,100.0,72.1,15.0,15.1,0,0.7,78.9,3,97.6,88.89,Regular
STU0012,Female,23,Computer Engineering,Third Year,Fifth Semester,Theory of Computation,Period_1,10,9,100.0,61.7,12.4,15.1,3,0.7,87.7,1,41.6,90.0,Regular
STU0012,Female,23,Computer Engineering,Third Year,Fifth Semester,Theory of Computation,Period_2,11,11,100.0,61.7,22.2,15.1,0,0.7,85.8,0,82.0,100.0,Regular
STU0012,Female,23,Computer Engineering,Third Year,Fifth Semester,Theory of Computation,Period_3,10,7,100.0,61.7,13.1,15.1,1,0.7,79.7,3,58.9,70.0,Defaulter
STU0012,Female,23,Computer Engineering,Third Year,Fifth Semester,Theory of Computation,Period_4,8,7,100.0,61.7,19.3,15.1,0,0.7,86.9,2,83.2,87.5,Regular
STU0013,Female,22,Computer Engineering,Third Year,Fifth Semester,Computer Networks,Period_1,12,7,57.99,45.2,11.1,8.5,2,18.3,71.1,0,68.5,58.33,Defaulter
STU0013,Female,22,Computer Engineering,Third Year,Fifth Semester,Computer Networks,Period_2,8,3,57.99,45.2,1.9,8.5,1,18.3,76.2,2,47.5,37.5,Defaulter
STU0013,Female,22,Computer Engineering,Third Year,Fifth Semester,Computer Networks,Period_3,9,4,57.99,45.2,8.2,8.5,3,18.3,77.8,4,100.0,44.44,Defaulter
STU0013,Female,22,Computer Engineering,Third Year,Fifth Semester,Computer Networks,Period_4,10,7,57.99,45.2,8.5,8.5,0,18.3,71.2,1,49.6,70.0,Defaulter
STU0013,Female,22,Computer Engineering,Third Year,Fifth Semester,Data Structures & Algorithms,Period_1,12,5,51.95,31.4,5.8,8.5,1,18.3,75.4,0,46.6,41.67,Defaulter
STU0013,Female,22,Computer Engineering,Third Year,Fifth Semester,Data Structures & Algorithms,Period_2,9,5,51.95,31.4,13.4,8.5,0,18.3,70.0,0,80.8,55.56,Defaulter
STU0013,Female,22,Computer Engineering,Third Year,Fifth Semester,Data Structures & Algorithms,Period_3,11,5,51.95,31.4,15.5,8.5,3,18.3,72.8,2,77.9,45.45,Defaulter
STU0013,Female,22,Computer Engineering,Third Year,Fifth Semester,Data Structures & Algorithms,Period_4,8,5,51.95,31.4,12.2,8.5,2,18.3,71.1,1,81.7,62.5,Defaulter
STU0013,Female,22,Computer Engineering,Third Year,Fifth Semester,Database Management Systems,Period_1,10,6,42.68,39.5,14.7,8.5,0,18.3,77.8,2,56.8,60.0,Defaulter
STU0013,Female,22,Computer Engineering,Third Year,Fifth Semester,Database Management Systems,Period_2,10,5,42.68,39.5,9.5,8.5,1,18.3,69.3,3,52.6,50.0,Defaulter
STU0013,Female,22,Computer Engineering,Third Year,Fifth Semester,Database Management Systems,Period_3,10,7,42.68,39.5,12.9,8.5,1,18.3,73.5,1,39.7,70.0,Defaulter
STU0013,Female,22,Computer Engineering,Third Year,Fifth Semester,Database Management Systems,Period_4,9,2,42.68,39.5,0.0,8.5,1,18.3,75.4,1,84.3,22.22,Defaulter
STU0013,Female,22,Computer Engineering,Third Year,Fifth Semester,Software Engineering,Period_1,10,4,41.12,44.9,7.3,8.5,0,18.3,72.9,3,86.4,40.0,Defaulter
STU0013,Female,22,Computer Engineering,Third Year,Fifth Semester,Software Engineering,Period_2,11,5,41.12,44.9,5.8,8.5,1,18.3,77.7,5,68.6,45.45,Defaulter
STU0013,Female,22,Computer Engineering,Third Year,Fifth Semester,Software Engineering,Period_3,12,6,41.12,44.9,3.7,8.5,1,18.3,73.8,0,95.4,50.0,Defaulter
STU0013,Female,22,Computer Engineering,Third Year,Fifth Semester,Software Engineering,Period_4,11,7,41.12,44.9,14.0,8.5,0,18.3,69.5,2,57.7,63.64,Defaulter
STU0013,Female,22,Computer Engineering,Third Year,Fifth Semester,Theory of Computation,Period_1,12,6,45.27,54.2,3.6,8.5,1,18.3,70.8,1,86.9,50.0,Defaulter
STU0013,Female,22,Computer Engineering,Third Year,Fifth Semester,Theory of Computation,Period_2,10,2,45.27,54.2,0.0,8.5,0,18.3,73.2,2,90.2,20.0,Defaulter
STU0013,Female,22,Computer Engineering,Third Year,Fifth Semester,Theory of Computation,Period_3,9,4,45.27,54.2,8.9,8.5,1,18.3,72.2,2,82.1,44.44,Defaulter
STU0013,Female,22,Computer Engineering,Third Year,Fifth Semester,Theory of Computation,Period_4,9,2,45.27,54.2,0.0,8.5,1,18.3,79.0,0,72.9,22.22,Defaulter
STU0014,Male,22,Computer Engineering,Third Year,Fifth Semester,Computer Networks,Period_1,8,8,100.0,73.5,23.1,16.7,0,0.7,96.2,0,42.4,100.0,Regular
STU0014,Male,22,Computer Engineering,Third Year,Fifth Semester,Computer Networks,Period_2,11,11,100.0,73.5,16.1,16.7,0,0.7,98.6,0,61.6,100.0,Regular
STU0014,Male,22,Computer Engineering,Third Year,Fifth Semester,Computer Networks,Period_3,10,8,100.0,73.5,10.8,16.7,0,0.7,100.0,3,57.5,80.0,Regular
STU0014,Male,22,Computer Engineering,Third Year,Fifth Semester,Computer Networks,Period_4,9,8,100.0,73.5,21.3,16.7,3,0.7,100.0,0,82.5,88.89,Regular
STU0014,Male,22,Computer Engineering,Third Year,Fifth Semester,Data Structures & Algorithms,Period_1,9,9,100.0,79.6,20.8,16.7,3,0.7,100.0,2,81.8,100.0,Regular
STU0014,Male,22,Computer Engineering,Third Year,Fifth Semester,Data Structures & Algorithms,Period_2,8,7,100.0,79.6,14.1,16.7,1,0.7,100.0,1,86.9,87.5,Regular
STU0014,Male,22,Computer Engineering,Third Year,Fifth Semester,Data Structures & Algorithms,Period_3,9,8,100.0,79.6,7.8,16.7,2,0.7,100.0,0,67.3,88.89,Regular
STU0014,Male,22,Computer Engineering,Third Year,Fifth Semester,Data Structures & Algorithms,Period_4,12,12,100.0,79.6,12.6,16.7,3,0.7,100.0,2,77.8,100.0,Regular
STU0014,Male,22,Computer Engineering,Third Year,Fifth Semester,Database Management Systems,Period_1,10,10,97.09,63.1,17.5,16.7,0,0.7,100.0,2,77.8,100.0,Regular
STU0014,Male,22,Computer Engineering,Third Year,Fifth Semester,Database Management Systems,Period_2,11,11,97.09,63.1,23.7,16.7,0,0.7,98.6,1,68.8,100.0,Regular
STU0014,Male,22,Computer Engineering,Third Year,Fifth Semester,Database Management Systems,Period_3,11,10,97.09,63.1,14.5,16.7,0,0.7,100.0,0,88.9,90.91,Regular
STU0014,Male,22,Computer Engineering,Third Year,Fifth Semester,Database Management Systems,Period_4,12,12,97.09,63.1,18.7,16.7,1,0.7,97.5,1,100.0,100.0,Regular
STU0014,Male,22,Computer Engineering,Third Year,Fifth Semester,Software Engineering,Period_1,8,8,89.89,84.1,25.9,16.7,0,0.7,98.8,2,74.1,100.0,Regular
STU0014,Male,22,Computer Engineering,Third Year,Fifth Semester,Software Engineering,Period_2,11,11,89.89,84.1,21.3,16.7,2,0.7,98.2,2,67.9,100.0,Regular
STU0014,Male,22,Computer Engineering,Third Year,Fifth Semester,Software Engineering,Period_3,8,8,89.89,84.1,16.9,16.7,0,0.7,100.0,0,69.2,100.0,Regular
STU0014,Male,22,Computer Engineering,Third Year,Fifth Semester,Software Engineering,Period_4,10,10,89.89,84.1,20.7,16.7,0,0.7,100.0,3,51.0,100.0,Regular
STU0014,Male,22,Computer Engineering,Third Year,Fifth Semester,Theory of Computation,Period_1,11,11,97.27,71.9,12.8,16.7,0,0.7,100.0,0,89.4,100.0,Regular
STU0014,Male,22,Computer Engineering,Third Year,Fifth Semester,Theory of Computation,Period_2,12,12,97.27,71.9,19.1,16.7,0,0.7,96.3,1,56.8,100.0,Regular
STU0014,Male,22,Computer Engineering,Third Year,Fifth Semester,Theory of Computation,Period_3,9,9,97.27,71.9,20.8,16.7,0,0.7,99.9,0,78.9,100.0,Regular
STU0014,Male,22,Computer Engineering,Third Year,Fifth Semester,Theory of Computation,Period_4,11,11,97.27,71.9,15.1,16.7,2,0.7,98.4,0,60.0,100.0,Regular
STU0015,Female,22,Computer Engineering,Third Year,Fifth Semester,Computer Networks,Period_1,9,7,67.37,57.1,15.3,11.4,3,10.1,69.8,2,85.5,77.78,Regular
STU0015,Female,22,Computer Engineering,Third Year,Fifth Semester,Computer Networks,Period_2,8,6,67.37,57.1,10.9,11.4,0,10.1,71.9,2,52.5,75.0,Regular
STU0015,Female,22,Computer Engineering,Third Year,Fifth Semester,Computer Networks,Period_3,8,5,67.37,57.1,12.8,11.4,0,10.1,70.4,3,64.8,62.5,Defaulter
STU0015,Female,22,Computer Engineering,Third Year,Fifth Semester,Computer Networks,Period_4,9,6,67.37,57.1,4.3,11.4,0,10.1,69.7,1,57.7,66.67,Defaulter
STU0015,Female,22,Computer Engineering,Third Year,Fifth Semester,Data Structures & Algorithms,Period_1,11,9,78.16,64.2,7.7,11.4,1,10.1,66.4,1,54.2,81.82,Regular
STU0015,Female,22,Computer Engineering,Third Year,Fifth Semester,Data Structures & Algorithms,Period_2,12,8,78.16,64.2,14.3,11.4,0,10.1,68.7,0,54.3,66.67,Defaulter
STU0015,Female,22,Computer Engineering,Third Year,Fifth Semester,Data Structures & Algorithms,Period_3,8,5,78.16,64.2,5.6,11.4,0,10.1,67.0,2,86.9,62.5,Defaulter
STU0015,Female,22,Computer Engineering,Third Year,Fifth Semester,Data Structures & Algorithms,Period_4,10,7,78.16,64.2,16.7,11.4,2,10.1,72.3,2,64.5,70.0,Defaulter
STU0015,Female,22,Computer Engineering,Third Year,Fifth Semester,Database Management Systems,Period_1,8,6,75.58,64.7,13.3,11.4,1,10.1,74.5,1,48.9,75.0,Regular
STU0015,Female,22,Computer Engineering,Third Year,Fifth Semester,Database Management Systems,Period_2,8,8,75.58,64.7,22.0,11.4,2,10.1,68.2,1,60.5,100.0,Regular
STU0015,Female,22,Computer Engineering,Third Year,Fifth Semester,Database Management Systems,Period_3,10,8,75.58,64.7,8.6,11.4,0,10.1,69.4,1,83.9,80.0,Regular
STU0015,Female,22,Computer Engineering,Third Year,Fifth Semester,Database Management Systems,Period_4,9,7,75.58,64.7,18.4,11.4,0,10.1,74.2,0,51.6,77.78,Regular
STU0015,Female,22,Computer Engineering,Third Year,Fifth Semester,Software Engineering,Period_1,12,10,72.21,47.8,8.6,11.4,2,10.1,70.8,5,70.3,83.33,Regular
STU0015,Female,22,Computer Engineering,Third Year,Fifth Semester,Software Engineering,Period_2,12,6,72.21,47.8,7.4,11.4,0,10.1,67.7,1,77.8,50.0,Defaulter
STU0015,Female,22,Computer Engineering,Third Year,Fifth Semester,Software Engineering,Period_3,10,7,72.21,47.8,15.7,11.4,2,10.1,68.1,2,78.6,70.0,Defaulter
STU0015,Female,22,Computer Engineering,Third Year,Fifth Semester,Software Engineering,Period_4,11,8,72.21,47.8,14.8,11.4,2,10.1,67.8,2,61.6,72.73,Defaulter
STU0015,Female,22,Computer Engineering,Third Year,Fifth Semester,Theory of Computation,Period_1,8,7,85.55,62.2,12.8,11.4,1,10.1,70.2,1,53.5,87.5,Regular
STU0015,Female,22,Computer Engineering,Third Year,Fifth Semester,Theory of Computation,Period_2,11,8,85.55,62.2,11.1,11.4,1,10.1,69.6,1,69.0,72.73,Defaulter
STU0015,Female,22,Computer Engineering,Third Year,Fifth Semester,Theory of Computation,Period_3,11,9,85.55,62.2,23.0,11.4,1,10.1,69.6,3,53.9,81.82,Regular
STU0015,Female,22,Computer Engineering,Third Year,Fifth Semester,Theory of Computation,Period_4,8,5,85.55,62.2,13.8,11.4,0,10.1,73.5,0,87.4,62.5,Defaulter
STU0016,Female,22,Computer Engineering,Third Year,Fifth Semester,Computer Networks,Period_1,12,9,80.03,72.6,17.4,13.6,0,1.1,78.8,0,44.7,75.0,Regular
STU0016,Female,22,Computer Engineering,Third Year,Fifth Semester,Computer Networks,Period_2,8,8,80.03,72.6,20.9,13.6,0,1.1,76.0,1,54.9,100.0,Regular
STU0016,Female,22,Computer Engineering,Third Year,Fifth Semester,Computer Networks,Period_3,11,9,80.03,72.6,9.1,13.6,0,1.1,81.0,3,39.7,81.82,Regular
STU0016,Female,22,Computer Engineering,Third Year,Fifth Semester,Computer Networks,Period_4,10,9,80.03,72.6,10.0,13.6,1,1.1,76.8,4,88.2,90.0,Regular
STU0016,Female,22,Computer Engineering,Third Year,Fifth Semester,Data Structures & Algorithms,Period_1,10,9,83.81,61.0,12.5,13.6,0,1.1,77.1,2,74.8,90.0,Regular
STU0016,Female,22,Computer Engineering,Third Year,Fifth Semester,Data Structures & Algorithms,Period_2,10,8,83.81,61.0,8.3,13.6,2,1.1,75.9,0,80.0,80.0,Regular
STU0016,Female,22,Computer Engineering,Third Year,Fifth Semester,Data Structures & Algorithms,Period_3,9,7,83.81,61.0,14.9,13.6,1,1.1,76.6,1,76.8,77.78,Regular
STU0016,Female,22,Computer Engineering,Third Year,Fifth Semester,Data Structures & Algorithms,Period_4,12,9,83.81,61.0,7.3,13.6,0,1.1,78.5,2,53.2,75.0,Regular
STU0016,Female,22,Computer Engineering,Third Year,Fifth Semester,Database Management Systems,Period_1,11,7,86.86,52.5,9.5,13.6,2,1.1,78.2,5,96.7,63.64,Defaulter
STU0016,Female,22,Computer Engineering,Third Year,Fifth Semester,Database Management Systems,Period_2,10,8,86.86,52.5,5.6,13.6,1,1.1,80.4,4,72.2,80.0,Regular
STU0016,Female,22,Computer Engineering,Third Year,Fifth Semester,Database Management Systems,Period_3,9,7,86.86,52.5,18.3,13.6,1,1.1,79.1,2,100.0,77.78,Regular
STU0016,Female,22,Computer Engineering,Third Year,Fifth Semester,Database Management Systems,Period_4,8,5,86.86,52.5,16.9,13.6,3,1.1,76.9,4,70.7,62.5,Defaulter
STU0016,Female,22,Computer Engineering,Third Year,Fifth Semester,Software Engineering,Period_1,11,9,87.25,54.2,8.4,13.6,0,1.1,72.1,1,48.8,81.82,Regular
STU0016,Female,22,Computer Engineering,Third Year,Fifth Semester,Software Engineering,Period_2,8,7,87.25,54.2,22.0,13.6,1,1.1,72.7,0,77.5,87.5,Regular
STU0016,Female,22,Computer Engineering,Third Year,Fifth Semester,Software Engineering,Period_3,10,8,87.25,54.2,17.9,13.6,2,1.1,79.8,3,95.7,80.0,Regular
STU0016,Female,22,Computer Engineering,Third Year,Fifth Semester,Software Engineering,Period_4,11,8,87.25,54.2,15.4,13.6,1,1.1,76.1,2,66.0,72.73,Defaulter
STU0016,Female,22,Computer Engineering,Third Year,Fifth Semester,Theory of Computation,Period_1,9,9,79.16,70.4,21.5,13.6,2,1.1,73.8,1,50.6,100.0,Regular
STU0016,Female,22,Computer Engineering,Third Year,Fifth Semester,Theory of Computation,Period_2,12,10,79.16,70.4,16.0,13.6,1,1.1,78.5,1,66.3,83.33,Regular
STU0016,Female,22,Computer Engineering,Third Year,Fifth Semester,Theory of Computation,Period_3,11,11,79.16,70.4,20.5,13.6,1,1.1,73.6,2,78.7,100.0,Regular
STU0016,Female,22,Computer Engineering,Third Year,Fifth Semester,Theory of Computation,Period_4,10,9,79.16,70.4,10.6,13.6,0,1.1,76.7,5,69.0,90.0,Regular
STU0017,Male,21,Computer Engineering,Third Year,Fifth Semester,Computer Networks,Period_1,9,5,43.52,63.9,14.8,10.5,1,3.7,62.1,3,73.8,55.56,Defaulter
STU0017,Male,21,Computer Engineering,Third Year,Fifth Semester,Computer Networks,Period_2,11,3,43.52,63.9,11.6,10.5,4,3.7,70.4,1,70.8,27.27,Defaulter
STU0017,Male,21,Computer Engineering,Third Year,Fifth Semester,Computer Networks,Period_3,12,7,43.52,63.9,13.4,10.5,0,3.7,66.1,2,55.5,58.33,Defaulter
STU0017,Male,21,Computer Engineering,Third Year,Fifth Semester,Computer Networks,Period_4,11,6,43.52,63.9,11.4,10.5,0,3.7,61.4,0,67.3,54.55,Defaulter
STU0017,Male,21,Computer Engineering,Third Year,Fifth Semester,Data Structures & Algorithms,Period_1,11,6,52.87,57.4,10.3,10.5,0,3.7,68.3,1,96.8,54.55,Defaulter
STU0017,Male,21,Computer Engineering,Third Year,Fifth Semester,Data Structures & Algorithms,Period_2,8,3,52.87,57.4,8.7,10.5,0,3.7,65.9,1,75.8,37.5,Defaulter
STU0017,Male,21,Computer Engineering,Third Year,Fifth Semester,Data Structures & Algorithms,Period_3,10,3,52.87,57.4,6.8,10.5,2,3.7,65.9,1,71.3,30.0,Defaulter
STU0017,Male,21,Computer Engineering,Third Year,Fifth Semester,Data Structures & Algorithms,Period_4,8,4,52.87,57.4,17.1,10.5,1,3.7,67.4,3,98.8,50.0,Defaulter
STU0017,Male,21,Computer Engineering,Third Year,Fifth Semester,Database Management Systems,Period_1,8,3,47.36,76.5,0.0,10.5,0,3.7,61.9,0,100.0,37.5,Defaulter
STU0017,Male,21,Computer Engineering,Third Year,Fifth Semester,Database Management Systems,Period_2,8,5,47.36,76.5,11.5,10.5,0,3.7,66.0,1,82.6,62.5,Defaulter
STU0017,Male,21,Computer Engineering,Third Year,Fifth Semester,Database Management Systems,Period_3,12,5,47.36,76.5,5.2,10.5,0,3.7,69.7,2,83.8,41.67,Defaulter
STU0017,Male,21,Computer Engineering,Third Year,Fifth Semester,Database Management Systems,Period_4,10,4,47.36,76.5,8.6,10.5,0,3.7,66.2,4,100.0,40.0,Defaulter
STU0017,Male,21,Computer Engineering,Third Year,Fifth Semester,Software Engineering,Period_1,11,5,48.05,56.3,8.5,10.5,0,3.7,67.5,1,77.1,45.45,Defaulter
STU0017,Male,21,Computer Engineering,Third Year,Fifth Semester,Software Engineering,Period_2,10,5,48.05,56.3,9.2,10.5,3,3.7,66.9,1,80.1,50.0,Defaulter
STU0017,Male,21,Computer Engineering,Third Year,Fifth Semester,Software Engineering,Period_3,12,5,48.05,56.3,10.3,10.5,3,3.7,64.1,0,94.7,41.67,Defaulter
STU0017,Male,21,Computer Engineering,Third Year,Fifth Semester,Software Engineering,Period_4,10,4,48.05,56.3,0.9,10.5,2,3.7,63.9,2,84.4,40.0,Defaulter
STU0017,Male,21,Computer Engineering,Third Year,Fifth Semester,Theory of Computation,Period_1,9,5,50.07,40.6,12.0,10.5,1,3.7,67.9,2,53.2,55.56,Defaulter
STU0017,Male,21,Computer Engineering,Third Year,Fifth Semester,Theory of Computation,Period_2,9,4,50.07,40.6,8.3,10.5,0,3.7,68.3,7,91.6,44.44,Defaulter
STU0017,Male,21,Computer Engineering,Third Year,Fifth Semester,Theory of Computation,Period_3,12,3,50.07,40.6,0.0,10.5,2,3.7,63.9,3,55.7,25.0,Defaulter
STU0017,Male,21,Computer Engineering,Third Year,Fifth Semester,Theory of Computation,Period_4,11,4,50.07,40.6,8.6,10.5,0,3.7,65.7,0,79.6,36.36,Defaulter
STU0018,Male,19,Computer Engineering,Third Year,Fifth Semester,Computer Networks,Period_1,12,12,82.29,57.9,17.3,16.0,0,6.3,67.1,3,64.9,100.0,Regular
STU0018,Male,19,Computer Engineering,Third Year,Fifth Semester,Computer Networks,Period_2,12,8,82.29,57.9,11.6,16.0,0,6.3,67.3,1,32.7,66.67,Defaulter
STU0018,Male,19,Computer Engineering,Third Year,Fifth Semester,Computer Networks,Period_3,10,9,82.29,57.9,13.0,16.0,0,6.3,67.9,1,64.4,90.0,Regular
STU0018,Male,19,Computer Engineering,Third Year,Fifth Semester,Computer Networks,Period_4,10,6,82.29,57.9,6.2,16.0,1,6.3,64.3,4,42.5,60.0,Defaulter
STU0018,Male,19,Computer Engineering,Third Year,Fifth Semester,Data Structures & Algorithms,Period_1,11,9,89.74,66.4,17.8,16.0,2,6.3,69.9,4,62.9,81.82,Regular
STU0018,Male,19,Computer Engineering,Third Year,Fifth Semester,Data Structures & Algorithms,Period_2,11,9,89.74,66.4,17.1,16.0,1,6.3,66.3,2,82.0,81.82,Regular
STU0018,Male,19,Computer Engineering,Third Year,Fifth Semester,Data Structures & Algorithms,Period_3,8,7,89.74,66.4,17.9,16.0,0,6.3,68.7,3,39.8,87.5,Regular
STU0018,Male,19,Computer Engineering,Third Year,Fifth Semester,Data Structures & Algorithms,Period_4,10,6,89.74,66.4,7.0,16.0,0,6.3,66.6,0,50.5,60.0,Defaulter
STU0018,Male,19,Computer Engineering,Third Year,Fifth Semester,Database Management Systems,Period_1,8,6,80.94,87.0,19.7,16.0,2,6.3,64.4,1,43.4,75.0,Regular
STU0018,Male,19,Computer Engineering,Third Year,Fifth Semester,Database Management Systems,Period_2,8,7,80.94,87.0,15.6,16.0,0,6.3,68.1,4,56.7,87.5,Regular
STU0018,Male,19,Computer Engineering,Third Year,Fifth Semester,Database Management Systems,Period_3,12,10,80.94,87.0,16.1,16.0,2,6.3,66.7,4,95.0,83.33,Regular
STU0018,Male,19,Computer Engineering,Third Year,Fifth Semester,Database Management Systems,Period_4,8,7,80.94,87.0,20.7,16.0,1,6.3,68.3,1,83.7,87.5,Regular
STU0018,Male,19,Computer Engineering,Third Year,Fifth Semester,Software Engineering,Period_1,8,5,97.77,53.3,5.3,16.0,1,6.3,66.9,1,34.2,62.5,Defaulter
STU0018,Male,19,Computer Engineering,Third Year,Fifth Semester,Software Engineering,Period_2,8,6,97.77,53.3,10.9,16.0,0,6.3,64.3,1,64.9,75.0,Regular
STU0018,Male,19,Computer Engineering,Third Year,Fifth Semester,Software Engineering,Period_3,9,7,97.77,53.3,17.6,16.0,0,6.3,64.4,1,57.9,77.78,Regular
STU0018,Male,19,Computer Engineering,Third Year,Fifth Semester,Software Engineering,Period_4,10,9,97.77,53.3,17.6,16.0,3,6.3,66.7,2,71.8,90.0,Regular
STU0018,Male,19,Computer Engineering,Third Year,Fifth Semester,Theory of Computation,Period_1,8,7,83.57,85.8,15.8,16.0,1,6.3,64.2,1,76.4,87.5,Regular
STU0018,Male,19,Computer Engineering,Third Year,Fifth Semester,Theory of Computation,Period_2,9,8,83.57,85.8,10.8,16.0,0,6.3,71.3,1,75.2,88.89,Regular
STU0018,Male,19,Computer Engineering,Third Year,Fifth Semester,Theory of Computation,Period_3,12,10,83.57,85.8,11.1,16.0,1,6.3,64.4,2,32.6,83.33,Regular
STU0018,Male,19,Computer Engineering,Third Year,Fifth Semester,Theory of Computation,Period_4,8,7,83.57,85.8,9.4,16.0,4,6.3,62.7,1,66.3,87.5,Regular
STU0019,Female,23,Computer Engineering,Third Year,Fifth Semester,Computer Networks,Period_1,12,5,40.5,37.5,4.9,10.9,2,22.3,62.0,1,79.4,41.67,Defaulter
STU0019,Female,23,Computer Engineering,Third Year,Fifth Semester,Computer Networks,Period_2,9,4,40.5,37.5,8.6,10.9,2,22.3,55.9,2,69.5,44.44,Defaulter
STU0019,Female,23,Computer Engineering,Third Year,Fifth Semester,Computer Networks,Period_3,11,5,40.5,37.5,7.5,10.9,1,22.3,58.6,2,76.4,45.45,Defaulter
STU0019,Female,23,Computer Engineering,Third Year,Fifth Semester,Computer Networks,Period_4,11,6,40.5,37.5,11.3,10.9,0,22.3,59.9,2,79.4,54.55,Defaulter
STU0019,Female,23,Computer Engineering,Third Year,Fifth Semester,Data Structures & Algorithms,Period_1,12,6,44.14,59.9,14.2,10.9,1,22.3,67.4,0,58.4,50.0,Defaulter
STU0019,Female,23,Computer Engineering,Third Year,Fifth Semester,Data Structures & Algorithms,Period_2,12,6,44.14,59.9,7.4,10.9,0,22.3,64.1,4,56.7,50.0,Defaulter
STU0019,Female,23,Computer Engineering,Third Year,Fifth Semester,Data Structures & Algorithms,Period_3,9,5,44.14,59.9,8.2,10.9,1,22.3,55.5,2,53.4,55.56,Defaulter
STU0019,Female,23,Computer Engineering,Third Year,Fifth Semester,Data Structures & Algorithms,Period_4,12,6,44.14,59.9,9.9,10.9,2,22.3,61.2,2,82.4,50.0,Defaulter
STU0019,Female,23,Computer Engineering,Third Year,Fifth Semester,Database Management Systems,Period_1,10,4,48.21,49.3,4.7,10.9,1,22.3,59.3,2,53.5,40.0,Defaulter
STU0019,Female,23,Computer Engineering,Third Year,Fifth Semester,Database Management Systems,Period_2,10,4,48.21,49.3,9.6,10.9,0,22.3,58.3,0,66.1,40.0,Defaulter
STU0019,Female,23,Computer Engineering,Third Year,Fifth Semester,Database Management Systems,Period_3,10,5,48.21,49.3,12.6,10.9,1,22.3,63.7,3,56.6,50.0,Defaulter
STU0019,Female,23,Computer Engineering,Third Year,Fifth Semester,Database Management Systems,Period_4,8,4,48.21,49.3,10.0,10.9,3,22.3,61.3,3,73.1,50.0,Defaulter
STU0019,Female,23,Computer Engineering,Third Year,Fifth Semester,Software Engineering,Period_1,8,2,62.95,49.4,9.6,10.9,2,22.3,61.8,0,59.7,25.0,Defaulter
STU0019,Female,23,Computer Engineering,Third Year,Fifth Semester,Software Engineering,Period_2,12,5,62.95,49.4,5.1,10.9,1,22.3,62.4,1,59.7,41.67,Defaulter
STU0019,Female,23,Computer Engineering,Third Year,Fifth Semester,Software Engineering,Period_3,8,4,62.95,49.4,12.0,10.9,0,22.3,57.3,1,66.6,50.0,Defaulter
STU0019,Female,23,Computer Engineering,Third Year,Fifth Semester,Software Engineering,Period_4,12,7,62.95,49.4,7.4,10.9,1,22.3,60.8,1,92.1,58.33,Defaulter
STU0019,Female,23,Computer Engineering,Third Year,Fifth Semester,Theory of Computation,Period_1,11,5,51.71,63.5,8.9,10.9,0,22.3,59.7,3,66.5,45.45,Defaulter
STU0019,Female,23,Computer Engineering,Third Year,Fifth Semester,Theory of Computation,Period_2,10,5,51.71,63.5,14.7,10.9,3,22.3,60.1,5,86.4,50.0,Defaulter
STU0019,Female,23,Computer Engineering,Third Year,Fifth Semester,Theory of Computation,Period_3,12,4,51.71,63.5,4.2,10.9,1,22.3,56.6,0,57.8,33.33,Defaulter
STU0019,Female,23,Computer Engineering,Third Year,Fifth Semester,Theory of Computation,Period_4,11,6,51.71,63.5,2.8,10.9,2,22.3,57.9,1,72.7,54.55,Defaulter
STU0020,Male,21,Computer Engineering,Third Year,Fifth Semester,Computer Networks,Period_1,11,9,68.82,63.0,16.9,8.7,1,2.7,71.7,1,76.4,81.82,Regular
STU0020,Male,21,Computer Engineering,Third Year,Fifth Semester,Computer Networks,Period_2,9,5,68.82,63.0,13.6,8.7,0,2.7,69.5,1,92.5,55.56,Defaulter
STU0020,Male,21,Computer Engineering,Third Year,Fifth Semester,Computer Networks,Period_3,11,7,68.82,63.0,12.4,8.7,2,2.7,63.3,0,52.1,63.64,Defaulter
STU0020,Male,21,Computer Engineering,Third Year,Fifth Semester,Computer Networks,Period_4,8,4,68.82,63.0,6.0,8.7,2,2.7,65.0,1,93.5,50.0,Defaulter
STU0020,Male,21,Computer Engineering,Third Year,Fifth Semester,Data Structures & Algorithms,Period_1,10,10,58.42,48.9,19.1,8.7,2,2.7,64.6,2,42.3,100.0,Regular
STU0020,Male,21,Computer Engineering,Third Year,Fifth Semester,Data Structures & Algorithms,Period_2,9,7,58.42,48.9,15.5,8.7,0,2.7,66.9,0,61.0,77.78,Regular
STU0020,Male,21,Computer Engineering,Third Year,Fifth Semester,Data Structures & Algorithms,Period_3,8,6,58.42,48.9,15.3,8.7,2,2.7,67.3,4,68.5,75.0,Regular
STU0020,Male,21,Computer Engineering,Third Year,Fifth Semester,Data Structures & Algorithms,Period_4,12,9,58.42,48.9,15.9,8.7,2,2.7,66.8,2,76.6,75.0,Regular
STU0020,Male,21,Computer Engineering,Third Year,Fifth Semester,Database Management Systems,Period_1,10,7,50.78,38.0,6.9,8.7,1,2.7,63.6,1,64.1,70.0,Defaulter
STU0020,Male,21,Computer Engineering,Third Year,Fifth Semester,Database Management Systems,Period_2,11,10,50.78,38.0,20.4,8.7,0,2.7,69.6,0,53.9,90.91,Regular
STU0020,Male,21,Computer Engineering,Third Year,Fifth Semester,Database Management Systems,Period_3,10,7,50.78,38.0,6.0,8.7,1,2.7,65.8,4,65.9,70.0,Defaulter
STU0020,Male,21,Computer Engineering,Third Year,Fifth Semester,Database Management Systems,Period_4,12,9,50.78,38.0,18.0,8.7,2,2.7,69.4,3,92.1,75.0,Regular
STU0020,Male,21,Computer Engineering,Third Year,Fifth Semester,Software Engineering,Period_1,9,5,60.72,44.5,3.7,8.7,1,2.7,63.8,1,65.8,55.56,Defaulter
STU0020,Male,21,Computer Engineering,Third Year,Fifth Semester,Software Engineering,Period_2,10,9,60.72,44.5,15.4,8.7,0,2.7,66.6,3,70.0,90.0,Regular
STU0020,Male,21,Computer Engineering,Third Year,Fifth Semester,Software Engineering,Period_3,10,7,60.72,44.5,3.1,8.7,0,2.7,65.7,2,73.9,70.0,Defaulter
STU0020,Male,21,Computer Engineering,Third Year,Fifth Semester,Software Engineering,Period_4,9,6,60.72,44.5,14.5,8.7,0,2.7,66.1,1,58.5,66.67,Defaulter
STU0020,Male,21,Computer Engineering,Third Year,Fifth Semester,Theory of Computation,Period_1,9,5,62.45,50.7,13.9,8.7,1,2.7,69.2,1,74.7,55.56,Defaulter
STU0020,Male,21,Computer Engineering,Third Year,Fifth Semester,Theory of Computation,Period_2,11,7,62.45,50.7,14.9,8.7,1,2.7,65.2,1,88.5,63.64,Defaulter
STU0020,Male,21,Computer Engineering,Third Year,Fifth Semester,Theory of Computation,Period_3,8,4,62.45,50.7,10.6,8.7,1,2.7,64.7,1,66.2,50.0,Defaulter
STU0020,Male,21,Computer Engineering,Third Year,Fifth Semester,Theory of Computation,Period_4,8,4,62.45,50.7,14.6,8.7,2,2.7,63.7,0,97.1,50.0,Defaulter
STU0021,Male,21,Computer Engineering,Third Year,Fifth Semester,Computer Networks,Period_1,9,9,75.88,80.8,15.9,14.8,2,39.4,79.1,0,67.8,100.0,Regular
STU0021,Male,21,Computer Engineering,Third Year,Fifth Semester,Computer Networks,Period_2,11,8,75.88,80.8,12.4,14.8,0,39.4,78.0,0,75.0,72.73,Defaulter
STU0021,Male,21,Computer Engineering,Third Year,Fifth Semester,Computer Networks,Period_3,12,11,75.88,80.8,19.6,14.8,2,39.4,72.4,2,67.0,91.67,Regular
STU0021,Male,21,Computer Engineering,Third Year,Fifth Semester,Computer Networks,Period_4,12,10,75.88,80.8,8.4,14.8,2,39.4,79.4,1,63.2,83.33,Regular
STU0021,Male,21,Computer Engineering,Third Year,Fifth Semester,Data Structures & Algorithms,Period_1,8,6,70.21,66.5,17.7,14.8,2,39.4,74.3,3,79.2,75.0,Regular
STU0021,Male,21,Computer Engineering,Third Year,Fifth Semester,Data Structures & Algorithms,Period_2,9,7,70.21,66.5,12.1,14.8,2,39.4,78.0,2,61.0,77.78,Regular
STU0021,Male,21,Computer Engineering,Third Year,Fifth Semester,Data Structures & Algorithms,Period_3,8,4,70.21,66.5,10.6,14.8,1,39.4,73.8,1,46.6,50.0,Defaulter
STU0021,Male,21,Computer Engineering,Third Year,Fifth Semester,Data Structures & Algorithms,Period_4,12,9,70.21,66.5,16.9,14.8,1,39.4,75.1,2,64.1,75.0,Regular
STU0021,Male,21,Computer Engineering,Third Year,Fifth Semester,Database Management Systems,Period_1,8,6,65.38,75.0,13.0,14.8,0,39.4,70.3,3,84.0,75.0,Regular
STU0021,Male,21,Computer Engineering,Third Year,Fifth Semester,Database Management Systems,Period_2,12,8,65.38,75.0,11.5,14.8,1,39.4,75.8,3,81.6,66.67,Defaulter
STU0021,Male,21,Computer Engineering,Third Year,Fifth Semester,Database Management Systems,Period_3,12,11,65.38,75.0,10.0,14.8,0,39.4,74.1,1,52.8,91.67,Regular
STU0021,Male,21,Computer Engineering,Third Year,Fifth Semester,Database Management Systems,Period_4,10,7,65.38,75.0,13.6,14.8,0,39.4,75.5,2,69.2,70.0,Defaulter
STU0021,Male,21,Computer Engineering,Third Year,Fifth Semester,Software Engineering,Period_1,11,9,77.07,72.9,14.6,14.8,3,39.4,82.2,2,64.9,81.82,Regular
STU0021,Male,21,Computer Engineering,Third Year,Fifth Semester,Software Engineering,Period_2,11,8,77.07,72.9,10.2,14.8,0,39.4,72.4,4,62.0,72.73,Defaulter
STU0021,Male,21,Computer Engineering,Third Year,Fifth Semester,Software Engineering,Period_3,12,8,77.07,72.9,15.2,14.8,2,39.4,76.4,2,65.8,66.67,Defaulter
STU0021,Male,21,Computer Engineering,Third Year,Fifth Semester,Software Engineering,Period_4,12,12,77.07,72.9,15.0,14.8,1,39.4,77.9,3,53.1,100.0,Regular
STU0021,Male,21,Computer Engineering,Third Year,Fifth Semester,Theory of Computation,Period_1,10,5,70.9,55.7,8.9,14.8,1,39.4,77.0,0,76.8,50.0,Defaulter
STU0021,Male,21,Computer Engineering,Third Year,Fifth Semester,Theory of Computation,Period_2,9,9,70.9,55.7,18.0,14.8,3,39.4,77.5,3,60.8,100.0,Regular
STU0021,Male,21,Computer Engineering,Third Year,Fifth Semester,Theory of Computation,Period_3,10,8,70.9,55.7,18.7,14.8,1,39.4,74.4,2,100.0,80.0,Regular
STU0021,Male,21,Computer Engineering,Third Year,Fifth Semester,Theory of Computation,Period_4,11,9,70.9,55.7,11.7,14.8,0,39.4,77.7,1,78.2,81.82,Regular
STU0022,Male,20,Computer Engineering,Third Year,Fifth Semester,Computer Networks,Period_1,12,12,90.06,79.1,18.2,15.4,0,22.3,75.5,2,53.1,100.0,Regular
STU0022,Male,20,Computer Engineering,Third Year,Fifth Semester,Computer Networks,Period_2,9,7,90.06,79.1,12.3,15.4,0,22.3,76.6,2,61.2,77.78,Regular
STU0022,Male,20,Computer Engineering,Third Year,Fifth Semester,Computer Networks,Period_3,11,8,90.06,79.1,24.0,15.4,1,22.3,74.1,0,71.1,72.73,Defaulter
STU0022,Male,20,Computer Engineering,Third Year,Fifth Semester,Computer Networks,Period_4,9,9,90.06,79.1,19.6,15.4,0,22.3,68.5,0,58.8,100.0,Regular
STU0022,Male,20,Computer Engineering,Third Year,Fifth Semester,Data Structures & Algorithms,Period_1,8,6,86.79,68.0,12.6,15.4,1,22.3,67.1,2,98.7,75.0,Regular
STU0022,Male,20,Computer Engineering,Third Year,Fifth Semester,Data Structures & Algorithms,Period_2,10,9,86.79,68.0,17.7,15.4,0,22.3,66.0,3,74.4,90.0,Regular
STU0022,Male,20,Computer Engineering,Third Year,Fifth Semester,Data Structures & Algorithms,Period_3,9,9,86.79,68.0,18.1,15.4,0,22.3,69.6,3,85.9,100.0,Regular
STU0022,Male,20,Computer Engineering,Third Year,Fifth Semester,Data Structures & Algorithms,Period_4,12,10,86.79,68.0,16.4,15.4,1,22.3,69.4,3,80.3,83.33,Regular
STU0022,Male,20,Computer Engineering,Third Year,Fifth Semester,Database Management Systems,Period_1,8,7,89.98,65.0,3.5,15.4,0,22.3,71.3,0,77.1,87.5,Regular
STU0022,Male,20,Computer Engineering,Third Year,Fifth Semester,Database Management Systems,Period_2,11,11,89.98,65.0,19.2,15.4,2,22.3,73.9,1,62.4,100.0,Regular
STU0022,Male,20,Computer Engineering,Third Year,Fifth Semester,Database Management Systems,Period_3,10,10,89.98,65.0,18.6,15.4,1,22.3,74.1,3,62.7,100.0,Regular
STU0022,Male,20,Computer Engineering,Third Year,Fifth Semester,Database Management Systems,Period_4,9,9,89.98,65.0,19.0,15.4,0,22.3,70.5,2,83.9,100.0,Regular
STU0022,Male,20,Computer Engineering,Third Year,Fifth Semester,Software Engineering,Period_1,11,11,91.66,68.8,19.5,15.4,0,22.3,71.9,1,95.8,100.0,Regular
STU0022,Male,20,Computer Engineering,Third Year,Fifth Semester,Software Engineering,Period_2,9,7,91.66,68.8,11.5,15.4,0,22.3,74.9,3,60.5,77.78,Regular
STU0022,Male,20,Computer Engineering,Third Year,Fifth Semester,Software Engineering,Period_3,10,9,91.66,68.8,13.2,15.4,2,22.3,71.6,0,87.3,90.0,Regular
STU0022,Male,20,Computer Engineering,Third Year,Fifth Semester,Software Engineering,Period_4,10,10,91.66,68.8,16.0,15.4,1,22.3,73.3,3,57.1,100.0,Regular
STU0022,Male,20,Computer Engineering,Third Year,Fifth Semester,Theory of Computation,Period_1,12,9,75.43,51.6,14.8,15.4,0,22.3,69.8,3,94.3,75.0,Regular
STU0022,Male,20,Computer Engineering,Third Year,Fifth Semester,Theory of Computation,Period_2,8,8,75.43,51.6,17.9,15.4,2,22.3,68.8,1,66.2,100.0,Regular
STU0022,Male,20,Computer Engineering,Third Year,Fifth Semester,Theory of Computation,Period_3,11,10,75.43,51.6,14.6,15.4,1,22.3,68.8,1,60.1,90.91,Regular
STU0022,Male,20,Computer Engineering,Third Year,Fifth Semester,Theory of Computation,Period_4,9,6,75.43,51.6,10.6,15.4,1,22.3,70.3,5,29.0,66.67,Defaulter
STU0023,Female,19,Computer Engineering,Third Year,Fifth Semester,Computer Networks,Period_1,9,9,74.23,54.4,20.3,15.5,0,1.3,63.8,0,81.7,100.0,Regular
STU0023,Female,19,Computer Engineering,Third Year,Fifth Semester,Computer Networks,Period_2,12,12,74.23,54.4,14.5,15.5,4,1.3,64.1,1,78.7,100.0,Regular
STU0023,Female,19,Computer Engineering,Third Year,Fifth Semester,Computer Networks,Period_3,11,9,74.23,54.4,9.4,15.5,1,1.3,64.0,2,63.8,81.82,Regular
STU0023,Female,19,Computer Engineering,Third Year,Fifth Semester,Computer Networks,Period_4,10,8,74.23,54.4,15.1,15.5,0,1.3,62.7,2,48.0,80.0,Regular
STU0023,Female,19,Computer Engineering,Third Year,Fifth Semester,Data Structures & Algorithms,Period_1,8,6,88.11,62.0,11.2,15.5,1,1.3,55.9,1,72.5,75.0,Regular
STU0023,Female,19,Computer Engineering,Third Year,Fifth Semester,Data Structures & Algorithms,Period_2,10,7,88.11,62.0,12.4,15.5,1,1.3,63.1,2,75.2,70.0,Defaulter
STU0023,Female,19,Computer Engineering,Third Year,Fifth Semester,Data Structures & Algorithms,Period_3,10,8,88.11,62.0,23.4,15.5,2,1.3,66.5,0,84.4,80.0,Regular
STU0023,Female,19,Computer Engineering,Third Year,Fifth Semester,Data Structures & Algorithms,Period_4,8,7,88.11,62.0,14.7,15.5,0,1.3,66.4,2,74.0,87.5,Regular
STU0023,Female,19,Computer Engineering,Third Year,Fifth Semester,Database Management Systems,Period_1,9,9,76.51,57.1,19.0,15.5,1,1.3,62.5,3,54.2,100.0,Regular
STU0023,Female,19,Computer Engineering,Third Year,Fifth Semester,Database Management Systems,Period_2,9,8,76.51,57.1,27.4,15.5,0,1.3,67.3,2,54.2,88.89,Regular
STU0023,Female,19,Computer Engineering,Third Year,Fifth Semester,Database Management Systems,Period_3,12,12,76.51,57.1,18.8,15.5,1,1.3,66.2,1,66.2,100.0,Regular
STU0023,Female,19,Computer Engineering,Third Year,Fifth Semester,Database Management Systems,Period_4,8,6,76.51,57.1,8.3,15.5,2,1.3,64.3,1,75.0,75.0,Regular
STU0023,Female,19,Computer Engineering,Third Year,Fifth Semester,Software Engineering,Period_1,11,10,83.56,51.6,18.4,15.5,0,1.3,70.6,1,64.7,90.91,Regular
STU0023,Female,19,Computer Engineering,Third Year,Fifth Semester,Software Engineering,Period_2,9,8,83.56,51.6,11.3,15.5,1,1.3,66.9,1,62.9,88.89,Regular
STU0023,Female,19,Computer Engineering,Third Year,Fifth Semester,Software Engineering,Period_3,12,11,83.56,51.6,12.1,15.5,2,1.3,63.1,0,77.1,91.67,Regular
STU0023,Female,19,Computer Engineering,Third Year,Fifth Semester,Software Engineering,Period_4,9,8,83.56,51.6,22.4,15.5,1,1.3,61.6,1,52.4,88.89,Regular
STU0023,Female,19,Computer Engineering,Third Year,Fifth Semester,Theory of Computation,Period_1,12,11,80.42,82.3,13.9,15.5,2,1.3,61.7,2,52.6,91.67,Regular
STU0023,Female,19,Computer Engineering,Third Year,Fifth Semester,Theory of Computation,Period_2,10,7,80.42,82.3,9.7,15.5,0,1.3,61.1,2,73.0,70.0,Defaulter
STU0023,Female,19,Computer Engineering,Third Year,Fifth Semester,Theory of Computation,Period_3,10,7,80.42,82.3,12.4,15.5,1,1.3,64.2,0,58.2,70.0,Defaulter
STU0023,Female,19,Computer Engineering,Third Year,Fifth Semester,Theory of Computation,Period_4,9,7,80.42,82.3,13.2,15.5,2,1.3,62.5,1,59.7,77.78,Regular
STU0024,Female,23,Computer Engineering,Third Year,Fifth Semester,Computer Networks,Period_1,12,12,89.26,72.5,7.0,17.6,2,0.6,56.1,3,73.1,100.0,Regular
STU0024,Female,23,Computer Engineering,Third Year,Fifth Semester,Computer Networks,Period_2,9,9,89.26,72.5,12.2,17.6,0,0.6,63.7,1,62.1,100.0,Regular
STU0024,Female,23,Computer Engineering,Third Year,Fifth Semester,Computer Networks,Period_3,10,9,89.26,72.5,13.9,17.6,0,0.6,58.5,3,70.8,90.0,Regular
STU0024,Female,23,Computer Engineering,Third Year,Fifth Semester,Computer Networks,Period_4,11,9,89.26,72.5,13.5,17.6,1,0.6,56.2,0,44.5,81.82,Regular
STU0024,Female,23,Computer Engineering,Third Year,Fifth Semester,Data Structures & Algorithms,Period_1,11,11,80.9,73.4,19.2,17.6,4,0.6,59.7,2,54.6,100.0,Regular
STU0024,Female,23,Computer Engineering,Third Year,Fifth Semester,Data Structures & Algorithms,Period_2,10,9,80.9,73.4,13.1,17.6,0,0.6,56.0,2,71.6,90.0,Regular
STU0024,Female,23,Computer Engineering,Third Year,Fifth Semester,Data Structures & Algorithms,Period_3,10,9,80.9,73.4,20.1,17.6,0,0.6,57.0,1,49.0,90.0,Regular
STU0024,Female,23,Computer Engineering,Third Year,Fifth Semester,Data Structures & Algorithms,Period_4,12,12,80.9,73.4,22.8,17.6,0,0.6,66.4,2,55.4,100.0,Regular
STU0024,Female,23,Computer Engineering,Third Year,Fifth Semester,Database Management Systems,Period_1,8,7,90.64,70.5,9.1,17.6,0,0.6,60.4,1,61.7,87.5,Regular
STU0024,Female,23,Computer Engineering,Third Year,Fifth Semester,Database Management Systems,Period_2,10,8,90.64,70.5,13.8,17.6,1,0.6,64.6,1,83.5,80.0,Regular
STU0024,Female,23,Computer Engineering,Third Year,Fifth Semester,Database Management Systems,Period_3,9,8,90.64,70.5,8.7,17.6,0,0.6,63.0,1,36.0,88.89,Regular
STU0024,Female,23,Computer Engineering,Third Year,Fifth Semester,Database Management Systems,Period_4,10,8,90.64,70.5,11.7,17.6,1,0.6,60.2,3,52.3,80.0,Regular
STU0024,Female,23,Computer Engineering,Third Year,Fifth Semester,Software Engineering,Period_1,9,9,74.23,53.0,13.8,17.6,2,0.6,61.3,1,58.3,100.0,Regular
STU0024,Female,23,Computer Engineering,Third Year,Fifth Semester,Software Engineering,Period_2,11,10,74.23,53.0,15.3,17.6,1,0.6,63.6,0,53.2,90.91,Regular
STU0024,Female,23,Computer Engineering,Third Year,Fifth Semester,Software Engineering,Period_3,8,7,74.23,53.0,14.6,17.6,2,0.6,61.1,1,62.3,87.5,Regular
STU0024,Female,23,Computer Engineering,Third Year,Fifth Semester,Software Engineering,Period_4,12,12,74.23,53.0,16.9,17.6,0,0.6,59.1,2,83.6,100.0,Regular
STU0024,Female,23,Computer Engineering,Third Year,Fifth Semester,Theory of Computation,Period_1,8,8,89.86,66.2,12.9,17.6,2,0.6,58.4,0,63.3,100.0,Regular
STU0024,Female,23,Computer Engineering,Third Year,Fifth Semester,Theory of Computation,Period_2,9,7,89.86,66.2,9.2,17.6,1,0.6,60.7,4,68.1,77.78,Regular
STU0024,Female,23,Computer Engineering,Third Year,Fifth Semester,Theory of Computation,Period_3,8,5,89.86,66.2,15.9,17.6,0,0.6,64.2,0,69.2,62.5,Defaulter
STU0024,Female,23,Computer Engineering,Third Year,Fifth Semester,Theory of Computation,Period_4,11,8,89.86,66.2,15.9,17.6,0,0.6,62.3,2,56.8,72.73,Defaulter
STU0025,Female,22,Computer Engineering,Third Year,Fifth Semester,Computer Networks,Period_1,8,4,68.43,29.1,15.5,10.1,2,2.2,63.3,2,100.0,50.0,Defaulter
STU0025,Female,22,Computer Engineering,Third Year,Fifth Semester,Computer Networks,Period_2,9,6,68.43,29.1,10.3,10.1,1,2.2,55.9,1,92.3,66.67,Defaulter
STU0025,Female,22,Computer Engineering,Third Year,Fifth Semester,Computer Networks,Period_3,11,7,68.43,29.1,11.1,10.1,2,2.2,61.1,1,79.9,63.64,Defaulter
STU0025,Female,22,Computer Engineering,Third Year,Fifth Semester,Computer Networks,Period_4,11,8,68.43,29.1,8.9,10.1,1,2.2,61.3,2,85.0,72.73,Defaulter
STU0025,Female,22,Computer Engineering,Third Year,Fifth Semester,Data Structures & Algorithms,Period_1,11,8,65.91,43.9,15.9,10.1,0,2.2,56.8,0,58.3,72.73,Defaulter
STU0025,Female,22,Computer Engineering,Third Year,Fifth Semester,Data Structures & Algorithms,Period_2,8,8,65.91,43.9,19.2,10.1,1,2.2,64.3,1,66.0,100.0,Regular
STU0025,Female,22,Computer Engineering,Third Year,Fifth Semester,Data Structures & Algorithms,Period_3,10,6,65.91,43.9,6.7,10.1,0,2.2,58.7,2,70.6,60.0,Defaulter
STU0025,Female,22,Computer Engineering,Third Year,Fifth Semester,Data Structures & Algorithms,Period_4,8,7,65.91,43.9,14.2,10.1,2,2.2,62.9,2,96.3,87.5,Regular
STU0025,Female,22,Computer Engineering,Third Year,Fifth Semester,Database Management Systems,Period_1,12,10,78.43,48.3,15.7,10.1,1,2.2,62.5,1,93.7,83.33,Regular
STU0025,Female,22,Computer Engineering,Third Year,Fifth Semester,Database Management Systems,Period_2,9,8,78.43,48.3,17.1,10.1,0,2.2,62.3,4,64.8,88.89,Regular
STU0025,Female,22,Computer Engineering,Third Year,Fifth Semester,Database Management Systems,Period_3,12,8,78.43,48.3,13.9,10.1,1,2.2,56.1,0,87.3,66.67,Defaulter
STU0025,Female,22,Computer Engineering,Third Year,Fifth Semester,Database Management Systems,Period_4,11,8,78.43,48.3,19.4,10.1,4,2.2,62.6,3,59.6,72.73,Defaulter
STU0025,Female,22,Computer Engineering,Third Year,Fifth Semester,Software Engineering,Period_1,9,7,78.74,43.3,18.2,10.1,0,2.2,62.1,1,86.9,77.78,Regular
STU0025,Female,22,Computer Engineering,Third Year,Fifth Semester,Software Engineering,Period_2,11,7,78.74,43.3,11.1,10.1,1,2.2,57.4,2,77.8,63.64,Defaulter
STU0025,Female,22,Computer Engineering,Third Year,Fifth Semester,Software Engineering,Period_3,9,7,78.74,43.3,16.1,10.1,0,2.2,55.1,3,45.9,77.78,Regular
STU0025,Female,22,Computer Engineering,Third Year,Fifth Semester,Software Engineering,Period_4,9,7,78.74,43.3,11.0,10.1,0,2.2,55.6,2,59.4,77.78,Regular
STU0025,Female,22,Computer Engineering,Third Year,Fifth Semester,Theory of Computation,Period_1,9,7,64.6,44.3,12.1,10.1,2,2.2,57.1,2,63.7,77.78,Regular
STU0025,Female,22,Computer Engineering,Third Year,Fifth Semester,Theory of Computation,Period_2,8,6,64.6,44.3,16.5,10.1,2,2.2,63.8,1,89.1,75.0,Regular
STU0025,Female,22,Computer Engineering,Third Year,Fifth Semester,Theory of Computation,Period_3,12,10,64.6,44.3,7.1,10.1,2,2.2,67.2,6,61.3,83.33,Regular
STU0025,Female,22,Computer Engineering,Third Year,Fifth Semester,Theory of Computation,Period_4,9,6,64.6,44.3,11.0,10.1,0,2.2,60.5,0,58.2,66.67,Defaulter
STU0026,Female,22,Computer Engineering,Third Year,Fifth Semester,Computer Networks,Period_1,8,5,56.94,38.9,3.5,9.1,3,10.2,59.8,2,74.7,62.5,Defaulter
STU0026,Female,22,Computer Engineering,Third Year,Fifth Semester,Computer Networks,Period_2,8,3,56.94,38.9,14.0,9.1,0,10.2,51.9,2,68.9,37.5,Defaulter
STU0026,Female,22,Computer Engineering,Third Year,Fifth Semester,Computer Networks,Period_3,11,7,56.94,38.9,11.4,9.1,1,10.2,57.5,1,85.9,63.64,Defaulter
STU0026,Female,22,Computer Engineering,Third Year,Fifth Semester,Computer Networks,Period_4,10,4,56.94,38.9,4.5,9.1,1,10.2,53.0,0,50.0,40.0,Defaulter
STU0026,Female,22,Computer Engineering,Third Year,Fifth Semester,Data Structures & Algorithms,Period_1,8,6,50.86,42.4,7.4,9.1,0,10.2,51.0,2,76.1,75.0,Regular
STU0026,Female,22,Computer Engineering,Third Year,Fifth Semester,Data Structures & Algorithms,Period_2,10,4,50.86,42.4,10.9,9.1,1,10.2,54.1,1,100.0,40.0,Defaulter
STU0026,Female,22,Computer Engineering,Third Year,Fifth Semester,Data Structures & Algorithms,Period_3,12,5,50.86,42.4,7.3,9.1,5,10.2,52.9,1,72.2,41.67,Defaulter
STU0026,Female,22,Computer Engineering,Third Year,Fifth Semester,Data Structures & Algorithms,Period_4,10,7,50.86,42.4,15.5,9.1,1,10.2,57.0,1,69.6,70.0,Defaulter
STU0026,Female,22,Computer Engineering,Third Year,Fifth Semester,Database Management Systems,Period_1,9,5,55.31,60.4,12.8,9.1,0,10.2,59.9,2,96.0,55.56,Defaulter
STU0026,Female,22,Computer Engineering,Third Year,Fifth Semester,Database Management Systems,Period_2,12,5,55.31,60.4,9.6,9.1,1,10.2,57.1,1,97.0,41.67,Defaulter
STU0026,Female,22,Computer Engineering,Third Year,Fifth Semester,Database Management Systems,Period_3,11,7,55.31,60.4,15.0,9.1,0,10.2,47.7,2,71.9,63.64,Defaulter
STU0026,Female,22,Computer Engineering,Third Year,Fifth Semester,Database Management Systems,Period_4,8,4,55.31,60.4,6.3,9.1,1,10.2,54.7,1,61.0,50.0,Defaulter
STU0026,Female,22,Computer Engineering,Third Year,Fifth Semester,Software Engineering,Period_1,11,6,57.04,70.0,5.5,9.1,0,10.2,53.6,1,60.6,54.55,Defaulter
STU0026,Female,22,Computer Engineering,Third Year,Fifth Semester,Software Engineering,Period_2,8,4,57.04,70.0,10.9,9.1,2,10.2,51.7,0,88.6,50.0,Defaulter
STU0026,Female,22,Computer Engineering,Third Year,Fifth Semester,Software Engineering,Period_3,9,4,57.04,70.0,13.2,9.1,1,10.2,57.6,4,40.3,44.44,Defaulter
STU0026,Female,22,Computer Engineering,Third Year,Fifth Semester,Software Engineering,Period_4,12,7,57.04,70.0,14.1,9.1,1,10.2,58.2,3,82.9,58.33,Defaulter
STU0026,Female,22,Computer Engineering,Third Year,Fifth Semester,Theory of Computation,Period_1,11,4,43.49,44.4,0.1,9.1,1,10.2,57.3,2,79.4,36.36,Defaulter
STU0026,Female,22,Computer Engineering,Third Year,Fifth Semester,Theory of Computation,Period_2,10,3,43.49,44.4,10.2,9.1,1,10.2,53.9,3,44.6,30.0,Defaulter
STU0026,Female,22,Computer Engineering,Third Year,Fifth Semester,Theory of Computation,Period_3,8,4,43.49,44.4,12.1,9.1,1,10.2,53.0,3,85.3,50.0,Defaulter
STU0026,Female,22,Computer Engineering,Third Year,Fifth Semester,Theory of Computation,Period_4,12,4,43.49,44.4,9.8,9.1,0,10.2,54.1,3,59.0,33.33,Defaulter
STU0027,Male,21,Computer Engineering,Third Year,Fifth Semester,Computer Networks,Period_1,9,9,77.38,68.2,21.9,15.9,0,60.0,72.9,2,79.0,100.0,Regular
STU0027,Male,21,Computer Engineering,Third Year,Fifth Semester,Computer Networks,Period_2,9,8,77.38,68.2,16.7,15.9,1,60.0,76.1,3,100.0,88.89,Regular
STU0027,Male,21,Computer Engineering,Third Year,Fifth Semester,Computer Networks,Period_3,11,8,77.38,68.2,15.1,15.9,0,60.0,75.4,0,68.0,72.73,Defaulter
STU0027,Male,21,Computer Engineering,Third Year,Fifth Semester,Computer Networks,Period_4,12,12,77.38,68.2,16.6,15.9,1,60.0,76.3,5,76.2,100.0,Regular
STU0027,Male,21,Computer Engineering,Third Year,Fifth Semester,Data Structures & Algorithms,Period_1,9,7,88.41,78.1,15.9,15.9,1,60.0,76.8,3,54.2,77.78,Regular
STU0027,Male,21,Computer Engineering,Third Year,Fifth Semester,Data Structures & Algorithms,Period_2,12,10,88.41,78.1,15.1,15.9,0,60.0,72.6,3,54.2,83.33,Regular
STU0027,Male,21,Computer Engineering,Third Year,Fifth Semester,Data Structures & Algorithms,Period_3,10,6,88.41,78.1,10.0,15.9,2,60.0,77.0,0,79.4,60.0,Defaulter
STU0027,Male,21,Computer Engineering,Third Year,Fifth Semester,Data Structures & Algorithms,Period_4,11,8,88.41,78.1,11.1,15.9,0,60.0,75.0,0,58.1,72.73,Defaulter
STU0027,Male,21,Computer Engineering,Third Year,Fifth Semester,Database Management Systems,Period_1,8,7,79.19,63.7,17.5,15.9,1,60.0,72.9,1,45.3,87.5,Regular
STU0027,Male,21,Computer Engineering,Third Year,Fifth Semester,Database Management Systems,Period_2,10,8,79.19,63.7,12.8,15.9,2,60.0,72.4,1,80.2,80.0,Regular
STU0027,Male,21,Computer Engineering,Third Year,Fifth Semester,Database Management Systems,Period_3,11,9,79.19,63.7,9.1,15.9,1,60.0,76.6,1,58.5,81.82,Regular
STU0027,Male,21,Computer Engineering,Third Year,Fifth Semester,Database Management Systems,Period_4,11,9,79.19,63.7,15.4,15.9,2,60.0,76.6,3,75.9,81.82,Regular
STU0027,Male,21,Computer Engineering,Third Year,Fifth Semester,Software Engineering,Period_1,9,3,82.41,81.2,8.7,15.9,0,60.0,74.8,2,85.0,33.33,Defaulter
STU0027,Male,21,Computer Engineering,Third Year,Fifth Semester,Software Engineering,Period_2,12,7,82.41,81.2,12.3,15.9,0,60.0,73.6,0,79.4,58.33,Defaulter
STU0027,Male,21,Computer Engineering,Third Year,Fifth Semester,Software Engineering,Period_3,9,8,82.41,81.2,23.0,15.9,3,60.0,74.3,5,61.2,88.89,Regular
STU0027,Male,21,Computer Engineering,Third Year,Fifth Semester,Software Engineering,Period_4,11,7,82.41,81.2,10.1,15.9,1,60.0,74.5,3,86.0,63.64,Defaulter
STU0027,Male,21,Computer Engineering,Third Year,Fifth Semester,Theory of Computation,Period_1,12,11,96.32,58.3,14.2,15.9,0,60.0,76.2,4,76.3,91.67,Regular
STU0027,Male,21,Computer Engineering,Third Year,Fifth Semester,Theory of Computation,Period_2,8,7,96.32,58.3,15.0,15.9,2,60.0,74.2,4,49.8,87.5,Regular
STU0027,Male,21,Computer Engineering,Third Year,Fifth Semester,Theory of Computation,Period_3,12,11,96.32,58.3,18.4,15.9,0,60.0,74.5,3,63.7,91.67,Regular
STU0027,Male,21,Computer Engineering,Third Year,Fifth Semester,Theory of Computation,Period_4,11,9,96.32,58.3,14.9,15.9,0,60.0,69.7,1,80.6,81.82,Regular
STU0028,Female,23,Computer Engineering,Third Year,Fifth Semester,Computer Networks,Period_1,10,9,65.07,66.1,18.5,11.5,0,4.1,87.7,3,58.2,90.0,Regular
STU0028,Female,23,Computer Engineering,Third Year,Fifth Semester,Computer Networks,Period_2,8,7,65.07,66.1,17.0,11.5,0,4.1,77.9,4,75.1,87.5,Regular
STU0028,Female,23,Computer Engineering,Third Year,Fifth Semester,Computer Networks,Period_3,8,7,65.07,66.1,13.4,11.5,1,4.1,93.1,0,62.2,87.5,Regular
STU0028,Female,23,Computer Engineering,Third Year,Fifth Semester,Computer Networks,Period_4,12,9,65.07,66.1,14.1,11.5,1,4.1,95.7,0,87.8,75.0,Regular
STU0028,Female,23,Computer Engineering,Third Year,Fifth Semester,Data Structures & Algorithms,Period_1,9,8,79.76,52.9,13.8,11.5,0,4.1,83.2,2,61.9,88.89,Regular
STU0028,Female,23,Computer Engineering,Third Year,Fifth Semester,Data Structures & Algorithms,Period_2,11,9,79.76,52.9,15.7,11.5,0,4.1,85.5,1,63.9,81.82,Regular
STU0028,Female,23,Computer Engineering,Third Year,Fifth Semester,Data Structures & Algorithms,Period_3,9,5,79.76,52.9,16.1,11.5,0,4.1,93.5,0,55.7,55.56,Defaulter
STU0028,Female,23,Computer Engineering,Third Year,Fifth Semester,Data Structures & Algorithms,Period_4,12,9,79.76,52.9,12.4,11.5,1,4.1,82.6,2,60.2,75.0,Regular
STU0028,Female,23,Computer Engineering,Third Year,Fifth Semester,Database Management Systems,Period_1,8,6,75.59,66.2,9.5,11.5,0,4.1,89.2,4,19.9,75.0,Regular
STU0028,Female,23,Computer Engineering,Third Year,Fifth Semester,Database Management Systems,Period_2,8,8,75.59,66.2,12.0,11.5,0,4.1,89.5,1,86.6,100.0,Regular
STU0028,Female,23,Computer Engineering,Third Year,Fifth Semester,Database Management Systems,Period_3,11,10,75.59,66.2,16.4,11.5,1,4.1,81.6,3,48.6,90.91,Regular
STU0028,Female,23,Computer Engineering,Third Year,Fifth Semester,Database Management Systems,Period_4,10,8,75.59,66.2,19.9,11.5,1,4.1,90.1,0,77.2,80.0,Regular
STU0028,Female,23,Computer Engineering,Third Year,Fifth Semester,Software Engineering,Period_1,12,10,79.45,52.1,13.5,11.5,0,4.1,82.4,0,66.7,83.33,Regular
STU0028,Female,23,Computer Engineering,Third Year,Fifth Semester,Software Engineering,Period_2,10,8,79.45,52.1,18.3,11.5,0,4.1,88.7,2,73.3,80.0,Regular
STU0028,Female,23,Computer Engineering,Third Year,Fifth Semester,Software Engineering,Period_3,9,7,79.45,52.1,6.1,11.5,1,4.1,88.1,2,65.5,77.78,Regular
STU0028,Female,23,Computer Engineering,Third Year,Fifth Semester,Software Engineering,Period_4,8,7,79.45,52.1,21.5,11.5,0,4.1,91.1,2,69.4,87.5,Regular
STU0028,Female,23,Computer Engineering,Third Year,Fifth Semester,Theory of Computation,Period_1,11,10,79.76,56.0,14.0,11.5,2,4.1,89.7,1,98.3,90.91,Regular
STU0028,Female,23,Computer Engineering,Third Year,Fifth Semester,Theory of Computation,Period_2,9,6,79.76,56.0,9.1,11.5,3,4.1,88.7,2,100.0,66.67,Defaulter
STU0028,Female,23,Computer Engineering,Third Year,Fifth Semester,Theory of Computation,Period_3,8,7,79.76,56.0,13.9,11.5,2,4.1,85.2,0,64.0,87.5,Regular
STU0028,Female,23,Computer Engineering,Third Year,Fifth Semester,Theory of Computation,Period_4,9,7,79.76,56.0,11.8,11.5,1,4.1,86.9,2,82.3,77.78,Regular
STU0029,Male,21,Computer Engineering,Third Year,Fifth Semester,Computer Networks,Period_1,8,6,74.58,72.9,13.4,15.5,0,14.5,81.5,0,52.1,75.0,Regular
STU0029,Male,21,Computer Engineering,Third Year,Fifth Semester,Computer Networks,Period_2,12,9,74.58,72.9,15.9,15.5,0,14.5,70.9,0,80.6,75.0,Regular
STU0029,Male,21,Computer Engineering,Third Year,Fifth Semester,Computer Networks,Period_3,8,4,74.58,72.9,12.4,15.5,0,14.5,72.4,0,100.0,50.0,Defaulter
STU0029,Male,21,Computer Engineering,Third Year,Fifth Semester,Computer Networks,Period_4,9,7,74.58,72.9,6.8,15.5,1,14.5,81.5,0,55.4,77.78,Regular
STU0029,Male,21,Computer Engineering,Third Year,Fifth Semester,Data Structures & Algorithms,Period_1,10,6,80.89,74.1,9.7,15.5,1,14.5,77.4,4,77.7,60.0,Defaulter
STU0029,Male,21,Computer Engineering,Third Year,Fifth Semester,Data Structures & Algorithms,Period_2,11,6,80.89,74.1,8.7,15.5,4,14.5,75.4,0,70.4,54.55,Defaulter
STU0029,Male,21,Computer Engineering,Third Year,Fifth Semester,Data Structures & Algorithms,Period_3,11,7,80.89,74.1,8.9,15.5,4,14.5,81.9,3,100.0,63.64,Defaulter
STU0029,Male,21,Computer Engineering,Third Year,Fifth Semester,Data Structures & Algorithms,Period_4,8,6,80.89,74.1,16.8,15.5,1,14.5,79.3,0,89.0,75.0,Regular
STU0029,Male,21,Computer Engineering,Third Year,Fifth Semester,Database Management Systems,Period_1,11,9,71.86,73.4,16.5,15.5,0,14.5,84.4,3,72.2,81.82,Regular
STU0029,Male,21,Computer Engineering,Third Year,Fifth Semester,Database Management Systems,Period_2,9,6,71.86,73.4,12.2,15.5,1,14.5,78.7,2,79.2,66.67,Defaulter
STU0029,Male,21,Computer Engineering,Third Year,Fifth Semester,Database Management Systems,Period_3,11,8,71.86,73.4,13.3,15.5,1,14.5,84.3,0,66.1,72.73,Defaulter
STU0029,Male,21,Computer Engineering,Third Year,Fifth Semester,Database Management Systems,Period_4,10,10,71.86,73.4,13.2,15.5,0,14.5,81.0,1,84.3,100.0,Regular
STU0029,Male,21,Computer Engineering,Third Year,Fifth Semester,Software Engineering,Period_1,12,7,79.83,70.0,4.6,15.5,0,14.5,75.1,0,73.3,58.33,Defaulter
STU0029,Male,21,Computer Engineering,Third Year,Fifth Semester,Software Engineering,Period_2,8,6,79.83,70.0,13.3,15.5,0,14.5,80.4,4,67.0,75.0,Regular
STU0029,Male,21,Computer Engineering,Third Year,Fifth Semester,Software Engineering,Period_3,9,7,79.83,70.0,17.1,15.5,0,14.5,78.7,3,87.0,77.78,Regular
STU0029,Male,21,Computer Engineering,Third Year,Fifth Semester,Software Engineering,Period_4,8,6,79.83,70.0,6.7,15.5,1,14.5,81.8,3,59.7,75.0,Regular
STU0029,Male,21,Computer Engineering,Third Year,Fifth Semester,Theory of Computation,Period_1,11,6,63.24,80.0,16.2,15.5,0,14.5,79.6,2,68.6,54.55,Defaulter
STU0029,Male,21,Computer Engineering,Third Year,Fifth Semester,Theory of Computation,Period_2,10,9,63.24,80.0,18.0,15.5,1,14.5,79.2,0,90.9,90.0,Regular
STU0029,Male,21,Computer Engineering,Third Year,Fifth Semester,Theory of Computation,Period_3,9,6,63.24,80.0,9.8,15.5,0,14.5,78.6,0,94.0,66.67,Defaulter
STU0029,Male,21,Computer Engineering,Third Year,Fifth Semester,Theory of Computation,Period_4,8,7,63.24,80.0,5.8,15.5,0,14.5,72.8,2,62.1,87.5,Regular
STU0030,Male,21,Computer Engineering,Third Year,Fifth Semester,Computer Networks,Period_1,12,9,60.71,53.5,10.6,11.9,1,1.3,56.3,0,58.8,75.0,Regular
STU0030,Male,21,Computer Engineering,Third Year,Fifth Semester,Computer Networks,Period_2,8,6,60.71,53.5,8.2,11.9,1,1.3,58.0,0,100.0,75.0,Regular
STU0030,Male,21,Computer Engineering,Third Year,Fifth Semester,Computer Networks,Period_3,11,6,60.71,53.5,8.7,11.9,1,1.3,54.6,2,66.6,54.55,Defaulter
STU0030,Male,21,Computer Engineering,Third Year,Fifth Semester,Computer Networks,Period_4,10,6,60.71,53.5,14.4,11.9,2,1.3,53.6,7,85.3,60.0,Defaulter
STU0030,Male,21,Computer Engineering,Third Year,Fifth Semester,Data Structures & Algorithms,Period_1,10,8,44.07,59.5,16.0,11.9,0,1.3,61.4,3,82.1,80.0,Regular
STU0030,Male,21,Computer Engineering,Third Year,Fifth Semester,Data Structures & Algorithms,Period_2,9,5,44.07,59.5,4.6,11.9,2,1.3,54.5,1,83.3,55.56,Defaulter
STU0030,Male,21,Computer Engineering,Third Year,Fifth Semester,Data Structures & Algorithms,Period_3,10,5,44.07,59.5,4.2,11.9,2,1.3,51.8,1,61.4,50.0,Defaulter
STU0030,Male,21,Computer Engineering,Third Year,Fifth Semester,Data Structures & Algorithms,Period_4,11,6,44.07,59.5,14.2,11.9,0,1.3,59.9,1,78.0,54.55,Defaulter
STU0030,Male,21,Computer Engineering,Third Year,Fifth Semester,Database Management Systems,Period_1,9,4,61.97,62.5,4.1,11.9,1,1.3,47.2,1,71.3,44.44,Defaulter
STU0030,Male,21,Computer Engineering,Third Year,Fifth Semester,Database Management Systems,Period_2,11,9,61.97,62.5,11.2,11.9,1,1.3,50.9,3,52.8,81.82,Regular
STU0030,Male,21,Computer Engineering,Third Year,Fifth Semester,Database Management Systems,Period_3,11,7,61.97,62.5,18.7,11.9,1,1.3,56.4,1,61.7,63.64,Defaulter
STU0030,Male,21,Computer Engineering,Third Year,Fifth Semester,Database Management Systems,Period_4,10,7,61.97,62.5,16.6,11.9,2,1.3,55.9,2,97.9,70.0,Defaulter
STU0030,Male,21,Computer Engineering,Third Year,Fifth Semester,Software Engineering,Period_1,8,6,49.33,58.4,12.6,11.9,3,1.3,52.8,4,78.9,75.0,Regular
STU0030,Male,21,Computer Engineering,Third Year,Fifth Semester,Software Engineering,Period_2,12,7,49.33,58.4,16.5,11.9,0,1.3,59.2,2,43.9,58.33,Defaulter
STU0030,Male,21,Computer Engineering,Third Year,Fifth Semester,Software Engineering,Period_3,11,8,49.33,58.4,10.6,11.9,2,1.3,55.0,3,65.4,72.73,Defaulter
STU0030,Male,21,Computer Engineering,Third Year,Fifth Semester,Software Engineering,Period_4,10,5,49.33,58.4,12.6,11.9,3,1.3,54.9,1,65.2,50.0,Defaulter
STU0030,Male,21,Computer Engineering,Third Year,Fifth Semester,Theory of Computation,Period_1,10,7,55.89,49.3,10.0,11.9,1,1.3,51.9,3,64.3,70.0,Defaulter
STU0030,Male,21,Computer Engineering,Third Year,Fifth Semester,Theory of Computation,Period_2,12,9,55.89,49.3,14.6,11.9,1,1.3,54.8,3,27.3,75.0,Regular
STU0030,Male,21,Computer Engineering,Third Year,Fifth Semester,Theory of Computation,Period_3,11,8,55.89,49.3,5.7,11.9,0,1.3,52.7,3,75.4,72.73,Defaulter
STU0030,Male,21,Computer Engineering,Third Year,Fifth Semester,Theory of Computation,Period_4,12,7,55.89,49.3,0.1,11.9,1,1.3,58.0,1,63.9,58.33,Defaulter
STU0031,Female,21,Computer Engineering,Third Year,Fifth Semester,Computer Networks,Period_1,11,5,56.94,75.1,13.2,11.3,2,16.1,62.0,0,74.7,45.45,Defaulter
STU0031,Female,21,Computer Engineering,Third Year,Fifth Semester,Computer Networks,Period_2,12,9,56.94,75.1,21.3,11.3,1,16.1,61.1,4,62.0,75.0,Regular
STU0031,Female,21,Computer Engineering,Third Year,Fifth Semester,Computer Networks,Period_3,9,4,56.94,75.1,6.3,11.3,1,16.1,54.9,1,66.0,44.44,Defaulter
STU0031,Female,21,Computer Engineering,Third Year,Fifth Semester,Computer Networks,Period_4,12,4,56.94,75.1,0.0,11.3,1,16.1,57.9,3,80.0,33.33,Defaulter
STU0031,Female,21,Computer Engineering,Third Year,Fifth Semester,Data Structures & Algorithms,Period_1,10,5,56.26,47.5,12.5,11.3,0,16.1,57.2,3,48.9,50.0,Defaulter
STU0031,Female,21,Computer Engineering,Third Year,Fifth Semester,Data Structures & Algorithms,Period_2,8,3,56.26,47.5,11.3,11.3,0,16.1,64.1,1,94.8,37.5,Defaulter
STU0031,Female,21,Computer Engineering,Third Year,Fifth Semester,Data Structures & Algorithms,Period_3,8,4,56.26,47.5,16.3,11.3,0,16.1,56.8,4,84.8,50.0,Defaulter
STU0031,Female,21,Computer Engineering,Third Year,Fifth Semester,Data Structures & Algorithms,Period_4,9,5,56.26,47.5,5.5,11.3,0,16.1,56.9,3,70.8,55.56,Defaulter
STU0031,Female,21,Computer Engineering,Third Year,Fifth Semester,Database Management Systems,Period_1,12,6,53.0,65.5,10.5,11.3,0,16.1,65.2,3,81.9,50.0,Defaulter
STU0031,Female,21,Computer Engineering,Third Year,Fifth Semester,Database Management Systems,Period_2,8,5,53.0,65.5,2.6,11.3,3,16.1,64.0,0,49.5,62.5,Defaulter
STU0031,Female,21,Computer Engineering,Third Year,Fifth Semester,Database Management Systems,Period_3,8,4,53.0,65.5,5.6,11.3,0,16.1,56.9,1,61.1,50.0,Defaulter
STU0031,Female,21,Computer Engineering,Third Year,Fifth Semester,Database Management Systems,Period_4,11,3,53.0,65.5,0.0,11.3,1,16.1,57.1,2,66.2,27.27,Defaulter
STU0031,Female,21,Computer Engineering,Third Year,Fifth Semester,Software Engineering,Period_1,12,9,55.09,42.4,19.4,11.3,1,16.1,56.1,0,68.9,75.0,Regular
STU0031,Female,21,Computer Engineering,Third Year,Fifth Semester,Software Engineering,Period_2,9,5,55.09,42.4,10.0,11.3,0,16.1,57.2,1,49.7,55.56,Defaulter
STU0031,Female,21,Computer Engineering,Third Year,Fifth Semester,Software Engineering,Period_3,10,6,55.09,42.4,7.0,11.3,1,16.1,65.6,4,59.6,60.0,Defaulter
STU0031,Female,21,Computer Engineering,Third Year,Fifth Semester,Software Engineering,Period_4,10,5,55.09,42.4,5.0,11.3,3,16.1,60.2,1,68.5,50.0,Defaulter
STU0031,Female,21,Computer Engineering,Third Year,Fifth Semester,Theory of Computation,Period_1,11,5,43.1,66.0,10.7,11.3,1,16.1,62.7,3,67.0,45.45,Defaulter
STU0031,Female,21,Computer Engineering,Third Year,Fifth Semester,Theory of Computation,Period_2,11,6,43.1,66.0,14.4,11.3,0,16.1,60.4,2,65.9,54.55,Defaulter
STU0031,Female,21,Computer Engineering,Third Year,Fifth Semester,Theory of Computation,Period_3,9,4,43.1,66.0,14.8,11.3,1,16.1,58.9,1,100.0,44.44,Defaulter
STU0031,Female,21,Computer Engineering,Third Year,Fifth Semester,Theory of Computation,Period_4,8,4,43.1,66.0,6.4,11.3,1,16.1,57.6,2,63.8,50.0,Defaulter
STU0032,Male,20,Computer Engineering,Third Year,Fifth Semester,Computer Networks,Period_1,12,9,69.58,57.7,19.3,11.0,0,20.4,60.0,1,85.6,75.0,Regular
STU0032,Male,20,Computer Engineering,Third Year,Fifth Semester,Computer Networks,Period_2,10,6,69.58,57.7,8.2,11.0,1,20.4,58.3,3,46.7,60.0,Defaulter
STU0032,Male,20,Computer Engineering,Third Year,Fifth Semester,Computer Networks,Period_3,9,6,69.58,57.7,12.9,11.0,1,20.4,65.0,1,73.4,66.67,Defaulter
STU0032,Male,20,Computer Engineering,Third Year,Fifth Semester,Computer Networks,Period_4,9,7,69.58,57.7,15.5,11.0,0,20.4,60.8,0,65.4,77.78,Regular
STU0032,Male,20,Computer Engineering,Third Year,Fifth Semester,Data Structures & Algorithms,Period_1,9,6,67.99,26.5,17.9,11.0,1,20.4,59.0,2,65.8,66.67,Defaulter
STU0032,Male,20,Computer Engineering,Third Year,Fifth Semester,Data Structures & Algorithms,Period_2,10,7,67.99,26.5,11.8,11.0,0,20.4,65.0,1,84.4,70.0,Defaulter
STU0032,Male,20,Computer Engineering,Third Year,Fifth Semester,Data Structures & Algorithms,Period_3,11,9,67.99,26.5,17.2,11.0,0,20.4,66.6,2,97.5,81.82,Regular
STU0032,Male,20,Computer Engineering,Third Year,Fifth Semester,Data Structures & Algorithms,Period_4,12,8,67.99,26.5,10.2,11.0,1,20.4,59.7,2,69.7,66.67,Defaulter
STU0032,Male,20,Computer Engineering,Third Year,Fifth Semester,Database Management Systems,Period_1,12,9,64.4,55.9,18.7,11.0,2,20.4,66.1,3,100.0,75.0,Regular
STU0032,Male,20,Computer Engineering,Third Year,Fifth Semester,Database Management Systems,Period_2,11,8,64.4,55.9,14.1,11.0,0,20.4,55.4,2,69.2,72.73,Defaulter
STU0032,Male,20,Computer Engineering,Third Year,Fifth Semester,Database Management Systems,Period_3,8,5,64.4,55.9,10.4,11.0,0,20.4,59.4,4,69.5,62.5,Defaulter
STU0032,Male,20,Computer Engineering,Third Year,Fifth Semester,Database Management Systems,Period_4,8,4,64.4,55.9,13.0,11.0,1,20.4,61.6,1,38.4,50.0,Defaulter
STU0032,Male,20,Computer Engineering,Third Year,Fifth Semester,Software Engineering,Period_1,8,5,72.27,68.1,10.9,11.0,0,20.4,63.2,0,44.4,62.5,Defaulter
STU0032,Male,20,Computer Engineering,Third Year,Fifth Semester,Software Engineering,Period_2,9,4,72.27,68.1,6.2,11.0,0,20.4,59.8,3,74.6,44.44,Defaulter
STU0032,Male,20,Computer Engineering,Third Year,Fifth Semester,Software Engineering,Period_3,9,6,72.27,68.1,18.9,11.0,0,20.4,58.7,3,67.7,66.67,Defaulter
STU0032,Male,20,Computer Engineering,Third Year,Fifth Semester,Software Engineering,Period_4,12,9,72.27,68.1,17.0,11.0,1,20.4,63.6,3,69.1,75.0,Regular
STU0032,Male,20,Computer Engineering,Third Year,Fifth Semester,Theory of Computation,Period_1,10,8,71.57,68.9,9.7,11.0,1,20.4,64.9,2,80.9,80.0,Regular
STU0032,Male,20,Computer Engineering,Third Year,Fifth Semester,Theory of Computation,Period_2,12,7,71.57,68.9,10.3,11.0,3,20.4,59.7,2,68.0,58.33,Defaulter
STU0032,Male,20,Computer Engineering,Third Year,Fifth Semester,Theory of Computation,Period_3,8,6,71.57,68.9,12.6,11.0,0,20.4,60.3,2,77.4,75.0,Regular
STU0032,Male,20,Computer Engineering,Third Year,Fifth Semester,Theory of Computation,Period_4,8,6,71.57,68.9,15.9,11.0,0,20.4,59.6,1,50.1,75.0,Regular
STU0033,Female,19,Computer Engineering,Third Year,Fifth Semester,Computer Networks,Period_1,9,5,50.47,72.6,11.8,12.4,0,22.7,58.3,2,65.4,55.56,Defaulter
STU0033,Female,19,Computer Engineering,Third Year,Fifth Semester,Computer Networks,Period_2,8,4,50.47,72.6,12.8,12.4,2,22.7,58.2,1,70.0,50.0,Defaulter
STU0033,Female,19,Computer Engineering,Third Year,Fifth Semester,Computer Networks,Period_3,12,8,50.47,72.6,18.0,12.4,0,22.7,54.0,5,74.0,66.67,Defaulter
STU0033,Female,19,Computer Engineering,Third Year,Fifth Semester,Computer Networks,Period_4,9,5,50.47,72.6,16.1,12.4,0,22.7,61.1,0,47.7,55.56,Defaulter
STU0033,Female,19,Computer Engineering,Third Year,Fifth Semester,Data Structures & Algorithms,Period_1,10,6,53.67,32.7,11.1,12.4,1,22.7,59.3,2,60.6,60.0,Defaulter
STU0033,Female,19,Computer Engineering,Third Year,Fifth Semester,Data Structures & Algorithms,Period_2,11,5,53.67,32.7,13.9,12.4,2,22.7,60.7,2,59.5,45.45,Defaulter
STU0033,Female,19,Computer Engineering,Third Year,Fifth Semester,Data Structures & Algorithms,Period_3,10,5,53.67,32.7,3.7,12.4,1,22.7,59.0,3,78.8,50.0,Defaulter
STU0033,Female,19,Computer Engineering,Third Year,Fifth Semester,Data Structures & Algorithms,Period_4,10,5,53.67,32.7,4.8,12.4,0,22.7,56.8,1,71.5,50.0,Defaulter
STU0033,Female,19,Computer Engineering,Third Year,Fifth Semester,Database Management Systems,Period_1,9,4,46.45,65.9,3.6,12.4,0,22.7,54.3,2,87.1,44.44,Defaulter
STU0033,Female,19,Computer Engineering,Third Year,Fifth Semester,Database Management Systems,Period_2,11,9,46.45,65.9,24.5,12.4,1,22.7,59.4,2,83.0,81.82,Regular
STU0033,Female,19,Computer Engineering,Third Year,Fifth Semester,Database Management Systems,Period_3,9,5,46.45,65.9,12.1,12.4,2,22.7,58.5,1,100.0,55.56,Defaulter
STU0033,Female,19,Computer Engineering,Third Year,Fifth Semester,Database Management Systems,Period_4,12,8,46.45,65.9,19.1,12.4,2,22.7,62.2,1,42.4,66.67,Defaulter
STU0033,Female,19,Computer Engineering,Third Year,Fifth Semester,Software Engineering,Period_1,9,4,71.18,57.2,10.1,12.4,1,22.7,63.2,5,94.9,44.44,Defaulter
STU0033,Female,19,Computer Engineering,Third Year,Fifth Semester,Software Engineering,Period_2,11,6,71.18,57.2,5.2,12.4,1,22.7,61.9,3,60.0,54.55,Defaulter
STU0033,Female,19,Computer Engineering,Third Year,Fifth Semester,Software Engineering,Period_3,10,6,71.18,57.2,7.9,12.4,1,22.7,58.3,3,94.3,60.0,Defaulter
STU0033,Female,19,Computer Engineering,Third Year,Fifth Semester,Software Engineering,Period_4,9,6,71.18,57.2,11.5,12.4,1,22.7,58.3,4,75.6,66.67,Defaulter
STU0033,Female,19,Computer Engineering,Third Year,Fifth Semester,Theory of Computation,Period_1,10,8,41.85,68.8,7.5,12.4,0,22.7,61.7,2,79.5,80.0,Regular
STU0033,Female,19,Computer Engineering,Third Year,Fifth Semester,Theory of Computation,Period_2,8,6,41.85,68.8,17.5,12.4,1,22.7,60.7,5,78.4,75.0,Regular
STU0033,Female,19,Computer Engineering,Third Year,Fifth Semester,Theory of Computation,Period_3,8,5,41.85,68.8,11.2,12.4,1,22.7,61.2,2,69.0,62.5,Defaulter
STU0033,Female,19,Computer Engineering,Third Year,Fifth Semester,Theory of Computation,Period_4,9,5,41.85,68.8,5.2,12.4,0,22.7,57.8,4,64.3,55.56,Defaulter
STU0034,Female,21,Computer Engineering,Third Year,Fifth Semester,Computer Networks,Period_1,8,5,66.39,65.3,9.8,14.9,1,23.0,68.4,1,71.5,62.5,Defaulter
STU0034,Female,21,Computer Engineering,Third Year,Fifth Semester,Computer Networks,Period_2,12,7,66.39,65.3,4.7,14.9,1,23.0,72.2,4,70.6,58.33,Defaulter
STU0034,Female,21,Computer Engineering,Third Year,Fifth Semester,Computer Networks,Period_3,8,6,66.39,65.3,11.1,14.9,0,23.0,68.1,4,64.7,75.0,Regular
STU0034,Female,21,Computer Engineering,Third Year,Fifth Semester,Computer Networks,Period_4,11,10,66.39,65.3,10.7,14.9,0,23.0,68.0,1,54.3,90.91,Regular
STU0034,Female,21,Computer Engineering,Third Year,Fifth Semester,Data Structures & Algorithms,Period_1,12,9,73.95,54.9,11.3,14.9,0,23.0,79.0,2,53.9,75.0,Regular
STU0034,Female,21,Computer Engineering,Third Year,Fifth Semester,Data Structures & Algorithms,Period_2,8,7,73.95,54.9,16.8,14.9,4,23.0,73.0,4,70.2,87.5,Regular
STU0034,Female,21,Computer Engineering,Third Year,Fifth Semester,Data Structures & Algorithms,Period_3,10,9,73.95,54.9,15.8,14.9,1,23.0,71.1,2,80.1,90.0,Regular
STU0034,Female,21,Computer Engineering,Third Year,Fifth Semester,Data Structures & Algorithms,Period_4,8,3,73.95,54.9,0.0,14.9,0,23.0,77.7,1,65.2,37.5,Defaulter
STU0034,Female,21,Computer Engineering,Third Year,Fifth Semester,Database Management Systems,Period_1,12,9,73.48,52.8,9.5,14.9,0,23.0,72.0,0,77.7,75.0,Regular
STU0034,Female,21,Computer Engineering,Third Year,Fifth Semester,Database Management Systems,Period_2,12,7,73.48,52.8,16.7,14.9,3,23.0,67.7,0,80.4,58.33,Defaulter
STU0034,Female,21,Computer Engineering,Third Year,Fifth Semester,Database Management Systems,Period_3,12,9,73.48,52.8,18.1,14.9,1,23.0,72.0,2,62.2,75.0,Regular
STU0034,Female,21,Computer Engineering,Third Year,Fifth Semester,Database Management Systems,Period_4,12,9,73.48,52.8,6.7,14.9,0,23.0,71.6,2,72.6,75.0,Regular
STU0034,Female,21,Computer Engineering,Third Year,Fifth Semester,Software Engineering,Period_1,11,11,75.7,80.1,22.3,14.9,2,23.0,76.8,5,44.7,100.0,Regular
STU0034,Female,21,Computer Engineering,Third Year,Fifth Semester,Software Engineering,Period_2,12,8,75.7,80.1,10.2,14.9,1,23.0,73.0,4,61.6,66.67,Defaulter
STU0034,Female,21,Computer Engineering,Third Year,Fifth Semester,Software Engineering,Period_3,10,7,75.7,80.1,15.4,14.9,2,23.0,67.6,0,77.5,70.0,Defaulter
STU0034,Female,21,Computer Engineering,Third Year,Fifth Semester,Software Engineering,Period_4,8,5,75.7,80.1,8.4,14.9,0,23.0,71.0,2,44.7,62.5,Defaulter
STU0034,Female,21,Computer Engineering,Third Year,Fifth Semester,Theory of Computation,Period_1,12,7,71.99,58.1,13.8,14.9,0,23.0,71.7,4,66.9,58.33,Defaulter
STU0034,Female,21,Computer Engineering,Third Year,Fifth Semester,Theory of Computation,Period_2,11,7,71.99,58.1,3.4,14.9,1,23.0,77.9,0,89.2,63.64,Defaulter
STU0034,Female,21,Computer Engineering,Third Year,Fifth Semester,Theory of Computation,Period_3,9,8,71.99,58.1,19.1,14.9,2,23.0,73.9,2,64.6,88.89,Regular
STU0034,Female,21,Computer Engineering,Third Year,Fifth Semester,Theory of Computation,Period_4,9,6,71.99,58.1,11.2,14.9,0,23.0,76.4,1,77.3,66.67,Defaulter
STU0035,Female,23,Computer Engineering,Third Year,Fifth Semester,Computer Networks,Period_1,11,7,77.85,60.0,14.8,13.4,2,17.0,70.5,2,89.8,63.64,Defaulter
STU0035,Female,23,Computer Engineering,Third Year,Fifth Semester,Computer Networks,Period_2,10,7,77.85,60.0,11.9,13.4,2,17.0,74.0,1,67.0,70.0,Defaulter
STU0035,Female,23,Computer Engineering,Third Year,Fifth Semester,Computer Networks,Period_3,8,6,77.85,60.0,15.8,13.4,0,17.0,75.0,1,88.7,75.0,Regular
STU0035,Female,23,Computer Engineering,Third Year,Fifth Semester,Computer Networks,Period_4,12,6,77.85,60.0,8.5,13.4,3,17.0,73.2,4,78.3,50.0,Defaulter
STU0035,Female,23,Computer Engineering,Third Year,Fifth Semester,Data Structures & Algorithms,Period_1,9,6,70.55,46.3,10.4,13.4,0,17.0,78.0,4,72.0,66.67,Defaulter
STU0035,Female,23,Computer Engineering,Third Year,Fifth Semester,Data Structures & Algorithms,Period_2,8,5,70.55,46.3,14.3,13.4,0,17.0,73.9,3,78.1,62.5,Defaulter
STU0035,Female,23,Computer Engineering,Third Year,Fifth Semester,Data Structures & Algorithms,Period_3,9,7,70.55,46.3,12.4,13.4,2,17.0,70.5,0,87.6,77.78,Regular
STU0035,Female,23,Computer Engineering,Third Year,Fifth Semester,Data Structures & Algorithms,Period_4,11,8,70.55,46.3,17.7,13.4,0,17.0,76.1,1,72.3,72.73,Defaulter
STU0035,Female,23,Computer Engineering,Third Year,Fifth Semester,Database Management Systems,Period_1,9,7,76.86,63.6,21.0,13.4,0,17.0,82.2,1,41.1,77.78,Regular
STU0035,Female,23,Computer Engineering,Third Year,Fifth Semester,Database Management Systems,Period_2,9,6,76.86,63.6,18.0,13.4,1,17.0,75.7,2,95.3,66.67,Defaulter
STU0035,Female,23,Computer Engineering,Third Year,Fifth Semester,Database Management Systems,Period_3,8,4,76.86,63.6,8.7,13.4,0,17.0,67.6,3,88.9,50.0,Defaulter
STU0035,Female,23,Computer Engineering,Third Year,Fifth Semester,Database Management Systems,Period_4,10,8,76.86,63.6,13.1,13.4,2,17.0,77.0,0,67.8,80.0,Regular
STU0035,Female,23,Computer Engineering,Third Year,Fifth Semester,Software Engineering,Period_1,9,7,74.14,61.1,14.7,13.4,0,17.0,73.4,1,68.7,77.78,Regular
STU0035,Female,23,Computer Engineering,Third Year,Fifth Semester,Software Engineering,Period_2,8,5,74.14,61.1,17.4,13.4,1,17.0,75.4,2,67.0,62.5,Defaulter
STU0035,Female,23,Computer Engineering,Third Year,Fifth Semester,Software Engineering,Period_3,10,7,74.14,61.1,13.4,13.4,1,17.0,72.7,0,55.5,70.0,Defaulter
STU0035,Female,23,Computer Engineering,Third Year,Fifth Semester,Software Engineering,Period_4,10,7,74.14,61.1,8.3,13.4,0,17.0,76.9,4,53.8,70.0,Defaulter
STU0035,Female,23,Computer Engineering,Third Year,Fifth Semester,Theory of Computation,Period_1,12,9,66.16,53.2,14.1,13.4,1,17.0,84.3,2,61.1,75.0,Regular
STU0035,Female,23,Computer Engineering,Third Year,Fifth Semester,Theory of Computation,Period_2,11,8,66.16,53.2,7.6,13.4,0,17.0,73.8,0,84.5,72.73,Defaulter
STU0035,Female,23,Computer Engineering,Third Year,Fifth Semester,Theory of Computation,Period_3,12,11,66.16,53.2,18.8,13.4,2,17.0,79.8,1,72.2,91.67,Regular
STU0035,Female,23,Computer Engineering,Third Year,Fifth Semester,Theory of Computation,Period_4,12,10,66.16,53.2,15.8,13.4,2,17.0,73.2,0,73.5,83.33,Regular
STU0036,Female,19,Computer Engineering,Third Year,Fifth Semester,Computer Networks,Period_1,11,11,98.63,89.7,20.7,16.6,3,1.3,77.0,0,65.9,100.0,Regular
STU0036,Female,19,Computer Engineering,Third Year,Fifth Semester,Computer Networks,Period_2,9,9,98.63,89.7,14.2,16.6,2,1.3,83.8,1,63.7,100.0,Regular
STU0036,Female,19,Computer Engineering,Third Year,Fifth Semester,Computer Networks,Period_3,9,9,98.63,89.7,25.1,16.6,1,1.3,78.5,2,66.4,100.0,Regular
STU0036,Female,19,Computer Engineering,Third Year,Fifth Semester,Computer Networks,Period_4,8,8,98.63,89.7,18.3,16.6,1,1.3,80.2,2,63.0,100.0,Regular
STU0036,Female,19,Computer Engineering,Third Year,Fifth Semester,Data Structures & Algorithms,Period_1,10,10,100.0,78.5,15.9,16.6,0,1.3,77.1,0,82.2,100.0,Regular
STU0036,Female,19,Computer Engineering,Third Year,Fifth Semester,Data Structures & Algorithms,Period_2,9,9,100.0,78.5,16.8,16.6,0,1.3,74.8,1,54.8,100.0,Regular
STU0036,Female,19,Computer Engineering,Third Year,Fifth Semester,Data Structures & Algorithms,Period_3,12,11,100.0,78.5,16.2,16.6,0,1.3,78.7,3,79.2,91.67,Regular
STU0036,Female,19,Computer Engineering,Third Year,Fifth Semester,Data Structures & Algorithms,Period_4,12,10,100.0,78.5,15.5,16.6,2,1.3,75.8,1,87.0,83.33,Regular
STU0036,Female,19,Computer Engineering,Third Year,Fifth Semester,Database Management Systems,Period_1,9,9,89.57,74.9,18.2,16.6,1,1.3,80.5,0,54.9,100.0,Regular
STU0036,Female,19,Computer Engineering,Third Year,Fifth Semester,Database Management Systems,Period_2,12,8,89.57,74.9,7.5,16.6,0,1.3,77.7,1,84.5,66.67,Defaulter
STU0036,Female,19,Computer Engineering,Third Year,Fifth Semester,Database Management Systems,Period_3,12,11,89.57,74.9,12.6,16.6,0,1.3,84.2,0,65.1,91.67,Regular
STU0036,Female,19,Computer Engineering,Third Year,Fifth Semester,Database Management Systems,Period_4,12,10,89.57,74.9,20.6,16.6,4,1.3,77.6,0,76.7,83.33,Regular
STU0036,Female,19,Computer Engineering,Third Year,Fifth Semester,Software Engineering,Period_1,9,9,81.32,84.0,20.5,16.6,3,1.3,75.2,2,64.2,100.0,Regular
STU0036,Female,19,Computer Engineering,Third Year,Fifth Semester,Software Engineering,Period_2,9,9,81.32,84.0,15.7,16.6,1,1.3,79.4,0,69.3,100.0,Regular
STU0036,Female,19,Computer Engineering,Third Year,Fifth Semester,Software Engineering,Period_3,10,10,81.32,84.0,23.4,16.6,2,1.3,75.2,4,40.0,100.0,Regular
STU0036,Female,19,Computer Engineering,Third Year,Fifth Semester,Software Engineering,Period_4,11,10,81.32,84.0,16.1,16.6,0,1.3,78.9,5,47.6,90.91,Regular
STU0036,Female,19,Computer Engineering,Third Year,Fifth Semester,Theory of Computation,Period_1,8,7,81.62,63.8,22.3,16.6,1,1.3,75.6,0,69.7,87.5,Regular
STU0036,Female,19,Computer Engineering,Third Year,Fifth Semester,Theory of Computation,Period_2,12,11,81.62,63.8,12.8,16.6,3,1.3,76.1,3,62.8,91.67,Regular
STU0036,Female,19,Computer Engineering,Third Year,Fifth Semester,Theory of Computation,Period_3,10,10,81.62,63.8,28.0,16.6,1,1.3,84.3,0,91.4,100.0,Regular
STU0036,Female,19,Computer Engineering,Third Year,Fifth Semester,Theory of Computation,Period_4,11,9,81.62,63.8,12.8,16.6,0,1.3,80.9,2,70.8,81.82,Regular
STU0037,Female,23,Computer Engineering,Third Year,Fifth Semester,Computer Networks,Period_1,8,3,55.52,53.2,4.2,10.4,3,8.7,66.4,2,68.0,37.5,Defaulter
STU0037,Female,23,Computer Engineering,Third Year,Fifth Semester,Computer Networks,Period_2,8,1,55.52,53.2,0.7,10.4,2,8.7,65.4,1,48.7,12.5,Defaulter
STU0037,Female,23,Computer Engineering,Third Year,Fifth Semester,Computer Networks,Period_3,10,3,55.52,53.2,1.1,10.4,2,8.7,65.8,3,61.1,30.0,Defaulter
STU0037,Female,23,Computer Engineering,Third Year,Fifth Semester,Computer Networks,Period_4,12,6,55.52,53.2,6.1,10.4,0,8.7,62.4,2,85.5,50.0,Defaulter
STU0037,Female,23,Computer Engineering,Third Year,Fifth Semester,Data Structures & Algorithms,Period_1,11,6,41.35,50.2,4.4,10.4,0,8.7,63.7,1,84.5,54.55,Defaulter
STU0037,Female,23,Computer Engineering,Third Year,Fifth Semester,Data Structures & Algorithms,Period_2,8,4,41.35,50.2,9.7,10.4,2,8.7,68.4,4,73.9,50.0,Defaulter
STU0037,Female,23,Computer Engineering,Third Year,Fifth Semester,Data Structures & Algorithms,Period_3,10,4,41.35,50.2,10.9,10.4,3,8.7,66.6,3,78.8,40.0,Defaulter
STU0037,Female,23,Computer Engineering,Third Year,Fifth Semester,Data Structures & Algorithms,Period_4,11,6,41.35,50.2,4.0,10.4,1,8.7,70.3,2,91.6,54.55,Defaulter
STU0037,Female,23,Computer Engineering,Third Year,Fifth Semester,Database Management Systems,Period_1,9,6,55.27,41.5,12.4,10.4,1,8.7,65.7,2,52.2,66.67,Defaulter
STU0037,Female,23,Computer Engineering,Third Year,Fifth Semester,Database Management Systems,Period_2,11,7,55.27,41.5,12.3,10.4,1,8.7,62.7,0,32.6,63.64,Defaulter
STU0037,Female,23,Computer Engineering,Third Year,Fifth Semester,Database Management Systems,Period_3,10,3,55.27,41.5,4.1,10.4,1,8.7,65.5,2,75.6,30.0,Defaulter
STU0037,Female,23,Computer Engineering,Third Year,Fifth Semester,Database Management Systems,Period_4,10,6,55.27,41.5,7.6,10.4,1,8.7,66.4,1,83.4,60.0,Defaulter
STU0037,Female,23,Computer Engineering,Third Year,Fifth Semester,Software Engineering,Period_1,9,5,55.3,56.0,10.5,10.4,2,8.7,64.2,3,76.6,55.56,Defaulter
STU0037,Female,23,Computer Engineering,Third Year,Fifth Semester,Software Engineering,Period_2,8,3,55.3,56.0,5.3,10.4,2,8.7,58.2,1,78.9,37.5,Defaulter
STU0037,Female,23,Computer Engineering,Third Year,Fifth Semester,Software Engineering,Period_3,10,4,55.3,56.0,9.0,10.4,0,8.7,65.9,2,91.5,40.0,Defaulter
STU0037,Female,23,Computer Engineering,Third Year,Fifth Semester,Software Engineering,Period_4,10,6,55.3,56.0,14.6,10.4,0,8.7,64.6,0,87.9,60.0,Defaulter
STU0037,Female,23,Computer Engineering,Third Year,Fifth Semester,Theory of Computation,Period_1,12,6,52.11,52.9,12.2,10.4,1,8.7,67.4,2,76.9,50.0,Defaulter
STU0037,Female,23,Computer Engineering,Third Year,Fifth Semester,Theory of Computation,Period_2,10,4,52.11,52.9,13.2,10.4,0,8.7,71.2,0,79.5,40.0,Defaulter
STU0037,Female,23,Computer Engineering,Third Year,Fifth Semester,Theory of Computation,Period_3,11,5,52.11,52.9,2.2,10.4,1,8.7,65.4,2,49.2,45.45,Defaulter
STU0037,Female,23,Computer Engineering,Third Year,Fifth Semester,Theory of Computation,Period_4,11,4,52.11,52.9,5.0,10.4,1,8.7,65.3,1,74.8,36.36,Defaulter
STU0038,Male,23,Computer Engineering,Third Year,Fifth Semester,Computer Networks,Period_1,11,10,100.0,60.4,20.7,15.2,0,4.9,74.3,1,100.0,90.91,Regular
STU0038,Male,23,Computer Engineering,Third Year,Fifth Semester,Computer Networks,Period_2,12,12,100.0,60.4,22.1,15.2,0,4.9,73.1,0,49.5,100.0,Regular
STU0038,Male,23,Computer Engineering,Third Year,Fifth Semester,Computer Networks,Period_3,12,11,100.0,60.4,13.5,15.2,0,4.9,68.1,0,68.1,91.67,Regular
STU0038,Male,23,Computer Engineering,Third Year,Fifth Semester,Computer Networks,Period_4,8,7,100.0,60.4,9.7,15.2,4,4.9,75.9,0,51.8,87.5,Regular
STU0038,Male,23,Computer Engineering,Third Year,Fifth Semester,Data Structures & Algorithms,Period_1,10,10,100.0,56.9,14.2,15.2,2,4.9,70.5,1,69.8,100.0,Regular
STU0038,Male,23,Computer Engineering,Third Year,Fifth Semester,Data Structures & Algorithms,Period_2,9,8,100.0,56.9,19.7,15.2,1,4.9,73.2,2,81.9,88.89,Regular
STU0038,Male,23,Computer Engineering,Third Year,Fifth Semester,Data Structures & Algorithms,Period_3,8,8,100.0,56.9,17.9,15.2,1,4.9,71.7,1,45.3,100.0,Regular
STU0038,Male,23,Computer Engineering,Third Year,Fifth Semester,Data Structures & Algorithms,Period_4,11,11,100.0,56.9,21.3,15.2,1,4.9,74.7,1,67.3,100.0,Regular
STU0038,Male,23,Computer Engineering,Third Year,Fifth Semester,Database Management Systems,Period_1,12,9,90.23,66.7,12.7,15.2,2,4.9,79.1,2,69.3,75.0,Regular
STU0038,Male,23,Computer Engineering,Third Year,Fifth Semester,Database Management Systems,Period_2,10,10,90.23,66.7,16.4,15.2,0,4.9,71.2,1,48.7,100.0,Regular
STU0038,Male,23,Computer Engineering,Third Year,Fifth Semester,Database Management Systems,Period_3,9,9,90.23,66.7,9.2,15.2,0,4.9,73.6,2,45.5,100.0,Regular
STU0038,Male,23,Computer Engineering,Third Year,Fifth Semester,Database Management Systems,Period_4,8,8,90.23,66.7,20.5,15.2,1,4.9,71.3,1,73.7,100.0,Regular
STU0038,Male,23,Computer Engineering,Third Year,Fifth Semester,Software Engineering,Period_1,9,8,100.0,56.9,15.9,15.2,1,4.9,66.3,1,77.0,88.89,Regular
STU0038,Male,23,Computer Engineering,Third Year,Fifth Semester,Software Engineering,Period_2,8,7,100.0,56.9,19.2,15.2,0,4.9,74.3,1,59.0,87.5,Regular
STU0038,Male,23,Computer Engineering,Third Year,Fifth Semester,Software Engineering,Period_3,10,10,100.0,56.9,19.2,15.2,1,4.9,75.1,4,60.7,100.0,Regular
STU0038,Male,23,Computer Engineering,Third Year,Fifth Semester,Software Engineering,Period_4,10,10,100.0,56.9,17.8,15.2,0,4.9,77.4,1,69.0,100.0,Regular
STU0038,Male,23,Computer Engineering,Third Year,Fifth Semester,Theory of Computation,Period_1,11,11,100.0,76.1,16.0,15.2,1,4.9,74.0,1,65.2,100.0,Regular
STU0038,Male,23,Computer Engineering,Third Year,Fifth Semester,Theory of Computation,Period_2,9,8,100.0,76.1,23.0,15.2,0,4.9,78.1,2,86.5,88.89,Regular
STU0038,Male,23,Computer Engineering,Third Year,Fifth Semester,Theory of Computation,Period_3,9,8,100.0,76.1,11.4,15.2,2,4.9,67.5,2,78.8,88.89,Regular
STU0038,Male,23,Computer Engineering,Third Year,Fifth Semester,Theory of Computation,Period_4,11,10,100.0,76.1,22.8,15.2,1,4.9,70.8,3,54.8,90.91,Regular
STU0039,Male,20,Computer Engineering,Third Year,Fifth Semester,Computer Networks,Period_1,11,8,54.13,55.7,6.3,9.8,2,5.2,53.9,5,64.2,72.73,Defaulter
STU0039,Male,20,Computer Engineering,Third Year,Fifth Semester,Computer Networks,Period_2,9,4,54.13,55.7,7.3,9.8,0,5.2,55.9,3,69.6,44.44,Defaulter
STU0039,Male,20,Computer Engineering,Third Year,Fifth Semester,Computer Networks,Period_3,12,7,54.13,55.7,8.9,9.8,1,5.2,54.1,3,94.3,58.33,Defaulter
STU0039,Male,20,Computer Engineering,Third Year,Fifth Semester,Computer Networks,Period_4,8,3,54.13,55.7,4.3,9.8,1,5.2,56.4,1,62.3,37.5,Defaulter
STU0039,Male,20,Computer Engineering,Third Year,Fifth Semester,Data Structures & Algorithms,Period_1,8,4,46.22,46.9,4.6,9.8,0,5.2,58.6,0,69.0,50.0,Defaulter
STU0039,Male,20,Computer Engineering,Third Year,Fifth Semester,Data Structures & Algorithms,Period_2,12,6,46.22,46.9,8.2,9.8,5,5.2,54.0,5,88.7,50.0,Defaulter
STU0039,Male,20,Computer Engineering,Third Year,Fifth Semester,Data Structures & Algorithms,Period_3,12,5,46.22,46.9,13.3,9.8,1,5.2,53.5,1,48.0,41.67,Defaulter
STU0039,Male,20,Computer Engineering,Third Year,Fifth Semester,Data Structures & Algorithms,Period_4,11,7,46.22,46.9,6.4,9.8,1,5.2,54.8,0,77.5,63.64,Defaulter
STU0039,Male,20,Computer Engineering,Third Year,Fifth Semester,Database Management Systems,Period_1,10,2,43.17,56.5,6.2,9.8,2,5.2,58.1,0,85.9,20.0,Defaulter
STU0039,Male,20,Computer Engineering,Third Year,Fifth Semester,Database Management Systems,Period_2,12,8,43.17,56.5,7.8,9.8,1,5.2,64.0,2,100.0,66.67,Defaulter
STU0039,Male,20,Computer Engineering,Third Year,Fifth Semester,Database Management Systems,Period_3,11,6,43.17,56.5,14.6,9.8,1,5.2,50.4,2,70.2,54.55,Defaulter
STU0039,Male,20,Computer Engineering,Third Year,Fifth Semester,Database Management Systems,Period_4,9,4,43.17,56.5,5.0,9.8,0,5.2,53.1,1,76.3,44.44,Defaulter
STU0039,Male,20,Computer Engineering,Third Year,Fifth Semester,Software Engineering,Period_1,8,5,62.15,44.0,8.3,9.8,1,5.2,59.8,4,78.5,62.5,Defaulter
STU0039,Male,20,Computer Engineering,Third Year,Fifth Semester,Software Engineering,Period_2,9,5,62.15,44.0,9.4,9.8,0,5.2,61.4,1,63.4,55.56,Defaulter
STU0039,Male,20,Computer Engineering,Third Year,Fifth Semester,Software Engineering,Period_3,11,8,62.15,44.0,13.0,9.8,0,5.2,58.6,1,67.8,72.73,Defaulter
STU0039,Male,20,Computer Engineering,Third Year,Fifth Semester,Software Engineering,Period_4,11,6,62.15,44.0,9.0,9.8,3,5.2,59.5,1,67.1,54.55,Defaulter
STU0039,Male,20,Computer Engineering,Third Year,Fifth Semester,Theory of Computation,Period_1,9,3,45.82,65.9,9.2,9.8,0,5.2,60.8,1,83.5,33.33,Defaulter
STU0039,Male,20,Computer Engineering,Third Year,Fifth Semester,Theory of Computation,Period_2,8,3,45.82,65.9,3.8,9.8,1,5.2,59.4,1,29.4,37.5,Defaulter
STU0039,Male,20,Computer Engineering,Third Year,Fifth Semester,Theory of Computation,Period_3,10,5,45.82,65.9,2.2,9.8,1,5.2,64.4,1,79.3,50.0,Defaulter
STU0039,Male,20,Computer Engineering,Third Year,Fifth Semester,Theory of Computation,Period_4,8,4,45.82,65.9,13.5,9.8,1,5.2,51.7,2,57.5,50.0,Defaulter
STU0040,Male,22,Computer Engineering,Third Year,Fifth Semester,Computer Networks,Period_1,9,9,84.87,78.9,21.5,15.6,1,22.8,100.0,1,59.9,100.0,Regular
STU0040,Male,22,Computer Engineering,Third Year,Fifth Semester,Computer Networks,Period_2,8,8,84.87,78.9,23.5,15.6,1,22.8,100.0,2,78.7,100.0,Regular
STU0040,Male,22,Computer Engineering,Third Year,Fifth Semester,Computer Networks,Period_3,10,10,84.87,78.9,13.7,15.6,1,22.8,100.0,2,73.2,100.0,Regular
STU0040,Male,22,Computer Engineering,Third Year,Fifth Semester,Computer Networks,Period_4,12,10,84.87,78.9,14.8,15.6,1,22.8,99.4,3,50.9,83.33,Regular
STU0040,Male,22,Computer Engineering,Third Year,Fifth Semester,Data Structures & Algorithms,Period_1,12,12,85.97,83.8,16.9,15.6,1,22.8,96.8,3,77.8,100.0,Regular
STU0040,Male,22,Computer Engineering,Third Year,Fifth Semester,Data Structures & Algorithms,Period_2,9,8,85.97,83.8,16.0,15.6,1,22.8,99.7,1,68.9,88.89,Regular
STU0040,Male,22,Computer Engineering,Third Year,Fifth Semester,Data Structures & Algorithms,Period_3,9,8,85.97,83.8,13.4,15.6,1,22.8,100.0,4,76.8,88.89,Regular
STU0040,Male,22,Computer Engineering,Third Year,Fifth Semester,Data Structures & Algorithms,Period_4,8,8,85.97,83.8,22.9,15.6,1,22.8,100.0,0,40.2,100.0,Regular
STU0040,Male,22,Computer Engineering,Third Year,Fifth Semester,Database Management Systems,Period_1,12,12,86.15,66.1,11.2,15.6,2,22.8,100.0,3,57.6,100.0,Regular
STU0040,Male,22,Computer Engineering,Third Year,Fifth Semester,Database Management Systems,Period_2,9,7,86.15,66.1,17.0,15.6,1,22.8,100.0,3,72.1,77.78,Regular
STU0040,Male,22,Computer Engineering,Third Year,Fifth Semester,Database Management Systems,Period_3,8,8,86.15,66.1,18.8,15.6,0,22.8,100.0,2,74.4,100.0,Regular
STU0040,Male,22,Computer Engineering,Third Year,Fifth Semester,Database Management Systems,Period_4,8,7,86.15,66.1,16.3,15.6,1,22.8,91.3,0,75.8,87.5,Regular
STU0040,Male,22,Computer Engineering,Third Year,Fifth Semester,Software Engineering,Period_1,11,11,86.14,81.5,23.3,15.6,2,22.8,100.0,1,54.6,100.0,Regular
STU0040,Male,22,Computer Engineering,Third Year,Fifth Semester,Software Engineering,Period_2,9,9,86.14,81.5,13.8,15.6,0,22.8,100.0,2,86.9,100.0,Regular
STU0040,Male,22,Computer Engineering,Third Year,Fifth Semester,Software Engineering,Period_3,12,9,86.14,81.5,13.0,15.6,1,22.8,100.0,0,80.2,75.0,Regular
STU0040,Male,22,Computer Engineering,Third Year,Fifth Semester,Software Engineering,Period_4,9,8,86.14,81.5,13.1,15.6,0,22.8,99.4,3,70.6,88.89,Regular
STU0040,Male,22,Computer Engineering,Third Year,Fifth Semester,Theory of Computation,Period_1,11,11,91.25,78.3,16.4,15.6,0,22.8,96.1,3,71.6,100.0,Regular
STU0040,Male,22,Computer Engineering,Third Year,Fifth Semester,Theory of Computation,Period_2,8,7,91.25,78.3,14.9,15.6,0,22.8,100.0,0,98.4,87.5,Regular
STU0040,Male,22,Computer Engineering,Third Year,Fifth Semester,Theory of Computation,Period_3,8,6,91.25,78.3,18.8,15.6,1,22.8,98.5,4,81.8,75.0,Regular
STU0040,Male,22,Computer Engineering,Third Year,Fifth Semester,Theory of Computation,Period_4,9,7,91.25,78.3,16.9,15.6,3,22.8,98.4,1,84.8,77.78,Regular
STU0041,Male,19,Computer Engineering,Third Year,Fifth Semester,Computer Networks,Period_1,12,12,87.99,76.1,16.4,16.9,1,22.1,82.0,2,73.0,100.0,Regular
STU0041,Male,19,Computer Engineering,Third Year,Fifth Semester,Computer Networks,Period_2,12,11,87.99,76.1,14.4,16.9,3,22.1,84.1,5,72.1,91.67,Regular
STU0041,Male,19,Computer Engineering,Third Year,Fifth Semester,Computer Networks,Period_3,11,11,87.99,76.1,13.3,16.9,1,22.1,92.3,0,77.4,100.0,Regular
STU0041,Male,19,Computer Engineering,Third Year,Fifth Semester,Computer Networks,Period_4,10,10,87.99,76.1,22.5,16.9,0,22.1,85.2,1,81.4,100.0,Regular
STU0041,Male,19,Computer Engineering,Third Year,Fifth Semester,Data Structures & Algorithms,Period_1,10,10,90.96,87.9,26.7,16.9,0,22.1,81.9,2,63.4,100.0,Regular
STU0041,Male,19,Computer Engineering,Third Year,Fifth Semester,Data Structures & Algorithms,Period_2,9,8,90.96,87.9,14.7,16.9,1,22.1,84.7,3,99.4,88.89,Regular
STU0041,Male,19,Computer Engineering,Third Year,Fifth Semester,Data Structures & Algorithms,Period_3,9,9,90.96,87.9,20.2,16.9,2,22.1,89.1,2,79.6,100.0,Regular
STU0041,Male,19,Computer Engineering,Third Year,Fifth Semester,Data Structures & Algorithms,Period_4,8,8,90.96,87.9,15.8,16.9,1,22.1,85.5,4,42.8,100.0,Regular
STU0041,Male,19,Computer Engineering,Third Year,Fifth Semester,Database Management Systems,Period_1,9,7,89.24,84.9,14.3,16.9,2,22.1,85.2,2,49.4,77.78,Regular
STU0041,Male,19,Computer Engineering,Third Year,Fifth Semester,Database Management Systems,Period_2,8,7,89.24,84.9,11.3,16.9,0,22.1,89.3,2,55.5,87.5,Regular
STU0041,Male,19,Computer Engineering,Third Year,Fifth Semester,Database Management Systems,Period_3,9,8,89.24,84.9,18.3,16.9,2,22.1,84.7,0,68.4,88.89,Regular
STU0041,Male,19,Computer Engineering,Third Year,Fifth Semester,Database Management Systems,Period_4,10,10,89.24,84.9,17.3,16.9,1,22.1,80.5,1,73.2,100.0,Regular
STU0041,Male,19,Computer Engineering,Third Year,Fifth Semester,Software Engineering,Period_1,12,11,99.7,66.4,15.6,16.9,0,22.1,90.7,2,100.0,91.67,Regular
STU0041,Male,19,Computer Engineering,Third Year,Fifth Semester,Software Engineering,Period_2,11,11,99.7,66.4,23.1,16.9,0,22.1,88.5,1,45.1,100.0,Regular
STU0041,Male,19,Computer Engineering,Third Year,Fifth Semester,Software Engineering,Period_3,12,11,99.7,66.4,11.6,16.9,2,22.1,80.2,5,83.4,91.67,Regular
STU0041,Male,19,Computer Engineering,Third Year,Fifth Semester,Software Engineering,Period_4,9,8,99.7,66.4,6.4,16.9,0,22.1,83.1,2,56.8,88.89,Regular
STU0041,Male,19,Computer Engineering,Third Year,Fifth Semester,Theory of Computation,Period_1,11,10,97.8,69.9,19.3,16.9,2,22.1,85.8,4,72.9,90.91,Regular
STU0041,Male,19,Computer Engineering,Third Year,Fifth Semester,Theory of Computation,Period_2,12,10,97.8,69.9,14.7,16.9,0,22.1,82.2,1,87.8,83.33,Regular
STU0041,Male,19,Computer Engineering,Third Year,Fifth Semester,Theory of Computation,Period_3,9,9,97.8,69.9,12.4,16.9,2,22.1,81.6,3,84.8,100.0,Regular
STU0041,Male,19,Computer Engineering,Third Year,Fifth Semester,Theory of Computation,Period_4,9,8,97.8,69.9,17.8,16.9,0,22.1,78.4,3,67.7,88.89,Regular
STU0042,Male,22,Computer Engineering,Third Year,Fifth Semester,Computer Networks,Period_1,9,8,97.41,62.6,12.1,17.4,0,12.2,96.4,2,82.3,88.89,Regular
STU0042,Male,22,Computer Engineering,Third Year,Fifth Semester,Computer Networks,Period_2,9,9,97.41,62.6,12.7,17.4,0,12.2,93.7,1,53.5,100.0,Regular
STU0042,Male,22,Computer Engineering,Third Year,Fifth Semester,Computer Networks,Period_3,9,9,97.41,62.6,21.0,17.4,1,12.2,94.3,3,66.0,100.0,Regular
STU0042,Male,22,Computer Engineering,Third Year,Fifth Semester,Computer Networks,Period_4,9,9,97.41,62.6,14.8,17.4,0,12.2,93.4,0,79.0,100.0,Regular
STU0042,Male,22,Computer Engineering,Third Year,Fifth Semester,Data Structures & Algorithms,Period_1,8,7,98.28,68.5,13.5,17.4,1,12.2,96.4,2,72.0,87.5,Regular
STU0042,Male,22,Computer Engineering,Third Year,Fifth Semester,Data Structures & Algorithms,Period_2,11,10,98.28,68.5,20.0,17.4,0,12.2,86.3,1,100.0,90.91,Regular
STU0042,Male,22,Computer Engineering,Third Year,Fifth Semester,Data Structures & Algorithms,Period_3,10,10,98.28,68.5,14.9,17.4,1,12.2,93.5,0,95.1,100.0,Regular
STU0042,Male,22,Computer Engineering,Third Year,Fifth Semester,Data Structures & Algorithms,Period_4,8,8,98.28,68.5,16.6,17.4,2,12.2,88.8,2,78.0,100.0,Regular
STU0042,Male,22,Computer Engineering,Third Year,Fifth Semester,Database Management Systems,Period_1,12,10,97.56,68.9,17.5,17.4,0,12.2,91.9,2,86.1,83.33,Regular
STU0042,Male,22,Computer Engineering,Third Year,Fifth Semester,Database Management Systems,Period_2,9,9,97.56,68.9,20.8,17.4,0,12.2,95.3,3,67.1,100.0,Regular
STU0042,Male,22,Computer Engineering,Third Year,Fifth Semester,Database Management Systems,Period_3,12,11,97.56,68.9,15.0,17.4,1,12.2,97.4,2,72.0,91.67,Regular
STU0042,Male,22,Computer Engineering,Third Year,Fifth Semester,Database Management Systems,Period_4,8,8,97.56,68.9,18.3,17.4,1,12.2,94.8,0,75.0,100.0,Regular
STU0042,Male,22,Computer Engineering,Third Year,Fifth Semester,Software Engineering,Period_1,10,9,82.03,62.4,10.3,17.4,0,12.2,91.1,0,51.2,90.0,Regular
STU0042,Male,22,Computer Engineering,Third Year,Fifth Semester,Software Engineering,Period_2,8,7,82.03,62.4,13.3,17.4,2,12.2,90.9,4,69.9,87.5,Regular
STU0042,Male,22,Computer Engineering,Third Year,Fifth Semester,Software Engineering,Period_3,8,7,82.03,62.4,15.5,17.4,1,12.2,93.1,1,81.7,87.5,Regular
STU0042,Male,22,Computer Engineering,Third Year,Fifth Semester,Software Engineering,Period_4,9,9,82.03,62.4,18.4,17.4,1,12.2,89.6,2,83.7,100.0,Regular
STU0042,Male,22,Computer Engineering,Third Year,Fifth Semester,Theory of Computation,Period_1,11,10,88.58,76.7,9.8,17.4,2,12.2,92.5,0,66.4,90.91,Regular
STU0042,Male,22,Computer Engineering,Third Year,Fifth Semester,Theory of Computation,Period_2,11,10,88.58,76.7,20.9,17.4,1,12.2,90.2,0,64.4,90.91,Regular
STU0042,Male,22,Computer Engineering,Third Year,Fifth Semester,Theory of Computation,Period_3,10,10,88.58,76.7,26.2,17.4,0,12.2,91.5,0,63.4,100.0,Regular
STU0042,Male,22,Computer Engineering,Third Year,Fifth Semester,Theory of Computation,Period_4,10,10,88.58,76.7,26.0,17.4,1,12.2,89.9,0,73.4,100.0,Regular
STU0043,Female,22,Computer Engineering,Third Year,Fifth Semester,Computer Networks,Period_1,9,8,78.87,59.7,22.0,13.6,0,3.0,79.4,1,73.6,88.89,Regular
STU0043,Female,22,Computer Engineering,Third Year,Fifth Semester,Computer Networks,Period_2,8,8,78.87,59.7,19.0,13.6,2,3.0,80.4,3,67.9,100.0,Regular
STU0043,Female,22,Computer Engineering,Third Year,Fifth Semester,Computer Networks,Period_3,9,8,78.87,59.7,15.6,13.6,1,3.0,75.3,1,72.2,88.89,Regular
STU0043,Female,22,Computer Engineering,Third Year,Fifth Semester,Computer Networks,Period_4,10,7,78.87,59.7,15.1,13.6,1,3.0,80.5,1,79.6,70.0,Defaulter
STU0043,Female,22,Computer Engineering,Third Year,Fifth Semester,Data Structures & Algorithms,Period_1,10,8,85.34,71.0,12.5,13.6,1,3.0,77.8,1,73.9,80.0,Regular
STU0043,Female,22,Computer Engineering,Third Year,Fifth Semester,Data Structures & Algorithms,Period_2,11,11,85.34,71.0,23.4,13.6,0,3.0,81.7,2,62.1,100.0,Regular
STU0043,Female,22,Computer Engineering,Third Year,Fifth Semester,Data Structures & Algorithms,Period_3,12,10,85.34,71.0,15.8,13.6,0,3.0,80.1,4,53.0,83.33,Regular
STU0043,Female,22,Computer Engineering,Third Year,Fifth Semester,Data Structures & Algorithms,Period_4,12,8,85.34,71.0,8.0,13.6,1,3.0,79.6,3,41.1,66.67,Defaulter
STU0043,Female,22,Computer Engineering,Third Year,Fifth Semester,Database Management Systems,Period_1,12,12,80.24,49.6,20.4,13.6,2,3.0,78.3,2,66.8,100.0,Regular
STU0043,Female,22,Computer Engineering,Third Year,Fifth Semester,Database Management Systems,Period_2,12,10,80.24,49.6,15.1,13.6,0,3.0,77.0,2,83.2,83.33,Regular
STU0043,Female,22,Computer Engineering,Third Year,Fifth Semester,Database Management Systems,Period_3,12,12,80.24,49.6,13.6,13.6,3,3.0,68.1,5,67.9,100.0,Regular
STU0043,Female,22,Computer Engineering,Third Year,Fifth Semester,Database Management Systems,Period_4,12,11,80.24,49.6,16.6,13.6,2,3.0,77.0,1,82.3,91.67,Regular
STU0043,Female,22,Computer Engineering,Third Year,Fifth Semester,Software Engineering,Period_1,12,11,82.95,56.8,14.6,13.6,2,3.0,82.4,1,58.2,91.67,Regular
STU0043,Female,22,Computer Engineering,Third Year,Fifth Semester,Software Engineering,Period_2,9,7,82.95,56.8,19.7,13.6,1,3.0,81.6,2,64.8,77.78,Regular
STU0043,Female,22,Computer Engineering,Third Year,Fifth Semester,Software Engineering,Period_3,11,11,82.95,56.8,15.4,13.6,0,3.0,79.5,2,85.3,100.0,Regular
STU0043,Female,22,Computer Engineering,Third Year,Fifth Semester,Software Engineering,Period_4,12,10,82.95,56.8,14.0,13.6,1,3.0,78.7,2,76.9,83.33,Regular
STU0043,Female,22,Computer Engineering,Third Year,Fifth Semester,Theory of Computation,Period_1,9,7,68.92,59.1,14.1,13.6,1,3.0,77.7,4,24.4,77.78,Regular
STU0043,Female,22,Computer Engineering,Third Year,Fifth Semester,Theory of Computation,Period_2,8,6,68.92,59.1,14.4,13.6,0,3.0,74.8,3,73.7,75.0,Regular
STU0043,Female,22,Computer Engineering,Third Year,Fifth Semester,Theory of Computation,Period_3,10,8,68.92,59.1,16.8,13.6,0,3.0,80.6,2,83.0,80.0,Regular
STU0043,Female,22,Computer Engineering,Third Year,Fifth Semester,Theory of Computation,Period_4,9,9,68.92,59.1,16.7,13.6,1,3.0,82.3,1,70.1,100.0,Regular
STU0044,Male,20,Computer Engineering,Third Year,Fifth Semester,Computer Networks,Period_1,9,6,75.75,60.8,12.8,13.7,1,11.5,77.0,0,43.2,66.67,Defaulter
STU0044,Male,20,Computer Engineering,Third Year,Fifth Semester,Computer Networks,Period_2,10,6,75.75,60.8,16.5,13.7,0,11.5,76.2,0,72.1,60.0,Defaulter
STU0044,Male,20,Computer Engineering,Third Year,Fifth Semester,Computer Networks,Period_3,10,8,75.75,60.8,6.4,13.7,3,11.5,81.1,3,93.5,80.0,Regular
STU0044,Male,20,Computer Engineering,Third Year,Fifth Semester,Computer Networks,Period_4,12,10,75.75,60.8,10.2,13.7,1,11.5,73.9,2,63.1,83.33,Regular
STU0044,Male,20,Computer Engineering,Third Year,Fifth Semester,Data Structures & Algorithms,Period_1,11,6,67.0,48.8,15.5,13.7,1,11.5,83.3,1,70.0,54.55,Defaulter
STU0044,Male,20,Computer Engineering,Third Year,Fifth Semester,Data Structures & Algorithms,Period_2,10,7,67.0,48.8,16.1,13.7,0,11.5,75.3,1,64.5,70.0,Defaulter
STU0044,Male,20,Computer Engineering,Third Year,Fifth Semester,Data Structures & Algorithms,Period_3,10,8,67.0,48.8,18.8,13.7,0,11.5,77.8,1,77.0,80.0,Regular
STU0044,Male,20,Computer Engineering,Third Year,Fifth Semester,Data Structures & Algorithms,Period_4,12,9,67.0,48.8,13.5,13.7,1,11.5,78.3,4,51.6,75.0,Regular
STU0044,Male,20,Computer Engineering,Third Year,Fifth Semester,Database Management Systems,Period_1,12,10,78.65,61.2,4.2,13.7,2,11.5,78.5,4,86.2,83.33,Regular
STU0044,Male,20,Computer Engineering,Third Year,Fifth Semester,Database Management Systems,Period_2,8,6,78.65,61.2,19.0,13.7,0,11.5,79.8,2,82.3,75.0,Regular
STU0044,Male,20,Computer Engineering,Third Year,Fifth Semester,Database Management Systems,Period_3,8,6,78.65,61.2,18.0,13.7,2,11.5,82.7,4,78.5,75.0,Regular
STU0044,Male,20,Computer Engineering,Third Year,Fifth Semester,Database Management Systems,Period_4,12,9,78.65,61.2,13.1,13.7,1,11.5,78.7,0,82.0,75.0,Regular
STU0044,Male,20,Computer Engineering,Third Year,Fifth Semester,Software Engineering,Period_1,9,8,82.67,67.7,21.2,13.7,2,11.5,78.0,2,96.0,88.89,Regular
STU0044,Male,20,Computer Engineering,Third Year,Fifth Semester,Software Engineering,Period_2,9,8,82.67,67.7,8.0,13.7,4,11.5,76.8,3,78.6,88.89,Regular
STU0044,Male,20,Computer Engineering,Third Year,Fifth Semester,Software Engineering,Period_3,8,7,82.67,67.7,18.2,13.7,1,11.5,75.3,3,65.3,87.5,Regular
STU0044,Male,20,Computer Engineering,Third Year,Fifth Semester,Software Engineering,Period_4,8,7,82.67,67.7,10.1,13.7,1,11.5,81.4,2,91.6,87.5,Regular
STU0044,Male,20,Computer Engineering,Third Year,Fifth Semester,Theory of Computation,Period_1,11,7,88.39,66.5,19.6,13.7,0,11.5,81.7,2,61.8,63.64,Defaulter
STU0044,Male,20,Computer Engineering,Third Year,Fifth Semester,Theory of Computation,Period_2,11,10,88.39,66.5,8.9,13.7,0,11.5,78.2,0,53.5,90.91,Regular
STU0044,Male,20,Computer Engineering,Third Year,Fifth Semester,Theory of Computation,Period_3,10,7,88.39,66.5,9.4,13.7,1,11.5,82.1,0,53.8,70.0,Defaulter
STU0044,Male,20,Computer Engineering,Third Year,Fifth Semester,Theory of Computation,Period_4,12,10,88.39,66.5,22.2,13.7,1,11.5,73.7,2,81.5,83.33,Regular
STU0045,Male,19,Computer Engineering,Third Year,Fifth Semester,Computer Networks,Period_1,9,7,65.94,85.1,9.7,14.3,2,3.4,72.3,1,70.6,77.78,Regular
STU0045,Male,19,Computer Engineering,Third Year,Fifth Semester,Computer Networks,Period_2,9,7,65.94,85.1,18.7,14.3,0,3.4,63.4,2,54.1,77.78,Regular
STU0045,Male,19,Computer Engineering,Third Year,Fifth Semester,Computer Networks,Period_3,12,10,65.94,85.1,10.4,14.3,2,3.4,61.2,2,58.2,83.33,Regular
STU0045,Male,19,Computer Engineering,Third Year,Fifth Semester,Computer Networks,Period_4,11,7,65.94,85.1,7.7,14.3,2,3.4,67.0,1,68.1,63.64,Defaulter
STU0045,Male,19,Computer Engineering,Third Year,Fifth Semester,Data Structures & Algorithms,Period_1,11,9,56.43,38.5,21.1,14.3,2,3.4,69.0,1,88.4,81.82,Regular
STU0045,Male,19,Computer Engineering,Third Year,Fifth Semester,Data Structures & Algorithms,Period_2,10,8,56.43,38.5,9.0,14.3,1,3.4,68.2,1,60.3,80.0,Regular
STU0045,Male,19,Computer Engineering,Third Year,Fifth Semester,Data Structures & Algorithms,Period_3,9,4,56.43,38.5,7.2,14.3,0,3.4,61.7,5,75.8,44.44,Defaulter
STU0045,Male,19,Computer Engineering,Third Year,Fifth Semester,Data Structures & Algorithms,Period_4,8,5,56.43,38.5,5.9,14.3,3,3.4,65.7,3,77.4,62.5,Defaulter
STU0045,Male,19,Computer Engineering,Third Year,Fifth Semester,Database Management Systems,Period_1,9,7,49.57,65.8,11.4,14.3,1,3.4,69.4,2,62.8,77.78,Regular
STU0045,Male,19,Computer Engineering,Third Year,Fifth Semester,Database Management Systems,Period_2,10,6,49.57,65.8,14.4,14.3,0,3.4,65.4,3,52.1,60.0,Defaulter
STU0045,Male,19,Computer Engineering,Third Year,Fifth Semester,Database Management Systems,Period_3,11,9,49.57,65.8,25.6,14.3,1,3.4,64.0,2,53.5,81.82,Regular
STU0045,Male,19,Computer Engineering,Third Year,Fifth Semester,Database Management Systems,Period_4,11,8,49.57,65.8,19.0,14.3,2,3.4,66.3,0,60.8,72.73,Defaulter
STU0045,Male,19,Computer Engineering,Third Year,Fifth Semester,Software Engineering,Period_1,9,6,74.83,68.3,8.7,14.3,1,3.4,67.6,2,78.7,66.67,Defaulter
STU0045,Male,19,Computer Engineering,Third Year,Fifth Semester,Software Engineering,Period_2,12,8,74.83,68.3,10.8,14.3,0,3.4,55.5,0,48.9,66.67,Defaulter
STU0045,Male,19,Computer Engineering,Third Year,Fifth Semester,Software Engineering,Period_3,12,7,74.83,68.3,12.1,14.3,1,3.4,65.0,2,61.1,58.33,Defaulter
STU0045,Male,19,Computer Engineering,Third Year,Fifth Semester,Software Engineering,Period_4,9,6,74.83,68.3,15.8,14.3,1,3.4,64.8,3,63.8,66.67,Defaulter
STU0045,Male,19,Computer Engineering,Third Year,Fifth Semester,Theory of Computation,Period_1,8,6,70.89,76.5,10.8,14.3,0,3.4,66.6,4,27.6,75.0,Regular
STU0045,Male,19,Computer Engineering,Third Year,Fifth Semester,Theory of Computation,Period_2,8,6,70.89,76.5,11.2,14.3,1,3.4,64.3,3,65.7,75.0,Regular
STU0045,Male,19,Computer Engineering,Third Year,Fifth Semester,Theory of Computation,Period_3,11,7,70.89,76.5,12.8,14.3,0,3.4,65.7,2,50.7,63.64,Defaulter
STU0045,Male,19,Computer Engineering,Third Year,Fifth Semester,Theory of Computation,Period_4,8,6,70.89,76.5,6.4,14.3,1,3.4,65.0,1,62.8,75.0,Regular
STU0046,Male,23,Computer Engineering,Third Year,Fifth Semester,Computer Networks,Period_1,8,5,82.66,58.5,11.1,12.2,1,15.3,67.8,3,51.6,62.5,Defaulter
STU0046,Male,23,Computer Engineering,Third Year,Fifth Semester,Computer Networks,Period_2,10,8,82.66,58.5,14.9,12.2,0,15.3,71.2,2,83.1,80.0,Regular
STU0046,Male,23,Computer Engineering,Third Year,Fifth Semester,Computer Networks,Period_3,8,6,82.66,58.5,10.5,12.2,0,15.3,68.6,3,66.3,75.0,Regular
STU0046,Male,23,Computer Engineering,Third Year,Fifth Semester,Computer Networks,Period_4,10,9,82.66,58.5,29.1,12.2,0,15.3,65.3,2,55.2,90.0,Regular
STU0046,Male,23,Computer Engineering,Third Year,Fifth Semester,Data Structures & Algorithms,Period_1,9,8,66.57,38.5,8.8,12.2,2,15.3,69.8,1,71.3,88.89,Regular
STU0046,Male,23,Computer Engineering,Third Year,Fifth Semester,Data Structures & Algorithms,Period_2,11,8,66.57,38.5,12.4,12.2,3,15.3,72.9,1,60.0,72.73,Defaulter
STU0046,Male,23,Computer Engineering,Third Year,Fifth Semester,Data Structures & Algorithms,Period_3,10,9,66.57,38.5,21.1,12.2,0,15.3,68.0,1,56.0,90.0,Regular
STU0046,Male,23,Computer Engineering,Third Year,Fifth Semester,Data Structures & Algorithms,Period_4,10,9,66.57,38.5,19.9,12.2,1,15.3,72.7,3,69.0,90.0,Regular
STU0046,Male,23,Computer Engineering,Third Year,Fifth Semester,Database Management Systems,Period_1,8,5,71.08,67.1,15.4,12.2,3,15.3,63.2,2,61.3,62.5,Defaulter
STU0046,Male,23,Computer Engineering,Third Year,Fifth Semester,Database Management Systems,Period_2,11,6,71.08,67.1,9.9,12.2,2,15.3,69.9,1,53.1,54.55,Defaulter
STU0046,Male,23,Computer Engineering,Third Year,Fifth Semester,Database Management Systems,Period_3,10,7,71.08,67.1,19.8,12.2,0,15.3,72.5,0,54.9,70.0,Defaulter
STU0046,Male,23,Computer Engineering,Third Year,Fifth Semester,Database Management Systems,Period_4,11,4,71.08,67.1,4.8,12.2,0,15.3,64.8,3,100.0,36.36,Defaulter
STU0046,Male,23,Computer Engineering,Third Year,Fifth Semester,Software Engineering,Period_1,10,8,77.66,55.9,14.1,12.2,2,15.3,69.3,1,49.1,80.0,Regular
STU0046,Male,23,Computer Engineering,Third Year,Fifth Semester,Software Engineering,Period_2,9,6,77.66,55.9,7.9,12.2,0,15.3,61.9,3,80.2,66.67,Defaulter
STU0046,Male,23,Computer Engineering,Third Year,Fifth Semester,Software Engineering,Period_3,10,5,77.66,55.9,3.3,12.2,0,15.3,67.5,4,72.5,50.0,Defaulter
STU0046,Male,23,Computer Engineering,Third Year,Fifth Semester,Software Engineering,Period_4,12,8,77.66,55.9,12.6,12.2,0,15.3,66.5,1,71.2,66.67,Defaulter
STU0046,Male,23,Computer Engineering,Third Year,Fifth Semester,Theory of Computation,Period_1,12,8,73.2,65.1,14.3,12.2,1,15.3,69.0,4,51.8,66.67,Defaulter
STU0046,Male,23,Computer Engineering,Third Year,Fifth Semester,Theory of Computation,Period_2,9,7,73.2,65.1,13.2,12.2,2,15.3,65.3,3,67.2,77.78,Regular
STU0046,Male,23,Computer Engineering,Third Year,Fifth Semester,Theory of Computation,Period_3,11,9,73.2,65.1,7.6,12.2,2,15.3,67.0,1,70.0,81.82,Regular
STU0046,Male,23,Computer Engineering,Third Year,Fifth Semester,Theory of Computation,Period_4,8,6,73.2,65.1,6.8,12.2,0,15.3,66.3,2,86.8,75.0,Regular
STU0047,Male,21,Computer Engineering,Third Year,Fifth Semester,Computer Networks,Period_1,12,11,77.53,57.6,11.8,13.4,1,2.4,67.0,1,49.2,91.67,Regular
STU0047,Male,21,Computer Engineering,Third Year,Fifth Semester,Computer Networks,Period_2,12,9,77.53,57.6,11.8,13.4,3,2.4,68.4,0,55.7,75.0,Regular
STU0047,Male,21,Computer Engineering,Third Year,Fifth Semester,Computer Networks,Period_3,11,9,77.53,57.6,14.3,13.4,1,2.4,66.9,5,56.8,81.82,Regular
STU0047,Male,21,Computer Engineering,Third Year,Fifth Semester,Computer Networks,Period_4,9,8,77.53,57.6,14.9,13.4,0,2.4,68.6,3,79.6,88.89,Regular
STU0047,Male,21,Computer Engineering,Third Year,Fifth Semester,Data Structures & Algorithms,Period_1,11,9,80.45,63.9,13.9,13.4,2,2.4,68.8,0,70.1,81.82,Regular
STU0047,Male,21,Computer Engineering,Third Year,Fifth Semester,Data Structures & Algorithms,Period_2,9,7,80.45,63.9,20.4,13.4,1,2.4,68.6,1,63.0,77.78,Regular
STU0047,Male,21,Computer Engineering,Third Year,Fifth Semester,Data Structures & Algorithms,Period_3,9,8,80.45,63.9,14.0,13.4,0,2.4,63.4,1,59.4,88.89,Regular
STU0047,Male,21,Computer Engineering,Third Year,Fifth Semester,Data Structures & Algorithms,Period_4,11,7,80.45,63.9,14.5,13.4,3,2.4,70.8,2,84.0,63.64,Defaulter
STU0047,Male,21,Computer Engineering,Third Year,Fifth Semester,Database Management Systems,Period_1,12,10,78.58,59.1,18.5,13.4,2,2.4,67.5,1,74.2,83.33,Regular
STU0047,Male,21,Computer Engineering,Third Year,Fifth Semester,Database Management Systems,Period_2,10,9,78.58,59.1,15.9,13.4,2,2.4,67.4,3,54.6,90.0,Regular
STU0047,Male,21,Computer Engineering,Third Year,Fifth Semester,Database Management Systems,Period_3,8,8,78.58,59.1,14.6,13.4,1,2.4,66.5,5,45.5,100.0,Regular
STU0047,Male,21,Computer Engineering,Third Year,Fifth Semester,Database Management Systems,Period_4,8,7,78.58,59.1,13.4,13.4,1,2.4,71.0,2,81.4,87.5,Regular
STU0047,Male,21,Computer Engineering,Third Year,Fifth Semester,Software Engineering,Period_1,8,8,71.52,67.8,22.3,13.4,1,2.4,72.4,2,69.8,100.0,Regular
STU0047,Male,21,Computer Engineering,Third Year,Fifth Semester,Software Engineering,Period_2,8,6,71.52,67.8,12.8,13.4,2,2.4,68.7,0,96.0,75.0,Regular
STU0047,Male,21,Computer Engineering,Third Year,Fifth Semester,Software Engineering,Period_3,10,5,71.52,67.8,11.5,13.4,1,2.4,72.4,4,66.3,50.0,Defaulter
STU0047,Male,21,Computer Engineering,Third Year,Fifth Semester,Software Engineering,Period_4,8,7,71.52,67.8,13.7,13.4,1,2.4,66.5,0,45.3,87.5,Regular
STU0047,Male,21,Computer Engineering,Third Year,Fifth Semester,Theory of Computation,Period_1,11,9,94.73,64.9,21.7,13.4,1,2.4,67.3,0,47.5,81.82,Regular
STU0047,Male,21,Computer Engineering,Third Year,Fifth Semester,Theory of Computation,Period_2,8,5,94.73,64.9,13.9,13.4,1,2.4,68.4,2,49.1,62.5,Defaulter
STU0047,Male,21,Computer Engineering,Third Year,Fifth Semester,Theory of Computation,Period_3,11,10,94.73,64.9,15.3,13.4,0,2.4,68.3,0,72.1,90.91,Regular
STU0047,Male,21,Computer Engineering,Third Year,Fifth Semester,Theory of Computation,Period_4,8,7,94.73,64.9,11.9,13.4,1,2.4,69.9,2,40.8,87.5,Regular
STU0048,Female,23,Computer Engineering,Third Year,Fifth Semester,Computer Networks,Period_1,12,6,58.97,70.4,3.5,10.3,2,12.3,63.7,1,68.4,50.0,Defaulter
STU0048,Female,23,Computer Engineering,Third Year,Fifth Semester,Computer Networks,Period_2,8,1,58.97,70.4,3.0,10.3,0,12.3,66.0,0,81.7,12.5,Defaulter
STU0048,Female,23,Computer Engineering,Third Year,Fifth Semester,Computer Networks,Period_3,9,5,58.97,70.4,12.1,10.3,1,12.3,60.9,1,78.5,55.56,Defaulter
STU0048,Female,23,Computer Engineering,Third Year,Fifth Semester,Computer Networks,Period_4,10,5,58.97,70.4,6.7,10.3,2,12.3,56.8,1,85.3,50.0,Defaulter
STU0048,Female,23,Computer Engineering,Third Year,Fifth Semester,Data Structures & Algorithms,Period_1,11,5,40.0,49.2,10.8,10.3,1,12.3,59.2,2,59.9,45.45,Defaulter
STU0048,Female,23,Computer Engineering,Third Year,Fifth Semester,Data Structures & Algorithms,Period_2,9,6,40.0,49.2,16.1,10.3,2,12.3,59.5,1,100.0,66.67,Defaulter
STU0048,Female,23,Computer Engineering,Third Year,Fifth Semester,Data Structures & Algorithms,Period_3,12,7,40.0,49.2,7.8,10.3,1,12.3,64.7,1,67.1,58.33,Defaulter
STU0048,Female,23,Computer Engineering,Third Year,Fifth Semester,Data Structures & Algorithms,Period_4,11,6,40.0,49.2,4.8,10.3,1,12.3,60.2,0,80.2,54.55,Defaulter
STU0048,Female,23,Computer Engineering,Third Year,Fifth Semester,Database Management Systems,Period_1,12,5,56.46,31.3,11.3,10.3,1,12.3,63.2,3,52.7,41.67,Defaulter
STU0048,Female,23,Computer Engineering,Third Year,Fifth Semester,Database Management Systems,Period_2,8,3,56.46,31.3,9.0,10.3,1,12.3,58.8,2,59.4,37.5,Defaulter
STU0048,Female,23,Computer Engineering,Third Year,Fifth Semester,Database Management Systems,Period_3,8,4,56.46,31.3,7.4,10.3,3,12.3,61.2,2,83.4,50.0,Defaulter
STU0048,Female,23,Computer Engineering,Third Year,Fifth Semester,Database Management Systems,Period_4,8,5,56.46,31.3,14.2,10.3,3,12.3,65.6,1,82.5,62.5,Defaulter
STU0048,Female,23,Computer Engineering,Third Year,Fifth Semester,Software Engineering,Period_1,11,9,54.05,61.4,12.4,10.3,1,12.3,65.1,2,61.5,81.82,Regular
STU0048,Female,23,Computer Engineering,Third Year,Fifth Semester,Software Engineering,Period_2,8,5,54.05,61.4,11.1,10.3,0,12.3,58.8,1,66.7,62.5,Defaulter
STU0048,Female,23,Computer Engineering,Third Year,Fifth Semester,Software Engineering,Period_3,11,3,54.05,61.4,8.3,10.3,1,12.3,55.6,0,83.4,27.27,Defaulter
STU0048,Female,23,Computer Engineering,Third Year,Fifth Semester,Software Engineering,Period_4,12,6,54.05,61.4,10.8,10.3,0,12.3,60.4,4,41.9,50.0,Defaulter
STU0048,Female,23,Computer Engineering,Third Year,Fifth Semester,Theory of Computation,Period_1,12,7,53.83,67.1,13.3,10.3,3,12.3,59.3,3,65.6,58.33,Defaulter
STU0048,Female,23,Computer Engineering,Third Year,Fifth Semester,Theory of Computation,Period_2,9,4,53.83,67.1,9.1,10.3,3,12.3,69.6,1,69.9,44.44,Defaulter
STU0048,Female,23,Computer Engineering,Third Year,Fifth Semester,Theory of Computation,Period_3,8,3,53.83,67.1,8.4,10.3,0,12.3,60.6,1,67.3,37.5,Defaulter
STU0048,Female,23,Computer Engineering,Third Year,Fifth Semester,Theory of Computation,Period_4,11,6,53.83,67.1,14.4,10.3,0,12.3,64.5,2,65.2,54.55,Defaulter
STU0049,Female,22,Computer Engineering,Third Year,Fifth Semester,Computer Networks,Period_1,9,5,46.68,53.2,3.4,12.2,1,5.3,56.3,2,77.0,55.56,Defaulter
STU0049,Female,22,Computer Engineering,Third Year,Fifth Semester,Computer Networks,Period_2,10,6,46.68,53.2,9.7,12.2,1,5.3,54.1,1,71.4,60.0,Defaulter
STU0049,Female,22,Computer Engineering,Third Year,Fifth Semester,Computer Networks,Period_3,11,4,46.68,53.2,6.0,12.2,2,5.3,53.4,4,59.6,36.36,Defaulter
STU0049,Female,22,Computer Engineering,Third Year,Fifth Semester,Computer Networks,Period_4,11,6,46.68,53.2,12.1,12.2,1,5.3,58.4,2,82.0,54.55,Defaulter
STU0049,Female,22,Computer Engineering,Third Year,Fifth Semester,Data Structures & Algorithms,Period_1,9,4,65.58,44.4,8.3,12.2,1,5.3,63.0,0,46.2,44.44,Defaulter
STU0049,Female,22,Computer Engineering,Third Year,Fifth Semester,Data Structures & Algorithms,Period_2,10,5,65.58,44.4,7.0,12.2,1,5.3,49.6,3,84.4,50.0,Defaulter
STU0049,Female,22,Computer Engineering,Third Year,Fifth Semester,Data Structures & Algorithms,Period_3,8,5,65.58,44.4,13.0,12.2,0,5.3,56.0,6,100.0,62.5,Defaulter
STU0049,Female,22,Computer Engineering,Third Year,Fifth Semester,Data Structures & Algorithms,Period_4,8,6,65.58,44.4,1.2,12.2,0,5.3,53.6,1,50.5,75.0,Regular
STU0049,Female,22,Computer Engineering,Third Year,Fifth Semester,Database Management Systems,Period_1,8,6,40.0,61.2,18.2,12.2,0,5.3,51.1,1,73.9,75.0,Regular
STU0049,Female,22,Computer Engineering,Third Year,Fifth Semester,Database Management Systems,Period_2,11,7,40.0,61.2,4.9,12.2,2,5.3,60.2,0,59.6,63.64,Defaulter
STU0049,Female,22,Computer Engineering,Third Year,Fifth Semester,Database Management Systems,Period_3,12,7,40.0,61.2,11.3,12.2,1,5.3,49.1,1,40.8,58.33,Defaulter
STU0049,Female,22,Computer Engineering,Third Year,Fifth Semester,Database Management Systems,Period_4,11,6,40.0,61.2,9.0,12.2,0,5.3,55.5,5,39.9,54.55,Defaulter
STU0049,Female,22,Computer Engineering,Third Year,Fifth Semester,Software Engineering,Period_1,8,5,49.65,49.5,8.7,12.2,0,5.3,54.4,1,68.0,62.5,Defaulter
STU0049,Female,22,Computer Engineering,Third Year,Fifth Semester,Software Engineering,Period_2,8,6,49.65,49.5,11.3,12.2,2,5.3,58.2,3,69.1,75.0,Regular
STU0049,Female,22,Computer Engineering,Third Year,Fifth Semester,Software Engineering,Period_3,11,6,49.65,49.5,8.3,12.2,1,5.3,51.6,0,76.9,54.55,Defaulter
STU0049,Female,22,Computer Engineering,Third Year,Fifth Semester,Software Engineering,Period_4,9,3,49.65,49.5,7.0,12.2,0,5.3,51.7,1,100.0,33.33,Defaulter
STU0049,Female,22,Computer Engineering,Third Year,Fifth Semester,Theory of Computation,Period_1,11,7,55.65,46.8,10.2,12.2,3,5.3,55.0,2,73.4,63.64,Defaulter
STU0049,Female,22,Computer Engineering,Third Year,Fifth Semester,Theory of Computation,Period_2,8,3,55.65,46.8,7.1,12.2,0,5.3,58.3,1,38.4,37.5,Defaulter
STU0049,Female,22,Computer Engineering,Third Year,Fifth Semester,Theory of Computation,Period_3,11,5,55.65,46.8,5.0,12.2,1,5.3,51.8,3,37.0,45.45,Defaulter
STU0049,Female,22,Computer Engineering,Third Year,Fifth Semester,Theory of Computation,Period_4,11,8,55.65,46.8,21.3,12.2,0,5.3,58.8,3,60.8,72.73,Defaulter
STU0050,Female,22,Computer Engineering,Third Year,Fifth Semester,Computer Networks,Period_1,10,7,74.76,62.1,13.3,13.5,0,1.4,75.8,1,46.4,70.0,Defaulter
STU0050,Female,22,Computer Engineering,Third Year,Fifth Semester,Computer Networks,Period_2,9,8,74.76,62.1,16.3,13.5,0,1.4,79.3,1,82.3,88.89,Regular
STU0050,Female,22,Computer Engineering,Third Year,Fifth Semester,Computer Networks,Period_3,12,10,74.76,62.1,18.0,13.5,3,1.4,75.1,3,69.9,83.33,Regular
STU0050,Female,22,Computer Engineering,Third Year,Fifth Semester,Computer Networks,Period_4,9,8,74.76,62.1,13.8,13.5,0,1.4,77.7,1,78.3,88.89,Regular
STU0050,Female,22,Computer Engineering,Third Year,Fifth Semester,Data Structures & Algorithms,Period_1,12,9,79.18,69.9,18.6,13.5,1,1.4,75.9,0,80.3,75.0,Regular
STU0050,Female,22,Computer Engineering,Third Year,Fifth Semester,Data Structures & Algorithms,Period_2,11,9,79.18,69.9,15.7,13.5,0,1.4,72.3,1,66.8,81.82,Regular
STU0050,Female,22,Computer Engineering,Third Year,Fifth Semester,Data Structures & Algorithms,Period_3,9,6,79.18,69.9,6.7,13.5,1,1.4,76.2,3,62.8,66.67,Defaulter
STU0050,Female,22,Computer Engineering,Third Year,Fifth Semester,Data Structures & Algorithms,Period_4,9,8,79.18,69.9,19.2,13.5,0,1.4,84.1,1,80.2,88.89,Regular
STU0050,Female,22,Computer Engineering,Third Year,Fifth Semester,Database Management Systems,Period_1,11,8,69.72,43.6,15.7,13.5,2,1.4,80.0,3,90.2,72.73,Defaulter
STU0050,Female,22,Computer Engineering,Third Year,Fifth Semester,Database Management Systems,Period_2,8,6,69.72,43.6,4.9,13.5,0,1.4,76.6,1,59.3,75.0,Regular
STU0050,Female,22,Computer Engineering,Third Year,Fifth Semester,Database Management Systems,Period_3,8,5,69.72,43.6,16.1,13.5,1,1.4,79.1,0,84.6,62.5,Defaulter
STU0050,Female,22,Computer Engineering,Third Year,Fifth Semester,Database Management Systems,Period_4,10,8,69.72,43.6,17.3,13.5,3,1.4,81.6,0,60.0,80.0,Regular
STU0050,Female,22,Computer Engineering,Third Year,Fifth Semester,Software Engineering,Period_1,8,4,80.44,62.6,4.5,13.5,3,1.4,71.4,4,61.0,50.0,Defaulter
STU0050,Female,22,Computer Engineering,Third Year,Fifth Semester,Software Engineering,Period_2,8,7,80.44,62.6,15.5,13.5,0,1.4,77.3,1,67.9,87.5,Regular
STU0050,Female,22,Computer Engineering,Third Year,Fifth Semester,Software Engineering,Period_3,8,7,80.44,62.6,16.1,13.5,0,1.4,76.1,3,53.6,87.5,Regular
STU0050,Female,22,Computer Engineering,Third Year,Fifth Semester,Software Engineering,Period_4,12,7,80.44,62.6,11.7,13.5,2,1.4,76.2,2,52.8,58.33,Defaulter
STU0050,Female,22,Computer Engineering,Third Year,Fifth Semester,Theory of Computation,Period_1,10,7,79.39,66.7,6.1,13.5,1,1.4,81.3,1,90.0,70.0,Defaulter
STU0050,Female,22,Computer Engineering,Third Year,Fifth Semester,Theory of Computation,Period_2,9,7,79.39,66.7,22.6,13.5,2,1.4,76.1,2,68.4,77.78,Regular
STU0050,Female,22,Computer Engineering,Third Year,Fifth Semester,Theory of Computation,Period_3,9,7,79.39,66.7,18.0,13.5,2,1.4,77.7,0,76.3,77.78,Regular
STU0050,Female,22,Computer Engineering,Third Year,Fifth Semester,Theory of Computation,Period_4,10,7,79.39,66.7,3.8,13.5,0,1.4,83.8,4,72.5,70.0,Defaulter
STU0051,Female,22,Computer Engineering,Third Year,Fifth Semester,Computer Networks,Period_1,12,10,83.72,74.5,25.8,17.9,0,14.3,89.2,4,60.6,83.33,Regular
STU0051,Female,22,Computer Engineering,Third Year,Fifth Semester,Computer Networks,Period_2,11,9,83.72,74.5,10.1,17.9,1,14.3,88.7,1,57.2,81.82,Regular
STU0051,Female,22,Computer Engineering,Third Year,Fifth Semester,Computer Networks,Period_3,10,9,83.72,74.5,15.5,17.9,0,14.3,88.0,2,74.9,90.0,Regular
STU0051,Female,22,Computer Engineering,Third Year,Fifth Semester,Computer Networks,Period_4,10,9,83.72,74.5,8.9,17.9,1,14.3,88.4,2,69.2,90.0,Regular
STU0051,Female,22,Computer Engineering,Third Year,Fifth Semester,Data Structures & Algorithms,Period_1,12,12,87.06,66.6,16.0,17.9,1,14.3,84.5,4,82.8,100.0,Regular
STU0051,Female,22,Computer Engineering,Third Year,Fifth Semester,Data Structures & Algorithms,Period_2,11,8,87.06,66.6,10.7,17.9,1,14.3,86.0,2,82.7,72.73,Defaulter
STU0051,Female,22,Computer Engineering,Third Year,Fifth Semester,Data Structures & Algorithms,Period_3,9,9,87.06,66.6,14.0,17.9,0,14.3,91.9,1,85.0,100.0,Regular
STU0051,Female,22,Computer Engineering,Third Year,Fifth Semester,Data Structures & Algorithms,Period_4,11,10,87.06,66.6,14.6,17.9,1,14.3,87.3,2,77.2,90.91,Regular
STU0051,Female,22,Computer Engineering,Third Year,Fifth Semester,Database Management Systems,Period_1,10,9,99.27,82.9,20.3,17.9,0,14.3,84.2,4,69.1,90.0,Regular
STU0051,Female,22,Computer Engineering,Third Year,Fifth Semester,Database Management Systems,Period_2,10,10,99.27,82.9,14.1,17.9,1,14.3,89.2,1,68.9,100.0,Regular
STU0051,Female,22,Computer Engineering,Third Year,Fifth Semester,Database Management Systems,Period_3,9,7,99.27,82.9,18.3,17.9,0,14.3,90.7,0,62.5,77.78,Regular
STU0051,Female,22,Computer Engineering,Third Year,Fifth Semester,Database Management Systems,Period_4,9,7,99.27,82.9,12.0,17.9,0,14.3,92.1,2,62.2,77.78,Regular
STU0051,Female,22,Computer Engineering,Third Year,Fifth Semester,Software Engineering,Period_1,9,9,96.09,74.7,16.9,17.9,2,14.3,88.1,0,62.0,100.0,Regular
STU0051,Female,22,Computer Engineering,Third Year,Fifth Semester,Software Engineering,Period_2,10,9,96.09,74.7,20.7,17.9,3,14.3,88.4,1,86.7,90.0,Regular
STU0051,Female,22,Computer Engineering,Third Year,Fifth Semester,Software Engineering,Period_3,9,8,96.09,74.7,14.3,17.9,0,14.3,88.2,2,65.1,88.89,Regular
STU0051,Female,22,Computer Engineering,Third Year,Fifth Semester,Software Engineering,Period_4,10,10,96.09,74.7,21.3,17.9,2,14.3,91.4,3,66.1,100.0,Regular
STU0051,Female,22,Computer Engineering,Third Year,Fifth Semester,Theory of Computation,Period_1,11,8,95.17,75.5,14.1,17.9,1,14.3,90.2,0,86.2,72.73,Defaulter
STU0051,Female,22,Computer Engineering,Third Year,Fifth Semester,Theory of Computation,Period_2,9,7,95.17,75.5,14.8,17.9,1,14.3,89.2,2,68.1,77.78,Regular
STU0051,Female,22,Computer Engineering,Third Year,Fifth Semester,Theory of Computation,Period_3,9,6,95.17,75.5,12.1,17.9,0,14.3,91.1,4,86.2,66.67,Defaulter
STU0051,Female,22,Computer Engineering,Third Year,Fifth Semester,Theory of Computation,Period_4,8,8,95.17,75.5,17.3,17.9,0,14.3,85.2,0,58.0,100.0,Regular
STU0052,Male,19,Computer Engineering,Third Year,Fifth Semester,Computer Networks,Period_1,11,8,74.71,86.5,10.4,15.3,3,1.8,74.7,3,78.6,72.73,Defaulter
STU0052,Male,19,Computer Engineering,Third Year,Fifth Semester,Computer Networks,Period_2,11,9,74.71,86.5,16.2,15.3,1,1.8,75.0,2,46.9,81.82,Regular
STU0052,Male,19,Computer Engineering,Third Year,Fifth Semester,Computer Networks,Period_3,9,8,74.71,86.5,16.6,15.3,0,1.8,79.8,2,81.7,88.89,Regular
STU0052,Male,19,Computer Engineering,Third Year,Fifth Semester,Computer Networks,Period_4,10,8,74.71,86.5,7.8,15.3,2,1.8,79.3,2,52.2,80.0,Regular
STU0052,Male,19,Computer Engineering,Third Year,Fifth Semester,Data Structures & Algorithms,Period_1,8,6,87.44,53.4,16.7,15.3,1,1.8,74.2,1,67.4,75.0,Regular
STU0052,Male,19,Computer Engineering,Third Year,Fifth Semester,Data Structures & Algorithms,Period_2,9,7,87.44,53.4,18.5,15.3,2,1.8,75.2,2,69.4,77.78,Regular
STU0052,Male,19,Computer Engineering,Third Year,Fifth Semester,Data Structures & Algorithms,Period_3,12,11,87.44,53.4,20.8,15.3,2,1.8,75.4,2,78.6,91.67,Regular
STU0052,Male,19,Computer Engineering,Third Year,Fifth Semester,Data Structures & Algorithms,Period_4,8,7,87.44,53.4,16.3,15.3,0,1.8,78.7,2,48.0,87.5,Regular
STU0052,Male,19,Computer Engineering,Third Year,Fifth Semester,Database Management Systems,Period_1,8,6,75.26,82.9,10.7,15.3,0,1.8,74.6,4,42.5,75.0,Regular
STU0052,Male,19,Computer Engineering,Third Year,Fifth Semester,Database Management Systems,Period_2,12,9,75.26,82.9,12.6,15.3,4,1.8,73.8,0,39.7,75.0,Regular
STU0052,Male,19,Computer Engineering,Third Year,Fifth Semester,Database Management Systems,Period_3,11,9,75.26,82.9,9.8,15.3,0,1.8,76.2,1,95.5,81.82,Regular
STU0052,Male,19,Computer Engineering,Third Year,Fifth Semester,Database Management Systems,Period_4,12,10,75.26,82.9,12.0,15.3,2,1.8,71.5,3,48.3,83.33,Regular
STU0052,Male,19,Computer Engineering,Third Year,Fifth Semester,Software Engineering,Period_1,11,9,80.66,66.0,16.8,15.3,0,1.8,72.2,1,64.8,81.82,Regular
STU0052,Male,19,Computer Engineering,Third Year,Fifth Semester,Software Engineering,Period_2,11,11,80.66,66.0,15.8,15.3,3,1.8,81.4,0,54.5,100.0,Regular
STU0052,Male,19,Computer Engineering,Third Year,Fifth Semester,Software Engineering,Period_3,10,9,80.66,66.0,21.7,15.3,1,1.8,75.2,3,62.0,90.0,Regular
STU0052,Male,19,Computer Engineering,Third Year,Fifth Semester,Software Engineering,Period_4,9,7,80.66,66.0,22.4,15.3,1,1.8,75.4,0,59.7,77.78,Regular
STU0052,Male,19,Computer Engineering,Third Year,Fifth Semester,Theory of Computation,Period_1,12,10,70.83,56.8,17.5,15.3,1,1.8,70.7,1,59.3,83.33,Regular
STU0052,Male,19,Computer Engineering,Third Year,Fifth Semester,Theory of Computation,Period_2,9,6,70.83,56.8,8.8,15.3,2,1.8,78.5,5,57.3,66.67,Defaulter
STU0052,Male,19,Computer Engineering,Third Year,Fifth Semester,Theory of Computation,Period_3,8,6,70.83,56.8,16.4,15.3,3,1.8,79.0,1,61.8,75.0,Regular
STU0052,Male,19,Computer Engineering,Third Year,Fifth Semester,Theory of Computation,Period_4,11,9,70.83,56.8,18.9,15.3,1,1.8,78.3,3,75.0,81.82,Regular
STU0053,Female,20,Computer Engineering,Third Year,Fifth Semester,Computer Networks,Period_1,12,7,46.11,69.5,7.1,11.3,2,43.2,53.2,2,79.2,58.33,Defaulter
STU0053,Female,20,Computer Engineering,Third Year,Fifth Semester,Computer Networks,Period_2,9,4,46.11,69.5,9.2,11.3,1,43.2,57.8,4,68.4,44.44,Defaulter
STU0053,Female,20,Computer Engineering,Third Year,Fifth Semester,Computer Networks,Period_3,12,8,46.11,69.5,13.7,11.3,1,43.2,56.7,1,64.8,66.67,Defaulter
STU0053,Female,20,Computer Engineering,Third Year,Fifth Semester,Computer Networks,Period_4,11,6,46.11,69.5,4.8,11.3,2,43.2,60.1,3,46.5,54.55,Defaulter
STU0053,Female,20,Computer Engineering,Third Year,Fifth Semester,Data Structures & Algorithms,Period_1,12,8,54.67,61.4,17.1,11.3,3,43.2,55.4,1,37.6,66.67,Defaulter
STU0053,Female,20,Computer Engineering,Third Year,Fifth Semester,Data Structures & Algorithms,Period_2,11,6,54.67,61.4,5.1,11.3,1,43.2,56.6,1,52.9,54.55,Defaulter
STU0053,Female,20,Computer Engineering,Third Year,Fifth Semester,Data Structures & Algorithms,Period_3,12,5,54.67,61.4,1.7,11.3,2,43.2,59.5,2,72.2,41.67,Defaulter
STU0053,Female,20,Computer Engineering,Third Year,Fifth Semester,Data Structures & Algorithms,Period_4,10,4,54.67,61.4,6.6,11.3,0,43.2,54.9,1,49.3,40.0,Defaulter
STU0053,Female,20,Computer Engineering,Third Year,Fifth Semester,Database Management Systems,Period_1,9,6,53.61,52.0,14.9,11.3,2,43.2,56.0,1,78.7,66.67,Defaulter
STU0053,Female,20,Computer Engineering,Third Year,Fifth Semester,Database Management Systems,Period_2,10,6,53.61,52.0,9.5,11.3,0,43.2,53.5,2,45.2,60.0,Defaulter
STU0053,Female,20,Computer Engineering,Third Year,Fifth Semester,Database Management Systems,Period_3,8,3,53.61,52.0,10.0,11.3,2,43.2,53.0,2,86.9,37.5,Defaulter
STU0053,Female,20,Computer Engineering,Third Year,Fifth Semester,Database Management Systems,Period_4,11,5,53.61,52.0,8.7,11.3,1,43.2,57.5,3,79.3,45.45,Defaulter
STU0053,Female,20,Computer Engineering,Third Year,Fifth Semester,Software Engineering,Period_1,8,5,44.47,49.6,8.5,11.3,0,43.2,58.1,4,77.0,62.5,Defaulter
STU0053,Female,20,Computer Engineering,Third Year,Fifth Semester,Software Engineering,Period_2,11,5,44.47,49.6,6.7,11.3,0,43.2,50.8,4,81.0,45.45,Defaulter
STU0053,Female,20,Computer Engineering,Third Year,Fifth Semester,Software Engineering,Period_3,10,4,44.47,49.6,4.8,11.3,2,43.2,56.8,1,85.9,40.0,Defaulter
STU0053,Female,20,Computer Engineering,Third Year,Fifth Semester,Software Engineering,Period_4,10,5,44.47,49.6,12.0,11.3,3,43.2,53.2,2,35.8,50.0,Defaulter
STU0053,Female,20,Computer Engineering,Third Year,Fifth Semester,Theory of Computation,Period_1,12,8,56.76,52.6,13.9,11.3,0,43.2,60.5,3,53.9,66.67,Defaulter
STU0053,Female,20,Computer Engineering,Third Year,Fifth Semester,Theory of Computation,Period_2,8,5,56.76,52.6,16.9,11.3,2,43.2,56.2,1,92.1,62.5,Defaulter
STU0053,Female,20,Computer Engineering,Third Year,Fifth Semester,Theory of Computation,Period_3,10,5,56.76,52.6,2.3,11.3,0,43.2,54.4,0,64.0,50.0,Defaulter
STU0053,Female,20,Computer Engineering,Third Year,Fifth Semester,Theory of Computation,Period_4,9,5,56.76,52.6,15.6,11.3,2,43.2,55.3,4,60.6,55.56,Defaulter
STU0054,Male,21,Computer Engineering,Third Year,Fifth Semester,Computer Networks,Period_1,12,9,60.86,49.4,13.6,12.7,1,7.1,67.5,2,65.9,75.0,Regular
STU0054,Male,21,Computer Engineering,Third Year,Fifth Semester,Computer Networks,Period_2,11,6,60.86,49.4,10.4,12.7,1,7.1,65.9,2,53.1,54.55,Defaulter
STU0054,Male,21,Computer Engineering,Third Year,Fifth Semester,Computer Networks,Period_3,11,8,60.86,49.4,11.5,12.7,1,7.1,66.1,3,86.9,72.73,Defaulter
STU0054,Male,21,Computer Engineering,Third Year,Fifth Semester,Computer Networks,Period_4,12,10,60.86,49.4,12.6,12.7,2,7.1,67.1,1,66.3,83.33,Regular
STU0054,Male,21,Computer Engineering,Third Year,Fifth Semester,Data Structures & Algorithms,Period_1,10,6,67.36,58.0,14.9,12.7,1,7.1,72.1,4,82.7,60.0,Defaulter
STU0054,Male,21,Computer Engineering,Third Year,Fifth Semester,Data Structures & Algorithms,Period_2,10,7,67.36,58.0,8.7,12.7,0,7.1,65.2,1,68.0,70.0,Defaulter
STU0054,Male,21,Computer Engineering,Third Year,Fifth Semester,Data Structures & Algorithms,Period_3,12,5,67.36,58.0,0.0,12.7,3,7.1,65.0,1,49.0,41.67,Defaulter
STU0054,Male,21,Computer Engineering,Third Year,Fifth Semester,Data Structures & Algorithms,Period_4,9,5,67.36,58.0,9.3,12.7,2,7.1,67.6,3,80.4,55.56,Defaulter
STU0054,Male,21,Computer Engineering,Third Year,Fifth Semester,Database Management Systems,Period_1,11,9,50.43,58.0,12.4,12.7,0,7.1,69.7,3,71.8,81.82,Regular
STU0054,Male,21,Computer Engineering,Third Year,Fifth Semester,Database Management Systems,Period_2,10,5,50.43,58.0,11.2,12.7,2,7.1,70.7,1,80.3,50.0,Defaulter
STU0054,Male,21,Computer Engineering,Third Year,Fifth Semester,Database Management Systems,Period_3,8,5,50.43,58.0,11.9,12.7,4,7.1,67.4,4,29.4,62.5,Defaulter
STU0054,Male,21,Computer Engineering,Third Year,Fifth Semester,Database Management Systems,Period_4,12,10,50.43,58.0,13.7,12.7,2,7.1,64.9,1,99.8,83.33,Regular
STU0054,Male,21,Computer Engineering,Third Year,Fifth Semester,Software Engineering,Period_1,11,8,61.01,53.5,8.4,12.7,0,7.1,67.8,1,55.3,72.73,Defaulter
STU0054,Male,21,Computer Engineering,Third Year,Fifth Semester,Software Engineering,Period_2,12,7,61.01,53.5,8.3,12.7,0,7.1,67.5,0,92.2,58.33,Defaulter
STU0054,Male,21,Computer Engineering,Third Year,Fifth Semester,Software Engineering,Period_3,11,7,61.01,53.5,20.3,12.7,1,7.1,68.6,0,65.8,63.64,Defaulter
STU0054,Male,21,Computer Engineering,Third Year,Fifth Semester,Software Engineering,Period_4,8,4,61.01,53.5,8.2,12.7,0,7.1,68.8,3,87.5,50.0,Defaulter
STU0054,Male,21,Computer Engineering,Third Year,Fifth Semester,Theory of Computation,Period_1,11,6,69.06,62.9,8.9,12.7,1,7.1,72.4,3,73.2,54.55,Defaulter
STU0054,Male,21,Computer Engineering,Third Year,Fifth Semester,Theory of Computation,Period_2,11,8,69.06,62.9,22.7,12.7,1,7.1,69.0,0,81.1,72.73,Defaulter
STU0054,Male,21,Computer Engineering,Third Year,Fifth Semester,Theory of Computation,Period_3,8,5,69.06,62.9,6.7,12.7,1,7.1,70.8,3,52.2,62.5,Defaulter
STU0054,Male,21,Computer Engineering,Third Year,Fifth Semester,Theory of Computation,Period_4,10,3,69.06,62.9,8.1,12.7,0,7.1,63.0,2,83.4,30.0,Defaulter
STU0055,Male,21,Computer Engineering,Third Year,Fifth Semester,Computer Networks,Period_1,12,9,43.25,51.2,13.5,13.5,1,4.1,56.6,2,77.4,75.0,Regular
STU0055,Male,21,Computer Engineering,Third Year,Fifth Semester,Computer Networks,Period_2,9,5,43.25,51.2,16.6,13.5,1,4.1,55.7,3,80.7,55.56,Defaulter
STU0055,Male,21,Computer Engineering,Third Year,Fifth Semester,Computer Networks,Period_3,12,5,43.25,51.2,5.7,13.5,0,4.1,52.4,1,85.7,41.67,Defaulter
STU0055,Male,21,Computer Engineering,Third Year,Fifth Semester,Computer Networks,Period_4,10,4,43.25,51.2,13.4,13.5,0,4.1,58.4,0,67.2,40.0,Defaulter
STU0055,Male,21,Computer Engineering,Third Year,Fifth Semester,Data Structures & Algorithms,Period_1,10,5,48.84,41.1,16.0,13.5,3,4.1,54.0,3,74.4,50.0,Defaulter
STU0055,Male,21,Computer Engineering,Third Year,Fifth Semester,Data Structures & Algorithms,Period_2,11,4,48.84,41.1,13.6,13.5,0,4.1,56.2,3,92.1,36.36,Defaulter
STU0055,Male,21,Computer Engineering,Third Year,Fifth Semester,Data Structures & Algorithms,Period_3,10,4,48.84,41.1,1.3,13.5,2,4.1,49.2,1,100.0,40.0,Defaulter
STU0055,Male,21,Computer Engineering,Third Year,Fifth Semester,Data Structures & Algorithms,Period_4,8,6,48.84,41.1,12.6,13.5,0,4.1,55.1,0,85.9,75.0,Regular
STU0055,Male,21,Computer Engineering,Third Year,Fifth Semester,Database Management Systems,Period_1,12,7,49.57,41.8,9.6,13.5,0,4.1,59.8,0,59.7,58.33,Defaulter
STU0055,Male,21,Computer Engineering,Third Year,Fifth Semester,Database Management Systems,Period_2,8,4,49.57,41.8,9.2,13.5,2,4.1,59.8,1,96.0,50.0,Defaulter
STU0055,Male,21,Computer Engineering,Third Year,Fifth Semester,Database Management Systems,Period_3,9,4,49.57,41.8,4.0,13.5,2,4.1,60.0,1,94.0,44.44,Defaulter
STU0055,Male,21,Computer Engineering,Third Year,Fifth Semester,Database Management Systems,Period_4,9,6,49.57,41.8,16.8,13.5,2,4.1,54.5,1,69.8,66.67,Defaulter
STU0055,Male,21,Computer Engineering,Third Year,Fifth Semester,Software Engineering,Period_1,8,4,52.12,52.6,5.2,13.5,3,4.1,45.8,1,74.9,50.0,Defaulter
STU0055,Male,21,Computer Engineering,Third Year,Fifth Semester,Software Engineering,Period_2,11,9,52.12,52.6,15.5,13.5,0,4.1,53.7,1,82.0,81.82,Regular
STU0055,Male,21,Computer Engineering,Third Year,Fifth Semester,Software Engineering,Period_3,9,5,52.12,52.6,15.7,13.5,0,4.1,53.9,2,63.4,55.56,Defaulter
STU0055,Male,21,Computer Engineering,Third Year,Fifth Semester,Software Engineering,Period_4,11,5,52.12,52.6,1.9,13.5,0,4.1,59.5,2,99.4,45.45,Defaulter
STU0055,Male,21,Computer Engineering,Third Year,Fifth Semester,Theory of Computation,Period_1,10,4,58.2,72.3,14.9,13.5,0,4.1,52.2,3,93.7,40.0,Defaulter
STU0055,Male,21,Computer Engineering,Third Year,Fifth Semester,Theory of Computation,Period_2,10,6,58.2,72.3,13.9,13.5,2,4.1,54.6,7,61.3,60.0,Defaulter
STU0055,Male,21,Computer Engineering,Third Year,Fifth Semester,Theory of Computation,Period_3,12,6,58.2,72.3,13.4,13.5,1,4.1,58.9,1,88.0,50.0,Defaulter
STU0055,Male,21,Computer Engineering,Third Year,Fifth Semester,Theory of Computation,Period_4,12,9,58.2,72.3,14.0,13.5,1,4.1,64.1,1,69.0,75.0,Regular
STU0056,Male,19,Computer Engineering,Third Year,Fifth Semester,Computer Networks,Period_1,10,7,89.97,60.3,13.9,13.9,0,2.5,79.2,2,61.0,70.0,Defaulter
STU0056,Male,19,Computer Engineering,Third Year,Fifth Semester,Computer Networks,Period_2,9,8,89.97,60.3,3.9,13.9,0,2.5,80.2,1,89.3,88.89,Regular
STU0056,Male,19,Computer Engineering,Third Year,Fifth Semester,Computer Networks,Period_3,8,6,89.97,60.3,11.1,13.9,1,2.5,78.0,3,53.8,75.0,Regular
STU0056,Male,19,Computer Engineering,Third Year,Fifth Semester,Computer Networks,Period_4,12,10,89.97,60.3,16.2,13.9,0,2.5,84.4,0,82.2,83.33,Regular
STU0056,Male,19,Computer Engineering,Third Year,Fifth Semester,Data Structures & Algorithms,Period_1,8,6,86.42,61.0,15.8,13.9,0,2.5,81.4,3,84.1,75.0,Regular
STU0056,Male,19,Computer Engineering,Third Year,Fifth Semester,Data Structures & Algorithms,Period_2,9,6,86.42,61.0,8.6,13.9,0,2.5,82.2,2,61.9,66.67,Defaulter
STU0056,Male,19,Computer Engineering,Third Year,Fifth Semester,Data Structures & Algorithms,Period_3,10,9,86.42,61.0,15.0,13.9,0,2.5,80.8,1,56.4,90.0,Regular
STU0056,Male,19,Computer Engineering,Third Year,Fifth Semester,Data Structures & Algorithms,Period_4,8,7,86.42,61.0,12.7,13.9,1,2.5,87.9,4,65.5,87.5,Regular
STU0056,Male,19,Computer Engineering,Third Year,Fifth Semester,Database Management Systems,Period_1,11,9,82.88,58.8,21.5,13.9,1,2.5,78.8,2,62.6,81.82,Regular
STU0056,Male,19,Computer Engineering,Third Year,Fifth Semester,Database Management Systems,Period_2,8,7,82.88,58.8,13.7,13.9,3,2.5,91.1,3,67.9,87.5,Regular
STU0056,Male,19,Computer Engineering,Third Year,Fifth Semester,Database Management Systems,Period_3,12,11,82.88,58.8,10.4,13.9,0,2.5,81.7,0,74.1,91.67,Regular
STU0056,Male,19,Computer Engineering,Third Year,Fifth Semester,Database Management Systems,Period_4,8,6,82.88,58.8,17.9,13.9,2,2.5,83.4,1,70.9,75.0,Regular
STU0056,Male,19,Computer Engineering,Third Year,Fifth Semester,Software Engineering,Period_1,11,8,71.39,63.1,17.7,13.9,0,2.5,80.5,2,41.5,72.73,Defaulter
STU0056,Male,19,Computer Engineering,Third Year,Fifth Semester,Software Engineering,Period_2,9,7,71.39,63.1,18.9,13.9,0,2.5,76.4,4,83.2,77.78,Regular
STU0056,Male,19,Computer Engineering,Third Year,Fifth Semester,Software Engineering,Period_3,8,4,71.39,63.1,12.1,13.9,3,2.5,82.5,2,82.7,50.0,Defaulter
STU0056,Male,19,Computer Engineering,Third Year,Fifth Semester,Software Engineering,Period_4,8,8,71.39,63.1,17.0,13.9,1,2.5,83.1,2,86.4,100.0,Regular
STU0056,Male,19,Computer Engineering,Third Year,Fifth Semester,Theory of Computation,Period_1,12,9,82.12,68.9,9.3,13.9,2,2.5,77.6,2,89.6,75.0,Regular
STU0056,Male,19,Computer Engineering,Third Year,Fifth Semester,Theory of Computation,Period_2,12,7,82.12,68.9,19.2,13.9,0,2.5,82.9,0,66.7,58.33,Defaulter
STU0056,Male,19,Computer Engineering,Third Year,Fifth Semester,Theory of Computation,Period_3,10,7,82.12,68.9,13.0,13.9,2,2.5,81.9,2,40.8,70.0,Defaulter
STU0056,Male,19,Computer Engineering,Third Year,Fifth Semester,Theory of Computation,Period_4,11,8,82.12,68.9,7.6,13.9,0,2.5,83.5,2,35.5,72.73,Defaulter
STU0057,Female,21,Computer Engineering,Third Year,Fifth Semester,Computer Networks,Period_1,11,6,55.57,32.1,5.1,8.0,3,7.8,44.5,2,84.6,54.55,Defaulter
STU0057,Female,21,Computer Engineering,Third Year,Fifth Semester,Computer Networks,Period_2,10,8,55.57,32.1,11.0,8.0,1,7.8,49.7,3,57.1,80.0,Regular
STU0057,Female,21,Computer Engineering,Third Year,Fifth Semester,Computer Networks,Period_3,10,6,55.57,32.1,5.3,8.0,1,7.8,45.3,1,77.4,60.0,Defaulter
STU0057,Female,21,Computer Engineering,Third Year,Fifth Semester,Computer Networks,Period_4,11,5,55.57,32.1,8.9,8.0,1,7.8,46.6,2,77.4,45.45,Defaulter
STU0057,Female,21,Computer Engineering,Third Year,Fifth Semester,Data Structures & Algorithms,Period_1,9,3,67.21,27.3,1.2,8.0,1,7.8,42.7,1,57.3,33.33,Defaulter
STU0057,Female,21,Computer Engineering,Third Year,Fifth Semester,Data Structures & Algorithms,Period_2,11,8,67.21,27.3,16.3,8.0,3,7.8,49.6,2,52.3,72.73,Defaulter
STU0057,Female,21,Computer Engineering,Third Year,Fifth Semester,Data Structures & Algorithms,Period_3,8,5,67.21,27.3,8.7,8.0,1,7.8,43.1,4,41.2,62.5,Defaulter
STU0057,Female,21,Computer Engineering,Third Year,Fifth Semester,Data Structures & Algorithms,Period_4,11,7,67.21,27.3,18.5,8.0,2,7.8,49.0,1,59.5,63.64,Defaulter
STU0057,Female,21,Computer Engineering,Third Year,Fifth Semester,Database Management Systems,Period_1,12,7,45.96,52.5,3.9,8.0,0,7.8,47.6,0,66.7,58.33,Defaulter
STU0057,Female,21,Computer Engineering,Third Year,Fifth Semester,Database Management Systems,Period_2,8,4,45.96,52.5,8.9,8.0,0,7.8,44.1,1,75.1,50.0,Defaulter
STU0057,Female,21,Computer Engineering,Third Year,Fifth Semester,Database Management Systems,Period_3,10,6,45.96,52.5,10.0,8.0,0,7.8,48.8,2,51.5,60.0,Defaulter
STU0057,Female,21,Computer Engineering,Third Year,Fifth Semester,Database Management Systems,Period_4,8,5,45.96,52.5,9.2,8.0,0,7.8,42.4,3,71.6,62.5,Defaulter
STU0057,Female,21,Computer Engineering,Third Year,Fifth Semester,Software Engineering,Period_1,12,4,63.38,50.7,3.7,8.0,1,7.8,44.9,2,66.1,33.33,Defaulter
STU0057,Female,21,Computer Engineering,Third Year,Fifth Semester,Software Engineering,Period_2,9,7,63.38,50.7,16.3,8.0,1,7.8,43.1,3,52.1,77.78,Regular
STU0057,Female,21,Computer Engineering,Third Year,Fifth Semester,Software Engineering,Period_3,12,5,63.38,50.7,3.8,8.0,2,7.8,47.6,2,76.4,41.67,Defaulter
STU0057,Female,21,Computer Engineering,Third Year,Fifth Semester,Software Engineering,Period_4,9,5,63.38,50.7,21.1,8.0,0,7.8,43.5,3,48.0,55.56,Defaulter
STU0057,Female,21,Computer Engineering,Third Year,Fifth Semester,Theory of Computation,Period_1,8,5,45.6,33.0,4.5,8.0,1,7.8,51.5,4,71.9,62.5,Defaulter
STU0057,Female,21,Computer Engineering,Third Year,Fifth Semester,Theory of Computation,Period_2,12,8,45.6,33.0,8.6,8.0,1,7.8,48.9,1,55.9,66.67,Defaulter
STU0057,Female,21,Computer Engineering,Third Year,Fifth Semester,Theory of Computation,Period_3,12,8,45.6,33.0,4.6,8.0,1,7.8,48.3,1,90.0,66.67,Defaulter
STU0057,Female,21,Computer Engineering,Third Year,Fifth Semester,Theory of Computation,Period_4,10,6,45.6,33.0,14.0,8.0,1,7.8,43.0,1,92.1,60.0,Defaulter
STU0058,Male,19,Computer Engineering,Third Year,Fifth Semester,Computer Networks,Period_1,10,9,57.14,65.4,15.1,13.4,1,14.4,58.9,0,70.1,90.0,Regular
STU0058,Male,19,Computer Engineering,Third Year,Fifth Semester,Computer Networks,Period_2,10,5,57.14,65.4,10.8,13.4,0,14.4,53.7,1,80.2,50.0,Defaulter
STU0058,Male,19,Computer Engineering,Third Year,Fifth Semester,Computer Networks,Period_3,11,8,57.14,65.4,29.7,13.4,0,14.4,55.6,2,85.9,72.73,Defaulter
STU0058,Male,19,Computer Engineering,Third Year,Fifth Semester,Computer Networks,Period_4,10,4,57.14,65.4,2.1,13.4,1,14.4,57.0,2,59.3,40.0,Defaulter
STU0058,Male,19,Computer Engineering,Third Year,Fifth Semester,Data Structures & Algorithms,Period_1,11,7,59.84,70.9,13.0,13.4,0,14.4,58.7,1,86.4,63.64,Defaulter
STU0058,Male,19,Computer Engineering,Third Year,Fifth Semester,Data Structures & Algorithms,Period_2,10,6,59.84,70.9,17.2,13.4,1,14.4,58.8,2,76.0,60.0,Defaulter
STU0058,Male,19,Computer Engineering,Third Year,Fifth Semester,Data Structures & Algorithms,Period_3,11,7,59.84,70.9,9.1,13.4,0,14.4,59.1,3,68.4,63.64,Defaulter
STU0058,Male,19,Computer Engineering,Third Year,Fifth Semester,Data Structures & Algorithms,Period_4,9,4,59.84,70.9,10.3,13.4,0,14.4,62.2,3,57.3,44.44,Defaulter
STU0058,Male,19,Computer Engineering,Third Year,Fifth Semester,Database Management Systems,Period_1,11,6,65.01,73.5,10.3,13.4,1,14.4,56.4,4,52.5,54.55,Defaulter
STU0058,Male,19,Computer Engineering,Third Year,Fifth Semester,Database Management Systems,Period_2,8,6,65.01,73.5,20.8,13.4,3,14.4,56.7,1,81.8,75.0,Regular
STU0058,Male,19,Computer Engineering,Third Year,Fifth Semester,Database Management Systems,Period_3,8,6,65.01,73.5,12.7,13.4,2,14.4,59.0,1,62.8,75.0,Regular
STU0058,Male,19,Computer Engineering,Third Year,Fifth Semester,Database Management Systems,Period_4,11,6,65.01,73.5,14.9,13.4,1,14.4,61.2,4,73.4,54.55,Defaulter
STU0058,Male,19,Computer Engineering,Third Year,Fifth Semester,Software Engineering,Period_1,12,6,57.62,48.7,4.0,13.4,3,14.4,59.5,0,70.7,50.0,Defaulter
STU0058,Male,19,Computer Engineering,Third Year,Fifth Semester,Software Engineering,Period_2,9,5,57.62,48.7,9.7,13.4,1,14.4,57.6,3,48.4,55.56,Defaulter
STU0058,Male,19,Computer Engineering,Third Year,Fifth Semester,Software Engineering,Period_3,9,5,57.62,48.7,14.3,13.4,1,14.4,58.8,2,67.8,55.56,Defaulter
STU0058,Male,19,Computer Engineering,Third Year,Fifth Semester,Software Engineering,Period_4,11,6,57.62,48.7,10.4,13.4,0,14.4,55.1,1,69.3,54.55,Defaulter
STU0058,Male,19,Computer Engineering,Third Year,Fifth Semester,Theory of Computation,Period_1,12,8,47.6,55.8,14.6,13.4,0,14.4,59.2,2,76.8,66.67,Defaulter
STU0058,Male,19,Computer Engineering,Third Year,Fifth Semester,Theory of Computation,Period_2,12,8,47.6,55.8,13.2,13.4,2,14.4,59.1,0,45.1,66.67,Defaulter
STU0058,Male,19,Computer Engineering,Third Year,Fifth Semester,Theory of Computation,Period_3,12,5,47.6,55.8,12.5,13.4,1,14.4,53.3,1,51.5,41.67,Defaulter
STU0058,Male,19,Computer Engineering,Third Year,Fifth Semester,Theory of Computation,Period_4,9,4,47.6,55.8,6.6,13.4,4,14.4,60.4,6,53.1,44.44,Defaulter
STU0059,Male,22,Computer Engineering,Third Year,Fifth Semester,Computer Networks,Period_1,8,5,74.18,50.4,10.7,13.2,2,18.3,55.2,0,86.9,62.5,Defaulter
STU0059,Male,22,Computer Engineering,Third Year,Fifth Semester,Computer Networks,Period_2,11,8,74.18,50.4,9.7,13.2,0,18.3,52.1,3,91.3,72.73,Defaulter
STU0059,Male,22,Computer Engineering,Third Year,Fifth Semester,Computer Networks,Period_3,9,7,74.18,50.4,12.2,13.2,0,18.3,54.4,1,78.2,77.78,Regular
STU0059,Male,22,Computer Engineering,Third Year,Fifth Semester,Computer Networks,Period_4,11,8,74.18,50.4,6.3,13.2,0,18.3,58.3,4,65.1,72.73,Defaulter
STU0059,Male,22,Computer Engineering,Third Year,Fifth Semester,Data Structures & Algorithms,Period_1,12,9,78.44,41.3,14.6,13.2,0,18.3,62.6,2,88.0,75.0,Regular
STU0059,Male,22,Computer Engineering,Third Year,Fifth Semester,Data Structures & Algorithms,Period_2,11,8,78.44,41.3,9.9,13.2,1,18.3,53.7,2,95.9,72.73,Defaulter
STU0059,Male,22,Computer Engineering,Third Year,Fifth Semester,Data Structures & Algorithms,Period_3,10,8,78.44,41.3,8.1,13.2,0,18.3,64.0,3,46.7,80.0,Regular
STU0059,Male,22,Computer Engineering,Third Year,Fifth Semester,Data Structures & Algorithms,Period_4,8,6,78.44,41.3,15.5,13.2,0,18.3,55.8,3,50.6,75.0,Regular
STU0059,Male,22,Computer Engineering,Third Year,Fifth Semester,Database Management Systems,Period_1,10,5,73.54,50.4,7.7,13.2,1,18.3,55.2,1,66.2,50.0,Defaulter
STU0059,Male,22,Computer Engineering,Third Year,Fifth Semester,Database Management Systems,Period_2,9,7,73.54,50.4,19.2,13.2,3,18.3,57.4,1,82.7,77.78,Regular
STU0059,Male,22,Computer Engineering,Third Year,Fifth Semester,Database Management Systems,Period_3,11,6,73.54,50.4,11.0,13.2,1,18.3,57.4,1,69.9,54.55,Defaulter
STU0059,Male,22,Computer Engineering,Third Year,Fifth Semester,Database Management Systems,Period_4,11,9,73.54,50.4,11.1,13.2,2,18.3,54.6,2,85.5,81.82,Regular
STU0059,Male,22,Computer Engineering,Third Year,Fifth Semester,Software Engineering,Period_1,10,9,68.45,57.4,20.5,13.2,2,18.3,57.8,1,46.9,90.0,Regular
STU0059,Male,22,Computer Engineering,Third Year,Fifth Semester,Software Engineering,Period_2,11,8,68.45,57.4,17.9,13.2,2,18.3,51.9,4,73.3,72.73,Defaulter
STU0059,Male,22,Computer Engineering,Third Year,Fifth Semester,Software Engineering,Period_3,8,6,68.45,57.4,17.1,13.2,1,18.3,56.1,1,74.0,75.0,Regular
STU0059,Male,22,Computer Engineering,Third Year,Fifth Semester,Software Engineering,Period_4,8,7,68.45,57.4,14.2,13.2,1,18.3,56.0,2,47.3,87.5,Regular
STU0059,Male,22,Computer Engineering,Third Year,Fifth Semester,Theory of Computation,Period_1,8,6,77.86,49.4,14.5,13.2,1,18.3,57.0,0,80.6,75.0,Regular
STU0059,Male,22,Computer Engineering,Third Year,Fifth Semester,Theory of Computation,Period_2,11,11,77.86,49.4,16.4,13.2,1,18.3,61.6,1,54.2,100.0,Regular
STU0059,Male,22,Computer Engineering,Third Year,Fifth Semester,Theory of Computation,Period_3,10,8,77.86,49.4,12.5,13.2,1,18.3,58.0,3,61.9,80.0,Regular
STU0059,Male,22,Computer Engineering,Third Year,Fifth Semester,Theory of Computation,Period_4,11,10,77.86,49.4,18.3,13.2,1,18.3,57.6,2,44.2,90.91,Regular
STU0060,Male,22,Computer Engineering,Third Year,Fifth Semester,Computer Networks,Period_1,12,9,67.84,64.6,11.6,12.8,0,9.3,57.1,4,57.3,75.0,Regular
STU0060,Male,22,Computer Engineering,Third Year,Fifth Semester,Computer Networks,Period_2,12,9,67.84,64.6,16.0,12.8,0,9.3,57.4,1,75.4,75.0,Regular
STU0060,Male,22,Computer Engineering,Third Year,Fifth Semester,Computer Networks,Period_3,11,8,67.84,64.6,9.8,12.8,1,9.3,52.3,2,94.3,72.73,Defaulter
STU0060,Male,22,Computer Engineering,Third Year,Fifth Semester,Computer Networks,Period_4,11,8,67.84,64.6,11.5,12.8,0,9.3,52.8,0,49.3,72.73,Defaulter
STU0060,Male,22,Computer Engineering,Third Year,Fifth Semester,Data Structures & Algorithms,Period_1,11,9,69.46,57.0,23.3,12.8,2,9.3,59.4,3,62.7,81.82,Regular
STU0060,Male,22,Computer Engineering,Third Year,Fifth Semester,Data Structures & Algorithms,Period_2,11,9,69.46,57.0,11.3,12.8,1,9.3,59.4,1,57.1,81.82,Regular
STU0060,Male,22,Computer Engineering,Third Year,Fifth Semester,Data Structures & Algorithms,Period_3,8,8,69.46,57.0,19.3,12.8,0,9.3,55.4,1,41.3,100.0,Regular
STU0060,Male,22,Computer Engineering,Third Year,Fifth Semester,Data Structures & Algorithms,Period_4,11,7,69.46,57.0,5.1,12.8,1,9.3,56.4,0,73.9,63.64,Defaulter
STU0060,Male,22,Computer Engineering,Third Year,Fifth Semester,Database Management Systems,Period_1,10,7,66.29,58.1,12.8,12.8,2,9.3,55.3,1,67.7,70.0,Defaulter
STU0060,Male,22,Computer Engineering,Third Year,Fifth Semester,Database Management Systems,Period_2,12,8,66.29,58.1,8.1,12.8,2,9.3,54.7,1,42.0,66.67,Defaulter
STU0060,Male,22,Computer Engineering,Third Year,Fifth Semester,Database Management Systems,Period_3,9,6,66.29,58.1,18.2,12.8,1,9.3,56.1,1,71.0,66.67,Defaulter
STU0060,Male,22,Computer Engineering,Third Year,Fifth Semester,Database Management Systems,Period_4,11,10,66.29,58.1,16.4,12.8,1,9.3,57.3,0,78.5,90.91,Regular
STU0060,Male,22,Computer Engineering,Third Year,Fifth Semester,Software Engineering,Period_1,12,9,60.64,53.7,15.4,12.8,2,9.3,56.9,1,37.5,75.0,Regular
STU0060,Male,22,Computer Engineering,Third Year,Fifth Semester,Software Engineering,Period_2,9,6,60.64,53.7,14.3,12.8,0,9.3,55.6,1,69.1,66.67,Defaulter
STU0060,Male,22,Computer Engineering,Third Year,Fifth Semester,Software Engineering,Period_3,9,7,60.64,53.7,14.6,12.8,0,9.3,47.2,3,74.4,77.78,Regular
STU0060,Male,22,Computer Engineering,Third Year,Fifth Semester,Software Engineering,Period_4,11,8,60.64,53.7,16.8,12.8,1,9.3,52.7,0,78.8,72.73,Defaulter
STU0060,Male,22,Computer Engineering,Third Year,Fifth Semester,Theory of Computation,Period_1,9,7,67.06,57.5,12.3,12.8,1,9.3,51.9,1,55.1,77.78,Regular
STU0060,Male,22,Computer Engineering,Third Year,Fifth Semester,Theory of Computation,Period_2,11,7,67.06,57.5,11.7,12.8,0,9.3,54.2,3,85.4,63.64,Defaulter
STU0060,Male,22,Computer Engineering,Third Year,Fifth Semester,Theory of Computation,Period_3,10,7,67.06,57.5,13.8,12.8,2,9.3,50.7,1,75.8,70.0,Defaulter
STU0060,Male,22,Computer Engineering,Third Year,Fifth Semester,Theory of Computation,Period_4,9,6,67.06,57.5,7.5,12.8,1,9.3,64.6,3,64.4,66.67,Defaulter
STU0061,Male,20,MCA,Final Year,Third Semester,Data Structures & Algorithms,Period_1,8,8,83.69,71.4,18.0,14.8,3,13.2,84.4,4,70.8,100.0,Regular
STU0061,Male,20,MCA,Final Year,Third Semester,Data Structures & Algorithms,Period_2,11,10,83.69,71.4,20.9,14.8,0,13.2,82.2,3,48.0,90.91,Regular
STU0061,Male,20,MCA,Final Year,Third Semester,Data Structures & Algorithms,Period_3,10,10,83.69,71.4,19.5,14.8,1,13.2,77.9,1,53.8,100.0,Regular
STU0061,Male,20,MCA,Final Year,Third Semester,Data Structures & Algorithms,Period_4,8,8,83.69,71.4,15.6,14.8,1,13.2,76.0,2,42.5,100.0,Regular
STU0061,Male,20,MCA,Final Year,Third Semester,Database Management Systems,Period_1,8,8,98.06,41.2,20.6,14.8,1,13.2,84.9,2,75.9,100.0,Regular
STU0061,Male,20,MCA,Final Year,Third Semester,Database Management Systems,Period_2,11,8,98.06,41.2,18.1,14.8,2,13.2,76.6,1,78.0,72.73,Defaulter
STU0061,Male,20,MCA,Final Year,Third Semester,Database Management Systems,Period_3,12,12,98.06,41.2,17.6,14.8,1,13.2,86.1,1,70.5,100.0,Regular
STU0061,Male,20,MCA,Final Year,Third Semester,Database Management Systems,Period_4,9,6,98.06,41.2,15.9,14.8,2,13.2,83.6,0,76.4,66.67,Defaulter
STU0061,Male,20,MCA,Final Year,Third Semester,Computer Networks,Period_1,12,10,76.92,52.8,15.9,14.8,1,13.2,89.3,1,34.8,83.33,Regular
STU0061,Male,20,MCA,Final Year,Third Semester,Computer Networks,Period_2,10,9,76.92,52.8,18.6,14.8,2,13.2,85.3,3,86.1,90.0,Regular
STU0061,Male,20,MCA,Final Year,Third Semester,Computer Networks,Period_3,10,10,76.92,52.8,21.5,14.8,1,13.2,85.2,2,67.5,100.0,Regular
STU0061,Male,20,MCA,Final Year,Third Semester,Computer Networks,Period_4,11,10,76.92,52.8,22.4,14.8,0,13.2,81.6,1,78.2,90.91,Regular
STU0061,Male,20,MCA,Final Year,Third Semester,Theory of Computation,Period_1,12,12,86.93,55.4,26.2,14.8,0,13.2,85.0,0,100.0,100.0,Regular
STU0061,Male,20,MCA,Final Year,Third Semester,Theory of Computation,Period_2,12,9,86.93,55.4,14.4,14.8,2,13.2,81.7,0,84.3,75.0,Regular
STU0061,Male,20,MCA,Final Year,Third Semester,Theory of Computation,Period_3,8,7,86.93,55.4,6.0,14.8,2,13.2,86.2,1,48.4,87.5,Regular
STU0061,Male,20,MCA,Final Year,Third Semester,Theory of Computation,Period_4,11,10,86.93,55.4,20.5,14.8,2,13.2,80.2,3,42.3,90.91,Regular
STU0061,Male,20,MCA,Final Year,Third Semester,Software Engineering,Period_1,11,11,87.7,73.9,17.1,14.8,3,13.2,83.5,0,58.6,100.0,Regular
STU0061,Male,20,MCA,Final Year,Third Semester,Software Engineering,Period_2,9,8,87.7,73.9,11.5,14.8,0,13.2,79.1,0,75.4,88.89,Regular
STU0061,Male,20,MCA,Final Year,Third Semester,Software Engineering,Period_3,8,7,87.7,73.9,16.6,14.8,2,13.2,79.1,1,58.6,87.5,Regular
STU0061,Male,20,MCA,Final Year,Third Semester,Software Engineering,Period_4,10,7,87.7,73.9,14.9,14.8,0,13.2,83.1,2,38.6,70.0,Defaulter
STU0062,Male,23,MCA,Final Year,Third Semester,Data Structures & Algorithms,Period_1,8,8,83.0,42.0,17.8,13.1,1,7.0,87.0,2,76.3,100.0,Regular
STU0062,Male,23,MCA,Final Year,Third Semester,Data Structures & Algorithms,Period_2,8,6,83.0,42.0,17.9,13.1,1,7.0,79.1,5,62.5,75.0,Regular
STU0062,Male,23,MCA,Final Year,Third Semester,Data Structures & Algorithms,Period_3,12,8,83.0,42.0,11.1,13.1,0,7.0,85.9,3,62.7,66.67,Defaulter
STU0062,Male,23,MCA,Final Year,Third Semester,Data Structures & Algorithms,Period_4,12,9,83.0,42.0,17.5,13.1,2,7.0,84.8,3,63.1,75.0,Regular
STU0062,Male,23,MCA,Final Year,Third Semester,Database Management Systems,Period_1,9,6,67.42,41.4,7.5,13.1,1,7.0,89.2,1,79.0,66.67,Defaulter
STU0062,Male,23,MCA,Final Year,Third Semester,Database Management Systems,Period_2,9,6,67.42,41.4,13.5,13.1,2,7.0,78.2,3,83.3,66.67,Defaulter
STU0062,Male,23,MCA,Final Year,Third Semester,Database Management Systems,Period_3,11,8,67.42,41.4,11.1,13.1,0,7.0,80.4,0,61.0,72.73,Defaulter
STU0062,Male,23,MCA,Final Year,Third Semester,Database Management Systems,Period_4,12,11,67.42,41.4,13.0,13.1,1,7.0,86.8,3,68.0,91.67,Regular
STU0062,Male,23,MCA,Final Year,Third Semester,Computer Networks,Period_1,11,10,74.79,64.3,19.0,13.1,0,7.0,82.8,0,78.6,90.91,Regular
STU0062,Male,23,MCA,Final Year,Third Semester,Computer Networks,Period_2,9,6,74.79,64.3,19.2,13.1,1,7.0,83.6,1,70.9,66.67,Defaulter
STU0062,Male,23,MCA,Final Year,Third Semester,Computer Networks,Period_3,9,7,74.79,64.3,13.2,13.1,0,7.0,85.0,4,75.8,77.78,Regular
STU0062,Male,23,MCA,Final Year,Third Semester,Computer Networks,Period_4,11,9,74.79,64.3,22.8,13.1,1,7.0,79.9,0,65.8,81.82,Regular
STU0062,Male,23,MCA,Final Year,Third Semester,Theory of Computation,Period_1,8,6,85.44,60.5,12.4,13.1,1,7.0,76.2,2,96.7,75.0,Regular
STU0062,Male,23,MCA,Final Year,Third Semester,Theory of Computation,Period_2,8,8,85.44,60.5,20.5,13.1,0,7.0,82.3,3,72.2,100.0,Regular
STU0062,Male,23,MCA,Final Year,Third Semester,Theory of Computation,Period_3,10,9,85.44,60.5,15.4,13.1,2,7.0,83.6,0,76.2,90.0,Regular
STU0062,Male,23,MCA,Final Year,Third Semester,Theory of Computation,Period_4,9,8,85.44,60.5,15.0,13.1,2,7.0,79.3,0,69.1,88.89,Regular
STU0062,Male,23,MCA,Final Year,Third Semester,Software Engineering,Period_1,10,7,72.97,57.2,9.8,13.1,0,7.0,79.1,0,63.3,70.0,Defaulter
STU0062,Male,23,MCA,Final Year,Third Semester,Software Engineering,Period_2,12,10,72.97,57.2,15.1,13.1,5,7.0,82.6,1,90.2,83.33,Regular
STU0062,Male,23,MCA,Final Year,Third Semester,Software Engineering,Period_3,10,8,72.97,57.2,16.6,13.1,0,7.0,87.3,1,86.4,80.0,Regular
STU0062,Male,23,MCA,Final Year,Third Semester,Software Engineering,Period_4,12,12,72.97,57.2,21.6,13.1,1,7.0,81.1,0,81.6,100.0,Regular
STU0063,Male,21,MCA,Final Year,Third Semester,Data Structures & Algorithms,Period_1,12,9,91.56,51.7,10.8,14.4,1,5.8,84.6,2,71.0,75.0,Regular
STU0063,Male,21,MCA,Final Year,Third Semester,Data Structures & Algorithms,Period_2,12,11,91.56,51.7,14.5,14.4,1,5.8,79.4,3,72.4,91.67,Regular
STU0063,Male,21,MCA,Final Year,Third Semester,Data Structures & Algorithms,Period_3,11,11,91.56,51.7,14.5,14.4,3,5.8,83.1,0,63.0,100.0,Regular
STU0063,Male,21,MCA,Final Year,Third Semester,Data Structures & Algorithms,Period_4,12,9,91.56,51.7,13.8,14.4,1,5.8,84.4,1,55.5,75.0,Regular
STU0063,Male,21,MCA,Final Year,Third Semester,Database Management Systems,Period_1,10,8,98.03,64.7,11.8,14.4,3,5.8,78.8,1,74.3,80.0,Regular
STU0063,Male,21,MCA,Final Year,Third Semester,Database Management Systems,Period_2,12,12,98.03,64.7,24.9,14.4,0,5.8,81.6,1,69.6,100.0,Regular
STU0063,Male,21,MCA,Final Year,Third Semester,Database Management Systems,Period_3,9,8,98.03,64.7,22.8,14.4,2,5.8,78.9,5,52.2,88.89,Regular
STU0063,Male,21,MCA,Final Year,Third Semester,Database Management Systems,Period_4,12,11,98.03,64.7,22.8,14.4,4,5.8,78.1,2,58.8,91.67,Regular
STU0063,Male,21,MCA,Final Year,Third Semester,Computer Networks,Period_1,11,9,89.9,78.5,16.4,14.4,0,5.8,82.2,2,65.6,81.82,Regular
STU0063,Male,21,MCA,Final Year,Third Semester,Computer Networks,Period_2,11,11,89.9,78.5,14.5,14.4,2,5.8,79.6,2,71.7,100.0,Regular
STU0063,Male,21,MCA,Final Year,Third Semester,Computer Networks,Period_3,12,10,89.9,78.5,18.7,14.4,1,5.8,79.8,1,75.1,83.33,Regular
STU0063,Male,21,MCA,Final Year,Third Semester,Computer Networks,Period_4,9,8,89.9,78.5,17.6,14.4,1,5.8,83.3,1,89.8,88.89,Regular
STU0063,Male,21,MCA,Final Year,Third Semester,Theory of Computation,Period_1,10,10,99.82,52.9,21.0,14.4,1,5.8,81.7,0,68.2,100.0,Regular
STU0063,Male,21,MCA,Final Year,Third Semester,Theory of Computation,Period_2,8,6,99.82,52.9,18.8,14.4,0,5.8,79.4,1,80.4,75.0,Regular
STU0063,Male,21,MCA,Final Year,Third Semester,Theory of Computation,Period_3,8,7,99.82,52.9,12.8,14.4,1,5.8,78.1,1,82.1,87.5,Regular
STU0063,Male,21,MCA,Final Year,Third Semester,Theory of Computation,Period_4,8,6,99.82,52.9,18.8,14.4,1,5.8,81.3,3,92.1,75.0,Regular
STU0063,Male,21,MCA,Final Year,Third Semester,Software Engineering,Period_1,10,10,100.0,58.9,15.9,14.4,1,5.8,88.1,2,33.3,100.0,Regular
STU0063,Male,21,MCA,Final Year,Third Semester,Software Engineering,Period_2,9,9,100.0,58.9,17.6,14.4,0,5.8,73.7,3,34.5,100.0,Regular
STU0063,Male,21,MCA,Final Year,Third Semester,Software Engineering,Period_3,10,10,100.0,58.9,23.2,14.4,1,5.8,79.6,0,62.6,100.0,Regular
STU0063,Male,21,MCA,Final Year,Third Semester,Software Engineering,Period_4,12,11,100.0,58.9,12.7,14.4,3,5.8,80.4,0,86.0,91.67,Regular
STU0064,Female,23,MCA,Final Year,Third Semester,Data Structures & Algorithms,Period_1,8,4,49.64,18.6,14.0,9.9,2,1.0,55.6,1,57.2,50.0,Defaulter
STU0064,Female,23,MCA,Final Year,Third Semester,Data Structures & Algorithms,Period_2,8,3,49.64,18.6,7.6,9.9,1,1.0,55.4,1,50.4,37.5,Defaulter
STU0064,Female,23,MCA,Final Year,Third Semester,Data Structures & Algorithms,Period_3,10,4,49.64,18.6,6.9,9.9,0,1.0,55.4,1,53.7,40.0,Defaulter
STU0064,Female,23,MCA,Final Year,Third Semester,Data Structures & Algorithms,Period_4,9,3,49.64,18.6,5.0,9.9,0,1.0,55.3,1,75.0,33.33,Defaulter
STU0064,Female,23,MCA,Final Year,Third Semester,Database Management Systems,Period_1,10,3,59.44,51.3,12.9,9.9,2,1.0,62.0,2,92.6,30.0,Defaulter
STU0064,Female,23,MCA,Final Year,Third Semester,Database Management Systems,Period_2,9,6,59.44,51.3,15.6,9.9,1,1.0,59.0,2,48.1,66.67,Defaulter
STU0064,Female,23,MCA,Final Year,Third Semester,Database Management Systems,Period_3,8,3,59.44,51.3,0.0,9.9,4,1.0,51.3,2,100.0,37.5,Defaulter
STU0064,Female,23,MCA,Final Year,Third Semester,Database Management Systems,Period_4,10,4,59.44,51.3,8.6,9.9,1,1.0,59.6,2,56.5,40.0,Defaulter
STU0064,Female,23,MCA,Final Year,Third Semester,Computer Networks,Period_1,12,5,59.51,52.2,9.5,9.9,2,1.0,64.2,1,66.9,41.67,Defaulter
STU0064,Female,23,MCA,Final Year,Third Semester,Computer Networks,Period_2,11,3,59.51,52.2,4.1,9.9,0,1.0,59.2,1,59.9,27.27,Defaulter
STU0064,Female,23,MCA,Final Year,Third Semester,Computer Networks,Period_3,12,4,59.51,52.2,14.1,9.9,4,1.0,54.8,1,83.4,33.33,Defaulter
STU0064,Female,23,MCA,Final Year,Third Semester,Computer Networks,Period_4,12,6,59.51,52.2,12.2,9.9,0,1.0,57.9,2,55.5,50.0,Defaulter
STU0064,Female,23,MCA,Final Year,Third Semester,Theory of Computation,Period_1,9,4,46.63,46.7,7.6,9.9,0,1.0,64.7,2,65.8,44.44,Defaulter
STU0064,Female,23,MCA,Final Year,Third Semester,Theory of Computation,Period_2,10,6,46.63,46.7,11.5,9.9,1,1.0,63.0,3,79.8,60.0,Defaulter
STU0064,Female,23,MCA,Final Year,Third Semester,Theory of Computation,Period_3,10,6,46.63,46.7,4.7,9.9,1,1.0,64.5,5,79.2,60.0,Defaulter
STU0064,Female,23,MCA,Final Year,Third Semester,Theory of Computation,Period_4,9,7,46.63,46.7,11.4,9.9,0,1.0,54.7,2,51.6,77.78,Regular
STU0064,Female,23,MCA,Final Year,Third Semester,Software Engineering,Period_1,10,4,55.02,45.9,2.4,9.9,1,1.0,58.8,2,57.4,40.0,Defaulter
STU0064,Female,23,MCA,Final Year,Third Semester,Software Engineering,Period_2,8,3,55.02,45.9,4.2,9.9,1,1.0,59.7,2,71.0,37.5,Defaulter
STU0064,Female,23,MCA,Final Year,Third Semester,Software Engineering,Period_3,9,4,55.02,45.9,11.0,9.9,3,1.0,57.4,1,84.1,44.44,Defaulter
STU0064,Female,23,MCA,Final Year,Third Semester,Software Engineering,Period_4,10,5,55.02,45.9,9.9,9.9,1,1.0,63.1,7,61.1,50.0,Defaulter
STU0065,Male,22,MCA,Final Year,Third Semester,Data Structures & Algorithms,Period_1,11,8,100.0,49.1,14.4,17.0,0,3.1,71.4,0,56.2,72.73,Defaulter
STU0065,Male,22,MCA,Final Year,Third Semester,Data Structures & Algorithms,Period_2,9,9,100.0,49.1,20.0,17.0,1,3.1,63.7,4,49.0,100.0,Regular
STU0065,Male,22,MCA,Final Year,Third Semester,Data Structures & Algorithms,Period_3,11,10,100.0,49.1,15.8,17.0,0,3.1,66.9,2,59.0,90.91,Regular
STU0065,Male,22,MCA,Final Year,Third Semester,Data Structures & Algorithms,Period_4,9,7,100.0,49.1,18.8,17.0,1,3.1,66.4,1,56.8,77.78,Regular
STU0065,Male,22,MCA,Final Year,Third Semester,Database Management Systems,Period_1,8,8,96.99,73.4,19.6,17.0,0,3.1,81.4,1,61.2,100.0,Regular
STU0065,Male,22,MCA,Final Year,Third Semester,Database Management Systems,Period_2,9,9,96.99,73.4,20.2,17.0,2,3.1,74.5,2,75.5,100.0,Regular
STU0065,Male,22,MCA,Final Year,Third Semester,Database Management Systems,Period_3,10,10,96.99,73.4,15.1,17.0,2,3.1,71.0,4,79.3,100.0,Regular
STU0065,Male,22,MCA,Final Year,Third Semester,Database Management Systems,Period_4,11,10,96.99,73.4,14.2,17.0,2,3.1,79.9,2,65.0,90.91,Regular
STU0065,Male,22,MCA,Final Year,Third Semester,Computer Networks,Period_1,11,10,83.41,75.5,20.9,17.0,1,3.1,74.2,1,60.1,90.91,Regular
STU0065,Male,22,MCA,Final Year,Third Semester,Computer Networks,Period_2,11,11,83.41,75.5,18.0,17.0,1,3.1,76.1,1,97.9,100.0,Regular
STU0065,Male,22,MCA,Final Year,Third Semester,Computer Networks,Period_3,11,11,83.41,75.5,20.3,17.0,2,3.1,71.7,0,92.9,100.0,Regular
STU0065,Male,22,MCA,Final Year,Third Semester,Computer Networks,Period_4,12,12,83.41,75.5,20.9,17.0,2,3.1,80.0,0,68.3,100.0,Regular
STU0065,Male,22,MCA,Final Year,Third Semester,Theory of Computation,Period_1,12,12,97.02,45.9,23.5,17.0,0,3.1,73.8,0,89.7,100.0,Regular
STU0065,Male,22,MCA,Final Year,Third Semester,Theory of Computation,Period_2,12,12,97.02,45.9,21.9,17.0,0,3.1,69.0,1,63.9,100.0,Regular
STU0065,Male,22,MCA,Final Year,Third Semester,Theory of Computation,Period_3,11,10,97.02,45.9,15.6,17.0,2,3.1,72.4,3,43.2,90.91,Regular
STU0065,Male,22,MCA,Final Year,Third Semester,Theory of Computation,Period_4,11,10,97.02,45.9,16.6,17.0,2,3.1,77.5,2,78.3,90.91,Regular
STU0065,Male,22,MCA,Final Year,Third Semester,Software Engineering,Period_1,10,9,100.0,66.8,11.8,17.0,1,3.1,76.7,3,72.2,90.0,Regular
STU0065,Male,22,MCA,Final Year,Third Semester,Software Engineering,Period_2,9,8,100.0,66.8,5.1,17.0,0,3.1,74.4,0,93.4,88.89,Regular
STU0065,Male,22,MCA,Final Year,Third Semester,Software Engineering,Period_3,8,6,100.0,66.8,10.3,17.0,1,3.1,78.2,1,73.0,75.0,Regular
STU0065,Male,22,MCA,Final Year,Third Semester,Software Engineering,Period_4,12,12,100.0,66.8,15.5,17.0,1,3.1,73.3,4,74.9,100.0,Regular
STU0066,Male,20,MCA,Final Year,Third Semester,Data Structures & Algorithms,Period_1,10,6,60.5,40.0,15.8,10.5,1,20.1,58.3,3,64.4,60.0,Defaulter
STU0066,Male,20,MCA,Final Year,Third Semester,Data Structures & Algorithms,Period_2,9,6,60.5,40.0,15.6,10.5,1,20.1,64.1,3,86.4,66.67,Defaulter
STU0066,Male,20,MCA,Final Year,Third Semester,Data Structures & Algorithms,Period_3,11,7,60.5,40.0,17.6,10.5,0,20.1,55.2,2,48.6,63.64,Defaulter
STU0066,Male,20,MCA,Final Year,Third Semester,Data Structures & Algorithms,Period_4,11,8,60.5,40.0,14.7,10.5,1,20.1,57.0,2,59.8,72.73,Defaulter
STU0066,Male,20,MCA,Final Year,Third Semester,Database Management Systems,Period_1,9,5,61.98,50.0,12.4,10.5,0,20.1,66.5,2,67.9,55.56,Defaulter
STU0066,Male,20,MCA,Final Year,Third Semester,Database Management Systems,Period_2,12,5,61.98,50.0,0.0,10.5,1,20.1,59.7,1,53.8,41.67,Defaulter
STU0066,Male,20,MCA,Final Year,Third Semester,Database Management Systems,Period_3,10,6,61.98,50.0,7.0,10.5,3,20.1,62.7,5,18.1,60.0,Defaulter
STU0066,Male,20,MCA,Final Year,Third Semester,Database Management Systems,Period_4,8,4,61.98,50.0,9.0,10.5,1,20.1,59.0,1,67.6,50.0,Defaulter
STU0066,Male,20,MCA,Final Year,Third Semester,Computer Networks,Period_1,10,9,57.97,52.9,8.1,10.5,1,20.1,61.4,2,63.2,90.0,Regular
STU0066,Male,20,MCA,Final Year,Third Semester,Computer Networks,Period_2,9,4,57.97,52.9,0.3,10.5,3,20.1,59.2,0,52.7,44.44,Defaulter
STU0066,Male,20,MCA,Final Year,Third Semester,Computer Networks,Period_3,9,5,57.97,52.9,13.6,10.5,1,20.1,52.7,2,43.5,55.56,Defaulter
STU0066,Male,20,MCA,Final Year,Third Semester,Computer Networks,Period_4,10,5,57.97,52.9,11.4,10.5,2,20.1,58.4,0,52.8,50.0,Defaulter
STU0066,Male,20,MCA,Final Year,Third Semester,Theory of Computation,Period_1,11,8,60.35,54.2,11.6,10.5,1,20.1,65.4,2,84.9,72.73,Defaulter
STU0066,Male,20,MCA,Final Year,Third Semester,Theory of Computation,Period_2,9,5,60.35,54.2,13.5,10.5,0,20.1,63.8,5,70.9,55.56,Defaulter
STU0066,Male,20,MCA,Final Year,Third Semester,Theory of Computation,Period_3,11,5,60.35,54.2,12.7,10.5,0,20.1,58.2,1,60.5,45.45,Defaulter
STU0066,Male,20,MCA,Final Year,Third Semester,Theory of Computation,Period_4,11,8,60.35,54.2,15.1,10.5,0,20.1,62.6,2,52.0,72.73,Defaulter
STU0066,Male,20,MCA,Final Year,Third Semester,Software Engineering,Period_1,12,7,47.93,44.0,12.8,10.5,0,20.1,60.6,3,55.2,58.33,Defaulter
STU0066,Male,20,MCA,Final Year,Third Semester,Software Engineering,Period_2,12,3,47.93,44.0,7.4,10.5,0,20.1,61.2,3,70.6,25.0,Defaulter
STU0066,Male,20,MCA,Final Year,Third Semester,Software Engineering,Period_3,8,6,47.93,44.0,12.1,10.5,0,20.1,56.9,0,46.1,75.0,Regular
STU0066,Male,20,MCA,Final Year,Third Semester,Software Engineering,Period_4,8,7,47.93,44.0,25.5,10.5,3,20.1,55.4,1,75.6,87.5,Regular
STU0067,Male,23,MCA,Final Year,Third Semester,Data Structures & Algorithms,Period_1,11,6,45.85,57.5,5.6,11.7,2,2.5,66.9,3,76.4,54.55,Defaulter
STU0067,Male,23,MCA,Final Year,Third Semester,Data Structures & Algorithms,Period_2,8,4,45.85,57.5,13.5,11.7,1,2.5,65.8,0,51.0,50.0,Defaulter
STU0067,Male,23,MCA,Final Year,Third Semester,Data Structures & Algorithms,Period_3,8,4,45.85,57.5,5.7,11.7,3,2.5,63.5,1,88.0,50.0,Defaulter
STU0067,Male,23,MCA,Final Year,Third Semester,Data Structures & Algorithms,Period_4,10,5,45.85,57.5,9.6,11.7,2,2.5,67.7,4,86.4,50.0,Defaulter
STU0067,Male,23,MCA,Final Year,Third Semester,Database Management Systems,Period_1,12,7,42.61,53.2,9.7,11.7,1,2.5,64.8,3,95.6,58.33,Defaulter
STU0067,Male,23,MCA,Final Year,Third Semester,Database Management Systems,Period_2,12,6,42.61,53.2,5.0,11.7,1,2.5,64.4,3,47.3,50.0,Defaulter
STU0067,Male,23,MCA,Final Year,Third Semester,Database Management Systems,Period_3,8,4,42.61,53.2,13.9,11.7,1,2.5,69.5,0,59.3,50.0,Defaulter
STU0067,Male,23,MCA,Final Year,Third Semester,Database Management Systems,Period_4,12,7,42.61,53.2,13.4,11.7,1,2.5,68.3,2,62.8,58.33,Defaulter
STU0067,Male,23,MCA,Final Year,Third Semester,Computer Networks,Period_1,11,6,40.6,51.7,4.5,11.7,2,2.5,72.9,1,68.9,54.55,Defaulter
STU0067,Male,23,MCA,Final Year,Third Semester,Computer Networks,Period_2,9,5,40.6,51.7,9.8,11.7,1,2.5,69.0,2,58.4,55.56,Defaulter
STU0067,Male,23,MCA,Final Year,Third Semester,Computer Networks,Period_3,8,4,40.6,51.7,6.2,11.7,0,2.5,71.6,5,89.6,50.0,Defaulter
STU0067,Male,23,MCA,Final Year,Third Semester,Computer Networks,Period_4,8,3,40.6,51.7,5.4,11.7,0,2.5,72.1,0,71.1,37.5,Defaulter
STU0067,Male,23,MCA,Final Year,Third Semester,Theory of Computation,Period_1,10,4,41.84,47.1,0.5,11.7,0,2.5,71.8,1,58.9,40.0,Defaulter
STU0067,Male,23,MCA,Final Year,Third Semester,Theory of Computation,Period_2,10,7,41.84,47.1,12.1,11.7,2,2.5,64.3,1,63.8,70.0,Defaulter
STU0067,Male,23,MCA,Final Year,Third Semester,Theory of Computation,Period_3,10,6,41.84,47.1,11.9,11.7,2,2.5,72.5,2,60.5,60.0,Defaulter
STU0067,Male,23,MCA,Final Year,Third Semester,Theory of Computation,Period_4,10,4,41.84,47.1,6.4,11.7,2,2.5,69.7,1,60.0,40.0,Defaulter
STU0067,Male,23,MCA,Final Year,Third Semester,Software Engineering,Period_1,10,5,38.0,57.4,10.7,11.7,0,2.5,71.3,0,70.4,50.0,Defaulter
STU0067,Male,23,MCA,Final Year,Third Semester,Software Engineering,Period_2,8,2,38.0,57.4,1.1,11.7,1,2.5,68.3,2,63.5,25.0,Defaulter
STU0067,Male,23,MCA,Final Year,Third Semester,Software Engineering,Period_3,11,6,38.0,57.4,2.7,11.7,3,2.5,67.8,2,85.3,54.55,Defaulter
STU0067,Male,23,MCA,Final Year,Third Semester,Software Engineering,Period_4,11,6,38.0,57.4,12.3,11.7,3,2.5,65.7,2,100.0,54.55,Defaulter
STU0068,Male,21,MCA,Final Year,Third Semester,Data Structures & Algorithms,Period_1,9,6,44.57,35.8,4.3,12.0,0,1.6,59.8,2,58.2,66.67,Defaulter
STU0068,Male,21,MCA,Final Year,Third Semester,Data Structures & Algorithms,Period_2,10,5,44.57,35.8,16.3,12.0,0,1.6,63.5,3,64.7,50.0,Defaulter
STU0068,Male,21,MCA,Final Year,Third Semester,Data Structures & Algorithms,Period_3,10,1,44.57,35.8,7.9,12.0,0,1.6,56.5,3,84.2,10.0,Defaulter
STU0068,Male,21,MCA,Final Year,Third Semester,Data Structures & Algorithms,Period_4,8,3,44.57,35.8,14.0,12.0,1,1.6,59.5,5,35.4,37.5,Defaulter
STU0068,Male,21,MCA,Final Year,Third Semester,Database Management Systems,Period_1,10,6,46.75,54.8,13.8,12.0,1,1.6,72.1,3,75.1,60.0,Defaulter
STU0068,Male,21,MCA,Final Year,Third Semester,Database Management Systems,Period_2,8,4,46.75,54.8,0.0,12.0,1,1.6,66.2,2,78.4,50.0,Defaulter
STU0068,Male,21,MCA,Final Year,Third Semester,Database Management Systems,Period_3,10,5,46.75,54.8,11.6,12.0,2,1.6,63.9,1,98.8,50.0,Defaulter
STU0068,Male,21,MCA,Final Year,Third Semester,Database Management Systems,Period_4,12,4,46.75,54.8,9.0,12.0,2,1.6,65.5,1,56.9,33.33,Defaulter
STU0068,Male,21,MCA,Final Year,Third Semester,Computer Networks,Period_1,8,4,38.87,59.6,12.1,12.0,0,1.6,68.7,1,61.2,50.0,Defaulter
STU0068,Male,21,MCA,Final Year,Third Semester,Computer Networks,Period_2,12,7,38.87,59.6,16.0,12.0,4,1.6,60.2,2,74.1,58.33,Defaulter
STU0068,Male,21,MCA,Final Year,Third Semester,Computer Networks,Period_3,9,4,38.87,59.6,0.0,12.0,1,1.6,63.3,0,43.3,44.44,Defaulter
STU0068,Male,21,MCA,Final Year,Third Semester,Computer Networks,Period_4,11,7,38.87,59.6,12.6,12.0,3,1.6,66.5,2,58.8,63.64,Defaulter
STU0068,Male,21,MCA,Final Year,Third Semester,Theory of Computation,Period_1,10,5,38.0,49.8,4.3,12.0,2,1.6,60.8,3,34.1,50.0,Defaulter
STU0068,Male,21,MCA,Final Year,Third Semester,Theory of Computation,Period_2,9,2,38.0,49.8,6.3,12.0,0,1.6,63.5,3,55.9,22.22,Defaulter
STU0068,Male,21,MCA,Final Year,Third Semester,Theory of Computation,Period_3,12,6,38.0,49.8,11.7,12.0,1,1.6,63.6,1,78.8,50.0,Defaulter
STU0068,Male,21,MCA,Final Year,Third Semester,Theory of Computation,Period_4,9,4,38.0,49.8,5.5,12.0,0,1.6,60.6,1,45.9,44.44,Defaulter
STU0068,Male,21,MCA,Final Year,Third Semester,Software Engineering,Period_1,11,6,38.0,38.7,5.9,12.0,0,1.6,64.1,1,69.8,54.55,Defaulter
STU0068,Male,21,MCA,Final Year,Third Semester,Software Engineering,Period_2,10,6,38.0,38.7,17.1,12.0,1,1.6,68.7,3,65.5,60.0,Defaulter
STU0068,Male,21,MCA,Final Year,Third Semester,Software Engineering,Period_3,12,5,38.0,38.7,7.7,12.0,0,1.6,66.1,6,96.6,41.67,Defaulter
STU0068,Male,21,MCA,Final Year,Third Semester,Software Engineering,Period_4,10,3,38.0,38.7,2.8,12.0,1,1.6,62.5,4,73.5,30.0,Defaulter
STU0069,Female,25,MCA,Final Year,Third Semester,Data Structures & Algorithms,Period_1,11,6,50.24,49.8,16.0,13.4,1,2.7,53.7,3,52.5,54.55,Defaulter
STU0069,Female,25,MCA,Final Year,Third Semester,Data Structures & Algorithms,Period_2,11,7,50.24,49.8,7.8,13.4,1,2.7,59.7,1,73.1,63.64,Defaulter
STU0069,Female,25,MCA,Final Year,Third Semester,Data Structures & Algorithms,Period_3,12,6,50.24,49.8,5.1,13.4,0,2.7,53.5,3,50.3,50.0,Defaulter
STU0069,Female,25,MCA,Final Year,Third Semester,Data Structures & Algorithms,Period_4,10,5,50.24,49.8,6.2,13.4,0,2.7,56.3,5,85.6,50.0,Defaulter
STU0069,Female,25,MCA,Final Year,Third Semester,Database Management Systems,Period_1,10,6,47.52,50.0,8.7,13.4,0,2.7,57.1,2,62.1,60.0,Defaulter
STU0069,Female,25,MCA,Final Year,Third Semester,Database Management Systems,Period_2,10,5,47.52,50.0,3.8,13.4,0,2.7,53.5,0,50.6,50.0,Defaulter
STU0069,Female,25,MCA,Final Year,Third Semester,Database Management Systems,Period_3,10,6,47.52,50.0,15.2,13.4,1,2.7,54.6,2,68.1,60.0,Defaulter
STU0069,Female,25,MCA,Final Year,Third Semester,Database Management Systems,Period_4,9,5,47.52,50.0,13.5,13.4,0,2.7,60.9,2,53.2,55.56,Defaulter
STU0069,Female,25,MCA,Final Year,Third Semester,Computer Networks,Period_1,10,6,61.52,63.3,13.3,13.4,0,2.7,53.1,2,87.9,60.0,Defaulter
STU0069,Female,25,MCA,Final Year,Third Semester,Computer Networks,Period_2,9,6,61.52,63.3,9.3,13.4,5,2.7,50.9,1,50.7,66.67,Defaulter
STU0069,Female,25,MCA,Final Year,Third Semester,Computer Networks,Period_3,8,5,61.52,63.3,13.0,13.4,1,2.7,51.3,3,66.1,62.5,Defaulter
STU0069,Female,25,MCA,Final Year,Third Semester,Computer Networks,Period_4,10,7,61.52,63.3,11.4,13.4,1,2.7,56.5,1,81.0,70.0,Defaulter
STU0069,Female,25,MCA,Final Year,Third Semester,Theory of Computation,Period_1,12,7,61.0,51.5,21.8,13.4,0,2.7,56.4,2,59.0,58.33,Defaulter
STU0069,Female,25,MCA,Final Year,Third Semester,Theory of Computation,Period_2,8,4,61.0,51.5,15.2,13.4,0,2.7,53.0,2,82.1,50.0,Defaulter
STU0069,Female,25,MCA,Final Year,Third Semester,Theory of Computation,Period_3,12,6,61.0,51.5,11.9,13.4,1,2.7,50.2,0,70.0,50.0,Defaulter
STU0069,Female,25,MCA,Final Year,Third Semester,Theory of Computation,Period_4,8,2,61.0,51.5,1.1,13.4,0,2.7,56.2,4,72.5,25.0,Defaulter
STU0069,Female,25,MCA,Final Year,Third Semester,Software Engineering,Period_1,11,6,49.28,67.8,14.3,13.4,0,2.7,53.5,2,93.4,54.55,Defaulter
STU0069,Female,25,MCA,Final Year,Third Semester,Software Engineering,Period_2,11,5,49.28,67.8,14.7,13.4,2,2.7,55.0,3,36.0,45.45,Defaulter
STU0069,Female,25,MCA,Final Year,Third Semester,Software Engineering,Period_3,11,6,49.28,67.8,15.7,13.4,2,2.7,57.3,1,47.8,54.55,Defaulter
STU0069,Female,25,MCA,Final Year,Third Semester,Software Engineering,Period_4,8,4,49.28,67.8,13.3,13.4,2,2.7,54.6,1,65.1,50.0,Defaulter
STU0070,Male,23,MCA,Final Year,Third Semester,Data Structures & Algorithms,Period_1,8,5,85.67,67.4,6.8,13.1,2,14.0,61.3,2,80.0,62.5,Defaulter
STU0070,Male,23,MCA,Final Year,Third Semester,Data Structures & Algorithms,Period_2,10,6,85.67,67.4,19.7,13.1,1,14.0,59.1,3,92.8,60.0,Defaulter
STU0070,Male,23,MCA,Final Year,Third Semester,Data Structures & Algorithms,Period_3,9,6,85.67,67.4,14.4,13.1,1,14.0,60.0,2,91.5,66.67,Defaulter
STU0070,Male,23,MCA,Final Year,Third Semester,Data Structures & Algorithms,Period_4,11,9,85.67,67.4,14.2,13.1,0,14.0,50.6,1,59.4,81.82,Regular
STU0070,Male,23,MCA,Final Year,Third Semester,Database Management Systems,Period_1,8,6,78.58,77.6,17.1,13.1,3,14.0,55.1,3,61.4,75.0,Regular
STU0070,Male,23,MCA,Final Year,Third Semester,Database Management Systems,Period_2,9,7,78.58,77.6,16.5,13.1,1,14.0,58.3,4,65.5,77.78,Regular
STU0070,Male,23,MCA,Final Year,Third Semester,Database Management Systems,Period_3,12,8,78.58,77.6,13.5,13.1,1,14.0,65.9,1,74.9,66.67,Defaulter
STU0070,Male,23,MCA,Final Year,Third Semester,Database Management Systems,Period_4,9,7,78.58,77.6,19.4,13.1,2,14.0,59.6,1,80.4,77.78,Regular
STU0070,Male,23,MCA,Final Year,Third Semester,Computer Networks,Period_1,12,7,66.52,44.0,16.3,13.1,0,14.0,55.7,2,65.1,58.33,Defaulter
STU0070,Male,23,MCA,Final Year,Third Semester,Computer Networks,Period_2,12,11,66.52,44.0,16.9,13.1,2,14.0,55.5,2,60.3,91.67,Regular
STU0070,Male,23,MCA,Final Year,Third Semester,Computer Networks,Period_3,10,5,66.52,44.0,10.6,13.1,0,14.0,55.3,2,77.3,50.0,Defaulter
STU0070,Male,23,MCA,Final Year,Third Semester,Computer Networks,Period_4,8,5,66.52,44.0,8.5,13.1,1,14.0,61.0,0,79.2,62.5,Defaulter
STU0070,Male,23,MCA,Final Year,Third Semester,Theory of Computation,Period_1,8,5,57.14,55.2,4.2,13.1,2,14.0,60.1,2,84.7,62.5,Defaulter
STU0070,Male,23,MCA,Final Year,Third Semester,Theory of Computation,Period_2,11,6,57.14,55.2,9.1,13.1,2,14.0,52.4,1,81.9,54.55,Defaulter
STU0070,Male,23,MCA,Final Year,Third Semester,Theory of Computation,Period_3,10,6,57.14,55.2,12.1,13.1,5,14.0,53.5,0,43.2,60.0,Defaulter
STU0070,Male,23,MCA,Final Year,Third Semester,Theory of Computation,Period_4,11,8,57.14,55.2,7.6,13.1,4,14.0,59.3,2,62.8,72.73,Defaulter
STU0070,Male,23,MCA,Final Year,Third Semester,Software Engineering,Period_1,12,10,59.18,54.2,15.0,13.1,0,14.0,57.7,3,69.7,83.33,Regular
STU0070,Male,23,MCA,Final Year,Third Semester,Software Engineering,Period_2,9,8,59.18,54.2,17.0,13.1,1,14.0,46.2,1,30.5,88.89,Regular
STU0070,Male,23,MCA,Final Year,Third Semester,Software Engineering,Period_3,12,8,59.18,54.2,9.1,13.1,0,14.0,62.2,1,85.6,66.67,Defaulter
STU0070,Male,23,MCA,Final Year,Third Semester,Software Engineering,Period_4,11,5,59.18,54.2,12.1,13.1,2,14.0,52.5,1,79.5,45.45,Defaulter
STU0071,Male,22,MCA,Final Year,Third Semester,Data Structures & Algorithms,Period_1,11,9,87.5,59.5,18.9,13.0,2,35.9,66.0,6,40.3,81.82,Regular
STU0071,Male,22,MCA,Final Year,Third Semester,Data Structures & Algorithms,Period_2,10,9,87.5,59.5,7.4,13.0,1,35.9,62.3,3,53.4,90.0,Regular
STU0071,Male,22,MCA,Final Year,Third Semester,Data Structures & Algorithms,Period_3,11,9,87.5,59.5,11.0,13.0,0,35.9,64.4,2,74.4,81.82,Regular
STU0071,Male,22,MCA,Final Year,Third Semester,Data Structures & Algorithms,Period_4,11,10,87.5,59.5,18.1,13.0,3,35.9,62.5,1,71.0,90.91,Regular
STU0071,Male,22,MCA,Final Year,Third Semester,Database Management Systems,Period_1,10,10,77.32,57.8,18.1,13.0,1,35.9,63.4,2,82.9,100.0,Regular
STU0071,Male,22,MCA,Final Year,Third Semester,Database Management Systems,Period_2,11,7,77.32,57.8,5.6,13.0,0,35.9,66.7,0,58.5,63.64,Defaulter
STU0071,Male,22,MCA,Final Year,Third Semester,Database Management Systems,Period_3,10,8,77.32,57.8,9.5,13.0,1,35.9,61.8,1,86.9,80.0,Regular
STU0071,Male,22,MCA,Final Year,Third Semester,Database Management Systems,Period_4,12,8,77.32,57.8,9.4,13.0,2,35.9,72.7,1,72.0,66.67,Defaulter
STU0071,Male,22,MCA,Final Year,Third Semester,Computer Networks,Period_1,11,8,84.31,41.8,6.6,13.0,2,35.9,65.1,2,50.6,72.73,Defaulter
STU0071,Male,22,MCA,Final Year,Third Semester,Computer Networks,Period_2,9,5,84.31,41.8,16.3,13.0,2,35.9,67.5,1,57.7,55.56,Defaulter
STU0071,Male,22,MCA,Final Year,Third Semester,Computer Networks,Period_3,9,7,84.31,41.8,11.0,13.0,0,35.9,64.7,0,71.8,77.78,Regular
STU0071,Male,22,MCA,Final Year,Third Semester,Computer Networks,Period_4,9,6,84.31,41.8,8.2,13.0,0,35.9,67.9,2,68.0,66.67,Defaulter
STU0071,Male,22,MCA,Final Year,Third Semester,Theory of Computation,Period_1,9,8,84.6,70.9,23.8,13.0,1,35.9,62.2,2,79.8,88.89,Regular
STU0071,Male,22,MCA,Final Year,Third Semester,Theory of Computation,Period_2,9,6,84.6,70.9,5.5,13.0,0,35.9,65.1,0,31.8,66.67,Defaulter
STU0071,Male,22,MCA,Final Year,Third Semester,Theory of Computation,Period_3,8,7,84.6,70.9,21.4,13.0,0,35.9,64.7,0,67.4,87.5,Regular
STU0071,Male,22,MCA,Final Year,Third Semester,Theory of Computation,Period_4,11,9,84.6,70.9,18.7,13.0,2,35.9,59.7,1,82.7,81.82,Regular
STU0071,Male,22,MCA,Final Year,Third Semester,Software Engineering,Period_1,11,11,86.54,61.3,18.4,13.0,3,35.9,61.5,0,73.1,100.0,Regular
STU0071,Male,22,MCA,Final Year,Third Semester,Software Engineering,Period_2,12,7,86.54,61.3,13.1,13.0,0,35.9,62.9,1,65.3,58.33,Defaulter
STU0071,Male,22,MCA,Final Year,Third Semester,Software Engineering,Period_3,12,7,86.54,61.3,9.4,13.0,0,35.9,65.2,0,77.6,58.33,Defaulter
STU0071,Male,22,MCA,Final Year,Third Semester,Software Engineering,Period_4,10,9,86.54,61.3,21.5,13.0,0,35.9,60.6,3,100.0,90.0,Regular
STU0072,Female,23,MCA,Final Year,Third Semester,Data Structures & Algorithms,Period_1,8,7,97.73,67.0,16.9,14.7,0,0.7,83.8,3,57.1,87.5,Regular
STU0072,Female,23,MCA,Final Year,Third Semester,Data Structures & Algorithms,Period_2,10,10,97.73,67.0,16.0,14.7,1,0.7,73.5,2,71.3,100.0,Regular
STU0072,Female,23,MCA,Final Year,Third Semester,Data Structures & Algorithms,Period_3,10,10,97.73,67.0,25.0,14.7,4,0.7,89.7,0,77.3,100.0,Regular
STU0072,Female,23,MCA,Final Year,Third Semester,Data Structures & Algorithms,Period_4,12,8,97.73,67.0,10.5,14.7,0,0.7,85.6,2,75.8,66.67,Defaulter
STU0072,Female,23,MCA,Final Year,Third Semester,Database Management Systems,Period_1,9,7,94.6,81.2,19.8,14.7,2,0.7,78.1,1,59.7,77.78,Regular
STU0072,Female,23,MCA,Final Year,Third Semester,Database Management Systems,Period_2,10,8,94.6,81.2,19.8,14.7,1,0.7,87.7,3,87.2,80.0,Regular
STU0072,Female,23,MCA,Final Year,Third Semester,Database Management Systems,Period_3,10,9,94.6,81.2,16.6,14.7,2,0.7,81.6,2,69.4,90.0,Regular
STU0072,Female,23,MCA,Final Year,Third Semester,Database Management Systems,Period_4,8,7,94.6,81.2,14.4,14.7,1,0.7,79.8,1,51.5,87.5,Regular
STU0072,Female,23,MCA,Final Year,Third Semester,Computer Networks,Period_1,10,10,79.28,53.6,10.2,14.7,0,0.7,85.8,1,88.4,100.0,Regular
STU0072,Female,23,MCA,Final Year,Third Semester,Computer Networks,Period_2,10,8,79.28,53.6,11.2,14.7,2,0.7,74.7,0,56.8,80.0,Regular
STU0072,Female,23,MCA,Final Year,Third Semester,Computer Networks,Period_3,9,9,79.28,53.6,19.7,14.7,0,0.7,82.8,3,100.0,100.0,Regular
STU0072,Female,23,MCA,Final Year,Third Semester,Computer Networks,Period_4,8,6,79.28,53.6,17.8,14.7,1,0.7,90.9,2,65.5,75.0,Regular
STU0072,Female,23,MCA,Final Year,Third Semester,Theory of Computation,Period_1,10,8,84.95,52.2,17.6,14.7,2,0.7,83.8,1,94.4,80.0,Regular
STU0072,Female,23,MCA,Final Year,Third Semester,Theory of Computation,Period_2,8,6,84.95,52.2,8.7,14.7,1,0.7,84.4,0,82.4,75.0,Regular
STU0072,Female,23,MCA,Final Year,Third Semester,Theory of Computation,Period_3,10,9,84.95,52.2,13.3,14.7,1,0.7,80.7,0,79.5,90.0,Regular
STU0072,Female,23,MCA,Final Year,Third Semester,Theory of Computation,Period_4,10,8,84.95,52.2,15.3,14.7,0,0.7,79.9,3,79.9,80.0,Regular
STU0072,Female,23,MCA,Final Year,Third Semester,Software Engineering,Period_1,10,10,91.86,66.0,21.2,14.7,0,0.7,85.8,1,79.2,100.0,Regular
STU0072,Female,23,MCA,Final Year,Third Semester,Software Engineering,Period_2,12,11,91.86,66.0,21.6,14.7,0,0.7,81.5,1,54.6,91.67,Regular
STU0072,Female,23,MCA,Final Year,Third Semester,Software Engineering,Period_3,8,7,91.86,66.0,10.7,14.7,0,0.7,80.4,6,51.9,87.5,Regular
STU0072,Female,23,MCA,Final Year,Third Semester,Software Engineering,Period_4,9,9,91.86,66.0,22.6,14.7,6,0.7,86.8,2,53.6,100.0,Regular
STU0073,Female,22,MCA,Final Year,Third Semester,Data Structures & Algorithms,Period_1,12,10,97.07,58.4,13.5,17.5,1,21.1,100.0,2,35.8,83.33,Regular
STU0073,Female,22,MCA,Final Year,Third Semester,Data Structures & Algorithms,Period_2,11,11,97.07,58.4,17.4,17.5,3,21.1,98.4,2,100.0,100.0,Regular
STU0073,Female,22,MCA,Final Year,Third Semester,Data Structures & Algorithms,Period_3,10,10,97.07,58.4,21.7,17.5,2,21.1,96.5,3,64.7,100.0,Regular
STU0073,Female,22,MCA,Final Year,Third Semester,Data Structures & Algorithms,Period_4,8,8,97.07,58.4,17.7,17.5,0,21.1,95.4,2,83.6,100.0,Regular
STU0073,Female,22,MCA,Final Year,Third Semester,Database Management Systems,Period_1,11,10,96.95,76.7,14.3,17.5,1,21.1,96.1,2,89.5,90.91,Regular
STU0073,Female,22,MCA,Final Year,Third Semester,Database Management Systems,Period_2,9,9,96.95,76.7,22.0,17.5,1,21.1,96.9,1,92.4,100.0,Regular
STU0073,Female,22,MCA,Final Year,Third Semester,Database Management Systems,Period_3,9,9,96.95,76.7,16.3,17.5,4,21.1,95.7,1,74.4,100.0,Regular
STU0073,Female,22,MCA,Final Year,Third Semester,Database Management Systems,Period_4,11,11,96.95,76.7,21.6,17.5,1,21.1,96.7,1,72.6,100.0,Regular
STU0073,Female,22,MCA,Final Year,Third Semester,Computer Networks,Period_1,8,6,99.17,75.8,11.3,17.5,3,21.1,97.4,4,68.8,75.0,Regular
STU0073,Female,22,MCA,Final Year,Third Semester,Computer Networks,Period_2,12,11,99.17,75.8,19.1,17.5,1,21.1,95.8,2,94.6,91.67,Regular
STU0073,Female,22,MCA,Final Year,Third Semester,Computer Networks,Period_3,10,8,99.17,75.8,17.9,17.5,0,21.1,100.0,2,76.1,80.0,Regular
STU0073,Female,22,MCA,Final Year,Third Semester,Computer Networks,Period_4,12,10,99.17,75.8,15.3,17.5,0,21.1,100.0,1,75.8,83.33,Regular
STU0073,Female,22,MCA,Final Year,Third Semester,Theory of Computation,Period_1,11,11,89.86,55.1,14.3,17.5,2,21.1,100.0,1,83.6,100.0,Regular
STU0073,Female,22,MCA,Final Year,Third Semester,Theory of Computation,Period_2,12,12,89.86,55.1,15.2,17.5,3,21.1,92.1,2,69.9,100.0,Regular
STU0073,Female,22,MCA,Final Year,Third Semester,Theory of Computation,Period_3,8,6,89.86,55.1,17.6,17.5,0,21.1,96.1,2,68.8,75.0,Regular
STU0073,Female,22,MCA,Final Year,Third Semester,Theory of Computation,Period_4,9,8,89.86,55.1,11.9,17.5,1,21.1,96.0,0,54.1,88.89,Regular
STU0073,Female,22,MCA,Final Year,Third Semester,Software Engineering,Period_1,12,12,93.11,49.5,25.1,17.5,0,21.1,96.1,0,59.0,100.0,Regular
STU0073,Female,22,MCA,Final Year,Third Semester,Software Engineering,Period_2,8,7,93.11,49.5,14.4,17.5,2,21.1,98.9,2,44.6,87.5,Regular
STU0073,Female,22,MCA,Final Year,Third Semester,Software Engineering,Period_3,11,11,93.11,49.5,17.8,17.5,1,21.1,93.8,1,40.4,100.0,Regular
STU0073,Female,22,MCA,Final Year,Third Semester,Software Engineering,Period_4,11,11,93.11,49.5,20.1,17.5,2,21.1,100.0,0,76.4,100.0,Regular
STU0074,Male,23,MCA,Final Year,Third Semester,Data Structures & Algorithms,Period_1,9,5,52.74,65.4,6.4,16.2,1,1.0,54.4,1,43.5,55.56,Defaulter
STU0074,Male,23,MCA,Final Year,Third Semester,Data Structures & Algorithms,Period_2,11,8,52.74,65.4,10.0,16.2,2,1.0,50.2,0,75.4,72.73,Defaulter
STU0074,Male,23,MCA,Final Year,Third Semester,Data Structures & Algorithms,Period_3,11,3,52.74,65.4,6.5,16.2,0,1.0,56.8,2,58.5,27.27,Defaulter
STU0074,Male,23,MCA,Final Year,Third Semester,Data Structures & Algorithms,Period_4,8,5,52.74,65.4,17.1,16.2,1,1.0,50.7,2,70.8,62.5,Defaulter
STU0074,Male,23,MCA,Final Year,Third Semester,Database Management Systems,Period_1,9,6,49.83,66.0,22.7,16.2,1,1.0,50.4,2,72.1,66.67,Defaulter
STU0074,Male,23,MCA,Final Year,Third Semester,Database Management Systems,Period_2,9,6,49.83,66.0,12.5,16.2,0,1.0,55.1,2,37.2,66.67,Defaulter
STU0074,Male,23,MCA,Final Year,Third Semester,Database Management Systems,Period_3,11,7,49.83,66.0,14.5,16.2,1,1.0,51.5,2,88.1,63.64,Defaulter
STU0074,Male,23,MCA,Final Year,Third Semester,Database Management Systems,Period_4,8,5,49.83,66.0,16.2,16.2,1,1.0,59.1,2,53.9,62.5,Defaulter
STU0074,Male,23,MCA,Final Year,Third Semester,Computer Networks,Period_1,8,4,65.56,49.1,9.6,16.2,3,1.0,53.0,3,81.0,50.0,Defaulter
STU0074,Male,23,MCA,Final Year,Third Semester,Computer Networks,Period_2,11,7,65.56,49.1,14.7,16.2,2,1.0,54.6,2,96.9,63.64,Defaulter
STU0074,Male,23,MCA,Final Year,Third Semester,Computer Networks,Period_3,12,8,65.56,49.1,8.1,16.2,1,1.0,49.2,2,70.1,66.67,Defaulter
STU0074,Male,23,MCA,Final Year,Third Semester,Computer Networks,Period_4,11,8,65.56,49.1,16.4,16.2,1,1.0,54.5,0,18.9,72.73,Defaulter
STU0074,Male,23,MCA,Final Year,Third Semester,Theory of Computation,Period_1,11,6,59.45,58.0,13.7,16.2,4,1.0,46.7,0,76.6,54.55,Defaulter
STU0074,Male,23,MCA,Final Year,Third Semester,Theory of Computation,Period_2,11,8,59.45,58.0,16.9,16.2,0,1.0,62.0,1,62.4,72.73,Defaulter
STU0074,Male,23,MCA,Final Year,Third Semester,Theory of Computation,Period_3,12,10,59.45,58.0,14.2,16.2,3,1.0,52.2,1,64.1,83.33,Regular
STU0074,Male,23,MCA,Final Year,Third Semester,Theory of Computation,Period_4,10,9,59.45,58.0,9.8,16.2,2,1.0,52.2,2,57.9,90.0,Regular
STU0074,Male,23,MCA,Final Year,Third Semester,Software Engineering,Period_1,12,8,65.01,52.9,14.3,16.2,3,1.0,52.9,3,60.1,66.67,Defaulter
STU0074,Male,23,MCA,Final Year,Third Semester,Software Engineering,Period_2,11,5,65.01,52.9,8.9,16.2,0,1.0,53.9,5,65.9,45.45,Defaulter
STU0074,Male,23,MCA,Final Year,Third Semester,Software Engineering,Period_3,9,6,65.01,52.9,17.4,16.2,1,1.0,49.5,0,38.7,66.67,Defaulter
STU0074,Male,23,MCA,Final Year,Third Semester,Software Engineering,Period_4,10,7,65.01,52.9,10.6,16.2,2,1.0,53.5,1,100.0,70.0,Defaulter
STU0075,Female,22,MCA,Final Year,Third Semester,Data Structures & Algorithms,Period_1,10,10,80.07,76.1,27.2,15.8,1,4.4,65.1,2,42.0,100.0,Regular
STU0075,Female,22,MCA,Final Year,Third Semester,Data Structures & Algorithms,Period_2,11,8,80.07,76.1,21.3,15.8,1,4.4,69.4,1,36.7,72.73,Defaulter
STU0075,Female,22,MCA,Final Year,Third Semester,Data Structures & Algorithms,Period_3,9,8,80.07,76.1,14.0,15.8,1,4.4,65.1,5,40.0,88.89,Regular
STU0075,Female,22,MCA,Final Year,Third Semester,Data Structures & Algorithms,Period_4,8,4,80.07,76.1,6.4,15.8,2,4.4,64.1,1,86.5,50.0,Defaulter
STU0075,Female,22,MCA,Final Year,Third Semester,Database Management Systems,Period_1,8,6,77.03,54.1,14.3,15.8,1,4.4,62.9,3,72.5,75.0,Regular
STU0075,Female,22,MCA,Final Year,Third Semester,Database Management Systems,Period_2,11,9,77.03,54.1,19.9,15.8,1,4.4,65.0,1,78.8,81.82,Regular
STU0075,Female,22,MCA,Final Year,Third Semester,Database Management Systems,Period_3,9,6,77.03,54.1,13.8,15.8,1,4.4,75.0,1,69.8,66.67,Defaulter
STU0075,Female,22,MCA,Final Year,Third Semester,Database Management Systems,Period_4,12,9,77.03,54.1,14.2,15.8,1,4.4,67.8,3,84.7,75.0,Regular
STU0075,Female,22,MCA,Final Year,Third Semester,Computer Networks,Period_1,11,6,66.1,74.2,9.9,15.8,0,4.4,70.8,2,67.0,54.55,Defaulter
STU0075,Female,22,MCA,Final Year,Third Semester,Computer Networks,Period_2,8,8,66.1,74.2,13.6,15.8,2,4.4,67.4,2,71.4,100.0,Regular
STU0075,Female,22,MCA,Final Year,Third Semester,Computer Networks,Period_3,11,9,66.1,74.2,14.8,15.8,3,4.4,66.1,2,84.8,81.82,Regular
STU0075,Female,22,MCA,Final Year,Third Semester,Computer Networks,Period_4,12,11,66.1,74.2,10.4,15.8,0,4.4,72.8,5,91.5,91.67,Regular
STU0075,Female,22,MCA,Final Year,Third Semester,Theory of Computation,Period_1,12,9,79.16,74.4,17.0,15.8,1,4.4,62.1,1,76.0,75.0,Regular
STU0075,Female,22,MCA,Final Year,Third Semester,Theory of Computation,Period_2,10,10,79.16,74.4,20.8,15.8,1,4.4,69.5,2,100.0,100.0,Regular
STU0075,Female,22,MCA,Final Year,Third Semester,Theory of Computation,Period_3,12,10,79.16,74.4,16.8,15.8,0,4.4,62.3,1,50.3,83.33,Regular
STU0075,Female,22,MCA,Final Year,Third Semester,Theory of Computation,Period_4,12,8,79.16,74.4,9.2,15.8,5,4.4,70.9,3,93.3,66.67,Defaulter
STU0075,Female,22,MCA,Final Year,Third Semester,Software Engineering,Period_1,10,6,73.31,65.3,14.2,15.8,1,4.4,68.8,2,92.2,60.0,Defaulter
STU0075,Female,22,MCA,Final Year,Third Semester,Software Engineering,Period_2,9,7,73.31,65.3,11.0,15.8,0,4.4,65.3,1,74.7,77.78,Regular
STU0075,Female,22,MCA,Final Year,Third Semester,Software Engineering,Period_3,11,10,73.31,65.3,16.3,15.8,1,4.4,69.6,2,100.0,90.91,Regular
STU0075,Female,22,MCA,Final Year,Third Semester,Software Engineering,Period_4,9,6,73.31,65.3,10.6,15.8,0,4.4,65.1,1,72.8,66.67,Defaulter
STU0076,Female,22,MCA,Final Year,Third Semester,Data Structures & Algorithms,Period_1,9,5,38.82,35.8,8.3,6.8,1,12.3,48.5,0,58.4,55.56,Defaulter
STU0076,Female,22,MCA,Final Year,Third Semester,Data Structures & Algorithms,Period_2,8,5,38.82,35.8,11.5,6.8,2,12.3,52.2,5,73.6,62.5,Defaulter
STU0076,Female,22,MCA,Final Year,Third Semester,Data Structures & Algorithms,Period_3,11,4,38.82,35.8,4.4,6.8,1,12.3,49.3,0,35.6,36.36,Defaulter
STU0076,Female,22,MCA,Final Year,Third Semester,Data Structures & Algorithms,Period_4,10,4,38.82,35.8,6.6,6.8,0,12.3,53.7,5,58.2,40.0,Defaulter
STU0076,Female,22,MCA,Final Year,Third Semester,Database Management Systems,Period_1,9,4,52.58,32.2,6.4,6.8,2,12.3,44.4,3,60.9,44.44,Defaulter
STU0076,Female,22,MCA,Final Year,Third Semester,Database Management Systems,Period_2,10,3,52.58,32.2,14.2,6.8,1,12.3,44.2,2,85.4,30.0,Defaulter
STU0076,Female,22,MCA,Final Year,Third Semester,Database Management Systems,Period_3,11,7,52.58,32.2,12.9,6.8,0,12.3,43.4,2,75.5,63.64,Defaulter
STU0076,Female,22,MCA,Final Year,Third Semester,Database Management Systems,Period_4,11,6,52.58,32.2,8.2,6.8,1,12.3,45.7,3,65.6,54.55,Defaulter
STU0076,Female,22,MCA,Final Year,Third Semester,Computer Networks,Period_1,11,6,53.77,36.9,15.5,6.8,1,12.3,51.7,3,92.2,54.55,Defaulter
STU0076,Female,22,MCA,Final Year,Third Semester,Computer Networks,Period_2,9,2,53.77,36.9,3.6,6.8,2,12.3,42.8,5,71.8,22.22,Defaulter
STU0076,Female,22,MCA,Final Year,Third Semester,Computer Networks,Period_3,8,4,53.77,36.9,9.8,6.8,1,12.3,49.2,0,54.3,50.0,Defaulter
STU0076,Female,22,MCA,Final Year,Third Semester,Computer Networks,Period_4,8,3,53.77,36.9,9.4,6.8,1,12.3,43.5,2,40.4,37.5,Defaulter
STU0076,Female,22,MCA,Final Year,Third Semester,Theory of Computation,Period_1,9,4,46.18,39.2,13.0,6.8,6,12.3,49.2,0,86.6,44.44,Defaulter
STU0076,Female,22,MCA,Final Year,Third Semester,Theory of Computation,Period_2,10,4,46.18,39.2,10.0,6.8,0,12.3,48.9,2,74.9,40.0,Defaulter
STU0076,Female,22,MCA,Final Year,Third Semester,Theory of Computation,Period_3,8,4,46.18,39.2,4.6,6.8,0,12.3,45.4,4,80.0,50.0,Defaulter
STU0076,Female,22,MCA,Final Year,Third Semester,Theory of Computation,Period_4,11,6,46.18,39.2,10.8,6.8,0,12.3,45.8,1,31.7,54.55,Defaulter
STU0076,Female,22,MCA,Final Year,Third Semester,Software Engineering,Period_1,8,3,46.59,24.1,9.5,6.8,1,12.3,45.4,1,67.7,37.5,Defaulter
STU0076,Female,22,MCA,Final Year,Third Semester,Software Engineering,Period_2,11,6,46.59,24.1,2.4,6.8,3,12.3,50.9,3,63.2,54.55,Defaulter
STU0076,Female,22,MCA,Final Year,Third Semester,Software Engineering,Period_3,11,4,46.59,24.1,7.1,6.8,1,12.3,55.9,0,82.0,36.36,Defaulter
STU0076,Female,22,MCA,Final Year,Third Semester,Software Engineering,Period_4,8,3,46.59,24.1,6.9,6.8,1,12.3,44.6,3,53.3,37.5,Defaulter
STU0077,Male,24,MCA,Final Year,Third Semester,Data Structures & Algorithms,Period_1,8,6,87.78,67.8,11.2,16.3,0,8.8,71.9,3,51.0,75.0,Regular
STU0077,Male,24,MCA,Final Year,Third Semester,Data Structures & Algorithms,Period_2,12,12,87.78,67.8,13.2,16.3,2,8.8,67.3,2,45.9,100.0,Regular
STU0077,Male,24,MCA,Final Year,Third Semester,Data Structures & Algorithms,Period_3,12,12,87.78,67.8,20.2,16.3,0,8.8,67.7,3,54.4,100.0,Regular
STU0077,Male,24,MCA,Final Year,Third Semester,Data Structures & Algorithms,Period_4,11,9,87.78,67.8,18.4,16.3,0,8.8,68.7,3,73.8,81.82,Regular
STU0077,Male,24,MCA,Final Year,Third Semester,Database Management Systems,Period_1,10,8,89.76,39.0,16.8,16.3,0,8.8,73.2,0,64.9,80.0,Regular
STU0077,Male,24,MCA,Final Year,Third Semester,Database Management Systems,Period_2,10,7,89.76,39.0,12.5,16.3,4,8.8,73.7,5,68.5,70.0,Defaulter
STU0077,Male,24,MCA,Final Year,Third Semester,Database Management Systems,Period_3,11,9,89.76,39.0,7.7,16.3,2,8.8,64.9,1,75.5,81.82,Regular
STU0077,Male,24,MCA,Final Year,Third Semester,Database Management Systems,Period_4,10,10,89.76,39.0,24.7,16.3,1,8.8,74.3,0,79.2,100.0,Regular
STU0077,Male,24,MCA,Final Year,Third Semester,Computer Networks,Period_1,10,10,96.92,53.1,23.8,16.3,3,8.8,71.1,1,64.9,100.0,Regular
STU0077,Male,24,MCA,Final Year,Third Semester,Computer Networks,Period_2,10,10,96.92,53.1,21.7,16.3,1,8.8,68.8,2,63.0,100.0,Regular
STU0077,Male,24,MCA,Final Year,Third Semester,Computer Networks,Period_3,8,8,96.92,53.1,19.0,16.3,0,8.8,72.2,0,80.1,100.0,Regular
STU0077,Male,24,MCA,Final Year,Third Semester,Computer Networks,Period_4,8,8,96.92,53.1,21.3,16.3,0,8.8,70.8,3,45.3,100.0,Regular
STU0077,Male,24,MCA,Final Year,Third Semester,Theory of Computation,Period_1,11,11,88.4,40.5,16.1,16.3,0,8.8,73.9,1,43.1,100.0,Regular
STU0077,Male,24,MCA,Final Year,Third Semester,Theory of Computation,Period_2,9,8,88.4,40.5,10.9,16.3,0,8.8,73.1,2,63.9,88.89,Regular
STU0077,Male,24,MCA,Final Year,Third Semester,Theory of Computation,Period_3,10,10,88.4,40.5,20.4,16.3,0,8.8,69.8,1,69.6,100.0,Regular
STU0077,Male,24,MCA,Final Year,Third Semester,Theory of Computation,Period_4,11,9,88.4,40.5,13.4,16.3,0,8.8,69.5,3,67.7,81.82,Regular
STU0077,Male,24,MCA,Final Year,Third Semester,Software Engineering,Period_1,8,8,86.36,54.1,17.0,16.3,4,8.8,69.8,2,57.3,100.0,Regular
STU0077,Male,24,MCA,Final Year,Third Semester,Software Engineering,Period_2,11,11,86.36,54.1,16.9,16.3,2,8.8,73.1,2,52.6,100.0,Regular
STU0077,Male,24,MCA,Final Year,Third Semester,Software Engineering,Period_3,11,10,86.36,54.1,19.1,16.3,0,8.8,74.8,0,60.5,90.91,Regular
STU0077,Male,24,MCA,Final Year,Third Semester,Software Engineering,Period_4,11,10,86.36,54.1,14.0,16.3,3,8.8,70.7,2,63.6,90.91,Regular
STU0078,Female,20,MCA,Final Year,Third Semester,Data Structures & Algorithms,Period_1,9,8,76.07,44.1,18.0,13.8,1,56.5,83.6,3,84.0,88.89,Regular
STU0078,Female,20,MCA,Final Year,Third Semester,Data Structures & Algorithms,Period_2,12,10,76.07,44.1,14.1,13.8,2,56.5,81.9,2,62.8,83.33,Regular
STU0078,Female,20,MCA,Final Year,Third Semester,Data Structures & Algorithms,Period_3,10,9,76.07,44.1,20.8,13.8,2,56.5,78.7,3,52.2,90.0,Regular
STU0078,Female,20,MCA,Final Year,Third Semester,Data Structures & Algorithms,Period_4,10,7,76.07,44.1,8.3,13.8,2,56.5,83.2,2,53.2,70.0,Defaulter
STU0078,Female,20,MCA,Final Year,Third Semester,Database Management Systems,Period_1,12,11,84.13,62.7,15.3,13.8,0,56.5,77.4,0,30.6,91.67,Regular
STU0078,Female,20,MCA,Final Year,Third Semester,Database Management Systems,Period_2,10,8,84.13,62.7,13.7,13.8,3,56.5,80.3,3,71.0,80.0,Regular
STU0078,Female,20,MCA,Final Year,Third Semester,Database Management Systems,Period_3,8,8,84.13,62.7,13.1,13.8,2,56.5,80.5,1,53.2,100.0,Regular
STU0078,Female,20,MCA,Final Year,Third Semester,Database Management Systems,Period_4,10,6,84.13,62.7,7.8,13.8,1,56.5,82.3,1,97.8,60.0,Defaulter
STU0078,Female,20,MCA,Final Year,Third Semester,Computer Networks,Period_1,11,7,82.3,65.0,12.0,13.8,2,56.5,75.6,1,36.8,63.64,Defaulter
STU0078,Female,20,MCA,Final Year,Third Semester,Computer Networks,Period_2,11,10,82.3,65.0,17.5,13.8,1,56.5,85.2,1,52.7,90.91,Regular
STU0078,Female,20,MCA,Final Year,Third Semester,Computer Networks,Period_3,9,9,82.3,65.0,16.4,13.8,0,56.5,86.1,2,65.6,100.0,Regular
STU0078,Female,20,MCA,Final Year,Third Semester,Computer Networks,Period_4,8,6,82.3,65.0,9.7,13.8,2,56.5,72.8,5,100.0,75.0,Regular
STU0078,Female,20,MCA,Final Year,Third Semester,Theory of Computation,Period_1,8,6,95.44,51.8,16.5,13.8,1,56.5,79.4,1,55.0,75.0,Regular
STU0078,Female,20,MCA,Final Year,Third Semester,Theory of Computation,Period_2,9,6,95.44,51.8,11.7,13.8,2,56.5,79.4,0,98.1,66.67,Defaulter
STU0078,Female,20,MCA,Final Year,Third Semester,Theory of Computation,Period_3,8,6,95.44,51.8,10.2,13.8,0,56.5,80.4,3,77.5,75.0,Regular
STU0078,Female,20,MCA,Final Year,Third Semester,Theory of Computation,Period_4,12,9,95.44,51.8,14.8,13.8,1,56.5,80.5,3,30.3,75.0,Regular
STU0078,Female,20,MCA,Final Year,Third Semester,Software Engineering,Period_1,9,9,76.27,66.8,15.6,13.8,1,56.5,83.2,5,98.2,100.0,Regular
STU0078,Female,20,MCA,Final Year,Third Semester,Software Engineering,Period_2,8,7,76.27,66.8,10.2,13.8,3,56.5,79.6,3,75.7,87.5,Regular
STU0078,Female,20,MCA,Final Year,Third Semester,Software Engineering,Period_3,8,6,76.27,66.8,16.0,13.8,1,56.5,83.3,5,76.4,75.0,Regular
STU0078,Female,20,MCA,Final Year,Third Semester,Software Engineering,Period_4,12,11,76.27,66.8,16.8,13.8,0,56.5,83.1,2,100.0,91.67,Regular
STU0079,Other,24,MCA,Final Year,Third Semester,Data Structures & Algorithms,Period_1,11,9,73.35,38.2,14.3,12.5,1,5.8,72.5,2,69.2,81.82,Regular
STU0079,Other,24,MCA,Final Year,Third Semester,Data Structures & Algorithms,Period_2,9,7,73.35,38.2,17.6,12.5,2,5.8,63.6,0,62.1,77.78,Regular
STU0079,Other,24,MCA,Final Year,Third Semester,Data Structures & Algorithms,Period_3,9,6,73.35,38.2,6.7,12.5,1,5.8,58.0,2,71.1,66.67,Defaulter
STU0079,Other,24,MCA,Final Year,Third Semester,Data Structures & Algorithms,Period_4,9,7,73.35,38.2,12.7,12.5,1,5.8,60.5,0,53.1,77.78,Regular
STU0079,Other,24,MCA,Final Year,Third Semester,Database Management Systems,Period_1,8,4,68.56,48.9,2.7,12.5,1,5.8,64.4,2,50.6,50.0,Defaulter
STU0079,Other,24,MCA,Final Year,Third Semester,Database Management Systems,Period_2,12,9,68.56,48.9,7.6,12.5,1,5.8,64.7,3,90.2,75.0,Regular
STU0079,Other,24,MCA,Final Year,Third Semester,Database Management Systems,Period_3,11,9,68.56,48.9,13.4,12.5,0,5.8,61.4,0,51.1,81.82,Regular
STU0079,Other,24,MCA,Final Year,Third Semester,Database Management Systems,Period_4,8,5,68.56,48.9,5.1,12.5,0,5.8,67.3,2,60.4,62.5,Defaulter
STU0079,Other,24,MCA,Final Year,Third Semester,Computer Networks,Period_1,11,9,77.27,56.8,12.9,12.5,0,5.8,59.8,3,66.3,81.82,Regular
STU0079,Other,24,MCA,Final Year,Third Semester,Computer Networks,Period_2,9,7,77.27,56.8,13.6,12.5,1,5.8,64.8,1,73.4,77.78,Regular
STU0079,Other,24,MCA,Final Year,Third Semester,Computer Networks,Period_3,12,11,77.27,56.8,17.8,12.5,2,5.8,61.7,3,72.0,91.67,Regular
STU0079,Other,24,MCA,Final Year,Third Semester,Computer Networks,Period_4,11,9,77.27,56.8,18.6,12.5,1,5.8,65.9,2,56.2,81.82,Regular
STU0079,Other,24,MCA,Final Year,Third Semester,Theory of Computation,Period_1,8,6,71.58,41.5,13.8,12.5,1,5.8,67.7,4,75.4,75.0,Regular
STU0079,Other,24,MCA,Final Year,Third Semester,Theory of Computation,Period_2,11,9,71.58,41.5,15.1,12.5,3,5.8,61.6,2,48.0,81.82,Regular
STU0079,Other,24,MCA,Final Year,Third Semester,Theory of Computation,Period_3,11,9,71.58,41.5,9.9,12.5,0,5.8,62.3,1,76.2,81.82,Regular
STU0079,Other,24,MCA,Final Year,Third Semester,Theory of Computation,Period_4,11,7,71.58,41.5,17.0,12.5,0,5.8,59.6,1,66.5,63.64,Defaulter
STU0079,Other,24,MCA,Final Year,Third Semester,Software Engineering,Period_1,9,6,58.2,60.0,4.3,12.5,1,5.8,63.5,0,78.4,66.67,Defaulter
STU0079,Other,24,MCA,Final Year,Third Semester,Software Engineering,Period_2,12,7,58.2,60.0,21.7,12.5,0,5.8,68.2,2,73.6,58.33,Defaulter
STU0079,Other,24,MCA,Final Year,Third Semester,Software Engineering,Period_3,10,5,58.2,60.0,7.5,12.5,2,5.8,65.2,0,97.9,50.0,Defaulter
STU0079,Other,24,MCA,Final Year,Third Semester,Software Engineering,Period_4,11,5,58.2,60.0,17.0,12.5,1,5.8,64.2,4,52.2,45.45,Defaulter
STU0080,Male,22,MCA,Final Year,Third Semester,Data Structures & Algorithms,Period_1,10,4,52.57,65.1,13.5,12.4,1,2.4,58.1,1,75.4,40.0,Defaulter
STU0080,Male,22,MCA,Final Year,Third Semester,Data Structures & Algorithms,Period_2,10,5,52.57,65.1,1.6,12.4,1,2.4,56.1,4,88.3,50.0,Defaulter
STU0080,Male,22,MCA,Final Year,Third Semester,Data Structures & Algorithms,Period_3,8,5,52.57,65.1,11.6,12.4,0,2.4,54.4,4,98.4,62.5,Defaulter
STU0080,Male,22,MCA,Final Year,Third Semester,Data Structures & Algorithms,Period_4,12,7,52.57,65.1,8.1,12.4,0,2.4,56.6,2,69.4,58.33,Defaulter
STU0080,Male,22,MCA,Final Year,Third Semester,Database Management Systems,Period_1,11,7,57.64,57.0,6.7,12.4,3,2.4,48.1,2,27.6,63.64,Defaulter
STU0080,Male,22,MCA,Final Year,Third Semester,Database Management Systems,Period_2,12,6,57.64,57.0,6.0,12.4,0,2.4,60.1,4,75.6,50.0,Defaulter
STU0080,Male,22,MCA,Final Year,Third Semester,Database Management Systems,Period_3,12,4,57.64,57.0,2.1,12.4,0,2.4,59.3,4,65.3,33.33,Defaulter
STU0080,Male,22,MCA,Final Year,Third Semester,Database Management Systems,Period_4,10,8,57.64,57.0,17.3,12.4,1,2.4,61.6,2,62.0,80.0,Regular
STU0080,Male,22,MCA,Final Year,Third Semester,Computer Networks,Period_1,9,5,61.29,47.2,12.2,12.4,0,2.4,56.3,1,41.6,55.56,Defaulter
STU0080,Male,22,MCA,Final Year,Third Semester,Computer Networks,Period_2,10,5,61.29,47.2,4.9,12.4,1,2.4,60.1,3,60.5,50.0,Defaulter
STU0080,Male,22,MCA,Final Year,Third Semester,Computer Networks,Period_3,10,6,61.29,47.2,9.0,12.4,4,2.4,54.4,2,43.6,60.0,Defaulter
STU0080,Male,22,MCA,Final Year,Third Semester,Computer Networks,Period_4,10,6,61.29,47.2,8.6,12.4,1,2.4,56.9,4,81.5,60.0,Defaulter
STU0080,Male,22,MCA,Final Year,Third Semester,Theory of Computation,Period_1,8,3,55.52,59.2,8.2,12.4,1,2.4,58.2,0,66.4,37.5,Defaulter
STU0080,Male,22,MCA,Final Year,Third Semester,Theory of Computation,Period_2,8,6,55.52,59.2,10.6,12.4,0,2.4,58.8,4,80.3,75.0,Regular
STU0080,Male,22,MCA,Final Year,Third Semester,Theory of Computation,Period_3,12,7,55.52,59.2,8.3,12.4,3,2.4,54.2,2,94.0,58.33,Defaulter
STU0080,Male,22,MCA,Final Year,Third Semester,Theory of Computation,Period_4,8,4,55.52,59.2,7.1,12.4,1,2.4,53.4,2,54.5,50.0,Defaulter
STU0080,Male,22,MCA,Final Year,Third Semester,Software Engineering,Period_1,8,6,59.63,68.3,24.6,12.4,0,2.4,53.0,3,47.2,75.0,Regular
STU0080,Male,22,MCA,Final Year,Third Semester,Software Engineering,Period_2,12,7,59.63,68.3,10.4,12.4,2,2.4,51.4,2,70.7,58.33,Defaulter
STU0080,Male,22,MCA,Final Year,Third Semester,Software Engineering,Period_3,12,6,59.63,68.3,10.0,12.4,1,2.4,46.9,4,76.7,50.0,Defaulter
STU0080,Male,22,MCA,Final Year,Third Semester,Software Engineering,Period_4,12,8,59.63,68.3,19.3,12.4,0,2.4,53.0,0,73.1,66.67,Defaulter
STU0081,Female,22,MCA,Final Year,Third Semester,Data Structures & Algorithms,Period_1,8,6,77.99,54.6,17.4,16.8,3,47.5,59.7,1,52.6,75.0,Regular
STU0081,Female,22,MCA,Final Year,Third Semester,Data Structures & Algorithms,Period_2,10,8,77.99,54.6,13.5,16.8,0,47.5,64.3,1,78.0,80.0,Regular
STU0081,Female,22,MCA,Final Year,Third Semester,Data Structures & Algorithms,Period_3,10,6,77.99,54.6,17.5,16.8,1,47.5,65.8,1,89.7,60.0,Defaulter
STU0081,Female,22,MCA,Final Year,Third Semester,Data Structures & Algorithms,Period_4,8,8,77.99,54.6,19.8,16.8,0,47.5,59.4,4,56.7,100.0,Regular
STU0081,Female,22,MCA,Final Year,Third Semester,Database Management Systems,Period_1,10,8,82.97,71.2,19.5,16.8,2,47.5,68.3,4,77.5,80.0,Regular
STU0081,Female,22,MCA,Final Year,Third Semester,Database Management Systems,Period_2,12,9,82.97,71.2,12.8,16.8,2,47.5,69.9,3,81.6,75.0,Regular
STU0081,Female,22,MCA,Final Year,Third Semester,Database Management Systems,Period_3,9,4,82.97,71.2,10.1,16.8,1,47.5,63.7,3,19.5,44.44,Defaulter
STU0081,Female,22,MCA,Final Year,Third Semester,Database Management Systems,Period_4,12,8,82.97,71.2,8.6,16.8,2,47.5,67.3,1,62.7,66.67,Defaulter
STU0081,Female,22,MCA,Final Year,Third Semester,Computer Networks,Period_1,9,9,88.8,56.6,22.3,16.8,1,47.5,66.3,7,61.2,100.0,Regular
STU0081,Female,22,MCA,Final Year,Third Semester,Computer Networks,Period_2,8,8,88.8,56.6,17.9,16.8,2,47.5,64.1,2,73.4,100.0,Regular
STU0081,Female,22,MCA,Final Year,Third Semester,Computer Networks,Period_3,10,10,88.8,56.6,19.4,16.8,1,47.5,64.8,2,85.4,100.0,Regular
STU0081,Female,22,MCA,Final Year,Third Semester,Computer Networks,Period_4,11,10,88.8,56.6,16.8,16.8,1,47.5,70.1,1,31.7,90.91,Regular
STU0081,Female,22,MCA,Final Year,Third Semester,Theory of Computation,Period_1,10,8,100.0,78.4,18.7,16.8,1,47.5,64.5,1,65.8,80.0,Regular
STU0081,Female,22,MCA,Final Year,Third Semester,Theory of Computation,Period_2,11,9,100.0,78.4,9.3,16.8,1,47.5,68.3,1,52.1,81.82,Regular
STU0081,Female,22,MCA,Final Year,Third Semester,Theory of Computation,Period_3,10,9,100.0,78.4,21.1,16.8,0,47.5,66.9,2,61.2,90.0,Regular
STU0081,Female,22,MCA,Final Year,Third Semester,Theory of Computation,Period_4,8,6,100.0,78.4,18.0,16.8,2,47.5,65.5,2,64.9,75.0,Regular
STU0081,Female,22,MCA,Final Year,Third Semester,Software Engineering,Period_1,10,8,72.93,75.8,27.1,16.8,0,47.5,63.8,2,54.0,80.0,Regular
STU0081,Female,22,MCA,Final Year,Third Semester,Software Engineering,Period_2,8,5,72.93,75.8,15.8,16.8,0,47.5,59.6,2,94.8,62.5,Defaulter
STU0081,Female,22,MCA,Final Year,Third Semester,Software Engineering,Period_3,10,9,72.93,75.8,10.4,16.8,1,47.5,68.9,2,65.5,90.0,Regular
STU0081,Female,22,MCA,Final Year,Third Semester,Software Engineering,Period_4,8,7,72.93,75.8,8.0,16.8,1,47.5,54.4,1,75.2,87.5,Regular
STU0082,Female,22,MCA,Final Year,Third Semester,Data Structures & Algorithms,Period_1,12,6,46.17,47.7,10.3,9.9,4,2.2,64.8,4,52.4,50.0,Defaulter
STU0082,Female,22,MCA,Final Year,Third Semester,Data Structures & Algorithms,Period_2,12,4,46.17,47.7,0.2,9.9,2,2.2,66.5,1,32.5,33.33,Defaulter
STU0082,Female,22,MCA,Final Year,Third Semester,Data Structures & Algorithms,Period_3,9,3,46.17,47.7,1.4,9.9,0,2.2,73.7,1,42.6,33.33,Defaulter
STU0082,Female,22,MCA,Final Year,Third Semester,Data Structures & Algorithms,Period_4,9,4,46.17,47.7,8.9,9.9,3,2.2,65.3,1,68.9,44.44,Defaulter
STU0082,Female,22,MCA,Final Year,Third Semester,Database Management Systems,Period_1,9,7,55.73,40.4,18.0,9.9,2,2.2,65.0,1,53.7,77.78,Regular
STU0082,Female,22,MCA,Final Year,Third Semester,Database Management Systems,Period_2,9,6,55.73,40.4,12.8,9.9,0,2.2,69.5,1,77.9,66.67,Defaulter
STU0082,Female,22,MCA,Final Year,Third Semester,Database Management Systems,Period_3,8,6,55.73,40.4,17.2,9.9,2,2.2,71.1,5,44.7,75.0,Regular
STU0082,Female,22,MCA,Final Year,Third Semester,Database Management Systems,Period_4,10,7,55.73,40.4,16.5,9.9,0,2.2,65.5,3,66.7,70.0,Defaulter
STU0082,Female,22,MCA,Final Year,Third Semester,Computer Networks,Period_1,10,7,76.42,55.0,7.3,9.9,2,2.2,67.7,1,65.8,70.0,Defaulter
STU0082,Female,22,MCA,Final Year,Third Semester,Computer Networks,Period_2,8,6,76.42,55.0,17.9,9.9,1,2.2,69.1,2,84.5,75.0,Regular
STU0082,Female,22,MCA,Final Year,Third Semester,Computer Networks,Period_3,8,5,76.42,55.0,8.5,9.9,1,2.2,62.8,1,46.9,62.5,Defaulter
STU0082,Female,22,MCA,Final Year,Third Semester,Computer Networks,Period_4,8,5,76.42,55.0,4.3,9.9,1,2.2,66.7,2,68.0,62.5,Defaulter
STU0082,Female,22,MCA,Final Year,Third Semester,Theory of Computation,Period_1,11,9,83.98,66.2,11.8,9.9,2,2.2,66.5,1,65.1,81.82,Regular
STU0082,Female,22,MCA,Final Year,Third Semester,Theory of Computation,Period_2,8,5,83.98,66.2,5.0,9.9,0,2.2,68.1,3,69.6,62.5,Defaulter
STU0082,Female,22,MCA,Final Year,Third Semester,Theory of Computation,Period_3,10,4,83.98,66.2,6.8,9.9,0,2.2,64.3,2,67.5,40.0,Defaulter
STU0082,Female,22,MCA,Final Year,Third Semester,Theory of Computation,Period_4,8,3,83.98,66.2,7.2,9.9,2,2.2,67.7,2,61.1,37.5,Defaulter
STU0082,Female,22,MCA,Final Year,Third Semester,Software Engineering,Period_1,9,6,63.94,42.7,9.5,9.9,1,2.2,71.7,1,58.8,66.67,Defaulter
STU0082,Female,22,MCA,Final Year,Third Semester,Software Engineering,Period_2,12,8,63.94,42.7,8.1,9.9,0,2.2,70.4,0,82.9,66.67,Defaulter
STU0082,Female,22,MCA,Final Year,Third Semester,Software Engineering,Period_3,11,8,63.94,42.7,11.9,9.9,1,2.2,67.8,3,50.1,72.73,Defaulter
STU0082,Female,22,MCA,Final Year,Third Semester,Software Engineering,Period_4,9,7,63.94,42.7,10.0,9.9,1,2.2,64.5,5,79.6,77.78,Regular
STU0083,Male,24,MCA,Final Year,Third Semester,Data Structures & Algorithms,Period_1,12,9,62.91,48.1,13.2,12.2,0,16.4,55.2,3,66.0,75.0,Regular
STU0083,Male,24,MCA,Final Year,Third Semester,Data Structures & Algorithms,Period_2,11,7,62.91,48.1,4.0,12.2,1,16.4,53.1,2,64.0,63.64,Defaulter
STU0083,Male,24,MCA,Final Year,Third Semester,Data Structures & Algorithms,Period_3,12,8,62.91,48.1,10.5,12.2,2,16.4,56.8,2,100.0,66.67,Defaulter
STU0083,Male,24,MCA,Final Year,Third Semester,Data Structures & Algorithms,Period_4,9,3,62.91,48.1,16.3,12.2,1,16.4,56.5,3,65.4,33.33,Defaulter
STU0083,Male,24,MCA,Final Year,Third Semester,Database Management Systems,Period_1,9,6,50.74,50.9,12.3,12.2,1,16.4,56.5,2,88.0,66.67,Defaulter
STU0083,Male,24,MCA,Final Year,Third Semester,Database Management Systems,Period_2,9,7,50.74,50.9,16.7,12.2,2,16.4,55.8,2,49.9,77.78,Regular
STU0083,Male,24,MCA,Final Year,Third Semester,Database Management Systems,Period_3,9,6,50.74,50.9,5.2,12.2,2,16.4,62.9,0,82.1,66.67,Defaulter
STU0083,Male,24,MCA,Final Year,Third Semester,Database Management Systems,Period_4,11,8,50.74,50.9,8.3,12.2,0,16.4,60.5,1,78.0,72.73,Defaulter
STU0083,Male,24,MCA,Final Year,Third Semester,Computer Networks,Period_1,12,6,54.42,53.5,8.3,12.2,1,16.4,58.8,2,72.9,50.0,Defaulter
STU0083,Male,24,MCA,Final Year,Third Semester,Computer Networks,Period_2,12,8,54.42,53.5,4.8,12.2,1,16.4,53.5,1,57.0,66.67,Defaulter
STU0083,Male,24,MCA,Final Year,Third Semester,Computer Networks,Period_3,12,6,54.42,53.5,10.4,12.2,0,16.4,59.7,1,83.3,50.0,Defaulter
STU0083,Male,24,MCA,Final Year,Third Semester,Computer Networks,Period_4,12,7,54.42,53.5,14.2,12.2,2,16.4,60.2,1,56.0,58.33,Defaulter
STU0083,Male,24,MCA,Final Year,Third Semester,Theory of Computation,Period_1,12,7,65.52,69.9,13.1,12.2,0,16.4,59.9,2,63.6,58.33,Defaulter
STU0083,Male,24,MCA,Final Year,Third Semester,Theory of Computation,Period_2,11,7,65.52,69.9,9.6,12.2,0,16.4,61.4,1,96.7,63.64,Defaulter
STU0083,Male,24,MCA,Final Year,Third Semester,Theory of Computation,Period_3,12,6,65.52,69.9,13.3,12.2,1,16.4,61.4,3,28.1,50.0,Defaulter
STU0083,Male,24,MCA,Final Year,Third Semester,Theory of Computation,Period_4,11,7,65.52,69.9,15.0,12.2,4,16.4,59.7,1,82.6,63.64,Defaulter
STU0083,Male,24,MCA,Final Year,Third Semester,Software Engineering,Period_1,8,3,52.19,33.3,5.1,12.2,1,16.4,52.0,2,88.5,37.5,Defaulter
STU0083,Male,24,MCA,Final Year,Third Semester,Software Engineering,Period_2,10,6,52.19,33.3,13.0,12.2,0,16.4,61.7,1,77.7,60.0,Defaulter
STU0083,Male,24,MCA,Final Year,Third Semester,Software Engineering,Period_3,12,7,52.19,33.3,15.4,12.2,0,16.4,55.5,3,36.4,58.33,Defaulter
STU0083,Male,24,MCA,Final Year,Third Semester,Software Engineering,Period_4,12,7,52.19,33.3,14.5,12.2,0,16.4,51.2,3,41.7,58.33,Defaulter
STU0084,Female,21,MCA,Final Year,Third Semester,Data Structures & Algorithms,Period_1,11,6,47.96,58.8,10.1,12.3,0,38.7,54.3,0,80.9,54.55,Defaulter
STU0084,Female,21,MCA,Final Year,Third Semester,Data Structures & Algorithms,Period_2,11,7,47.96,58.8,12.1,12.3,1,38.7,47.4,1,45.2,63.64,Defaulter
STU0084,Female,21,MCA,Final Year,Third Semester,Data Structures & Algorithms,Period_3,9,5,47.96,58.8,8.8,12.3,0,38.7,50.8,0,76.4,55.56,Defaulter
STU0084,Female,21,MCA,Final Year,Third Semester,Data Structures & Algorithms,Period_4,11,7,47.96,58.8,13.0,12.3,0,38.7,50.0,3,88.4,63.64,Defaulter
STU0084,Female,21,MCA,Final Year,Third Semester,Database Management Systems,Period_1,11,5,69.42,55.1,1.7,12.3,2,38.7,52.0,1,80.7,45.45,Defaulter
STU0084,Female,21,MCA,Final Year,Third Semester,Database Management Systems,Period_2,11,7,69.42,55.1,10.4,12.3,1,38.7,44.5,4,81.3,63.64,Defaulter
STU0084,Female,21,MCA,Final Year,Third Semester,Database Management Systems,Period_3,8,4,69.42,55.1,16.9,12.3,1,38.7,48.0,1,50.2,50.0,Defaulter
STU0084,Female,21,MCA,Final Year,Third Semester,Database Management Systems,Period_4,11,6,69.42,55.1,15.9,12.3,0,38.7,49.5,5,44.0,54.55,Defaulter
STU0084,Female,21,MCA,Final Year,Third Semester,Computer Networks,Period_1,10,4,57.7,36.5,11.1,12.3,1,38.7,53.2,3,84.2,40.0,Defaulter
STU0084,Female,21,MCA,Final Year,Third Semester,Computer Networks,Period_2,10,6,57.7,36.5,15.1,12.3,2,38.7,51.3,1,61.7,60.0,Defaulter
STU0084,Female,21,MCA,Final Year,Third Semester,Computer Networks,Period_3,10,8,57.7,36.5,19.6,12.3,2,38.7,55.0,0,86.3,80.0,Regular
STU0084,Female,21,MCA,Final Year,Third Semester,Computer Networks,Period_4,10,7,57.7,36.5,17.6,12.3,0,38.7,50.9,2,81.1,70.0,Defaulter
STU0084,Female,21,MCA,Final Year,Third Semester,Theory of Computation,Period_1,9,7,50.19,31.3,13.8,12.3,3,38.7,50.4,1,98.0,77.78,Regular
STU0084,Female,21,MCA,Final Year,Third Semester,Theory of Computation,Period_2,10,5,50.19,31.3,13.8,12.3,2,38.7,49.6,3,71.0,50.0,Defaulter
STU0084,Female,21,MCA,Final Year,Third Semester,Theory of Computation,Period_3,8,3,50.19,31.3,3.9,12.3,0,38.7,53.9,3,79.5,37.5,Defaulter
STU0084,Female,21,MCA,Final Year,Third Semester,Theory of Computation,Period_4,8,5,50.19,31.3,8.8,12.3,1,38.7,47.6,1,66.3,62.5,Defaulter
STU0084,Female,21,MCA,Final Year,Third Semester,Software Engineering,Period_1,9,5,61.64,60.6,6.1,12.3,2,38.7,50.2,1,88.6,55.56,Defaulter
STU0084,Female,21,MCA,Final Year,Third Semester,Software Engineering,Period_2,9,5,61.64,60.6,12.5,12.3,0,38.7,55.3,2,70.8,55.56,Defaulter
STU0084,Female,21,MCA,Final Year,Third Semester,Software Engineering,Period_3,12,9,61.64,60.6,10.4,12.3,1,38.7,48.8,0,46.1,75.0,Regular
STU0084,Female,21,MCA,Final Year,Third Semester,Software Engineering,Period_4,10,6,61.64,60.6,13.2,12.3,3,38.7,48.5,2,55.6,60.0,Defaulter
STU0085,Female,23,MCA,Final Year,Third Semester,Data Structures & Algorithms,Period_1,8,5,46.65,46.8,12.8,7.3,2,5.8,40.8,4,91.1,62.5,Defaulter
STU0085,Female,23,MCA,Final Year,Third Semester,Data Structures & Algorithms,Period_2,12,4,46.65,46.8,8.5,7.3,2,5.8,41.9,1,55.8,33.33,Defaulter
STU0085,Female,23,MCA,Final Year,Third Semester,Data Structures & Algorithms,Period_3,10,5,46.65,46.8,11.2,7.3,1,5.8,37.7,2,37.4,50.0,Defaulter
STU0085,Female,23,MCA,Final Year,Third Semester,Data Structures & Algorithms,Period_4,12,5,46.65,46.8,7.0,7.3,0,5.8,34.2,2,62.0,41.67,Defaulter
STU0085,Female,23,MCA,Final Year,Third Semester,Database Management Systems,Period_1,11,5,38.0,56.3,10.9,7.3,3,5.8,41.6,2,62.4,45.45,Defaulter
STU0085,Female,23,MCA,Final Year,Third Semester,Database Management Systems,Period_2,12,6,38.0,56.3,6.7,7.3,0,5.8,42.3,2,100.0,50.0,Defaulter
STU0085,Female,23,MCA,Final Year,Third Semester,Database Management Systems,Period_3,12,6,38.0,56.3,9.8,7.3,2,5.8,46.8,2,81.4,50.0,Defaulter
STU0085,Female,23,MCA,Final Year,Third Semester,Database Management Systems,Period_4,10,4,38.0,56.3,7.1,7.3,1,5.8,38.2,2,67.2,40.0,Defaulter
STU0085,Female,23,MCA,Final Year,Third Semester,Computer Networks,Period_1,11,6,47.55,46.2,18.4,7.3,1,5.8,32.0,3,71.5,54.55,Defaulter
STU0085,Female,23,MCA,Final Year,Third Semester,Computer Networks,Period_2,11,3,47.55,46.2,7.8,7.3,1,5.8,34.4,1,68.8,27.27,Defaulter
STU0085,Female,23,MCA,Final Year,Third Semester,Computer Networks,Period_3,8,2,47.55,46.2,2.2,7.3,0,5.8,40.9,0,81.1,25.0,Defaulter
STU0085,Female,23,MCA,Final Year,Third Semester,Computer Networks,Period_4,8,2,47.55,46.2,2.8,7.3,2,5.8,35.5,3,39.0,25.0,Defaulter
STU0085,Female,23,MCA,Final Year,Third Semester,Theory of Computation,Period_1,10,4,47.39,37.1,5.7,7.3,0,5.8,38.4,1,52.7,40.0,Defaulter
STU0085,Female,23,MCA,Final Year,Third Semester,Theory of Computation,Period_2,11,6,47.39,37.1,3.0,7.3,2,5.8,39.1,1,93.9,54.55,Defaulter
STU0085,Female,23,MCA,Final Year,Third Semester,Theory of Computation,Period_3,11,5,47.39,37.1,8.6,7.3,1,5.8,38.3,1,63.4,45.45,Defaulter
STU0085,Female,23,MCA,Final Year,Third Semester,Theory of Computation,Period_4,12,5,47.39,37.1,7.9,7.3,2,5.8,42.5,2,30.3,41.67,Defaulter
STU0085,Female,23,MCA,Final Year,Third Semester,Software Engineering,Period_1,11,1,41.61,39.1,6.4,7.3,1,5.8,35.0,4,56.2,9.09,Defaulter
STU0085,Female,23,MCA,Final Year,Third Semester,Software Engineering,Period_2,8,3,41.61,39.1,10.8,7.3,2,5.8,40.1,2,70.2,37.5,Defaulter
STU0085,Female,23,MCA,Final Year,Third Semester,Software Engineering,Period_3,10,2,41.61,39.1,4.8,7.3,2,5.8,35.4,0,60.4,20.0,Defaulter
STU0085,Female,23,MCA,Final Year,Third Semester,Software Engineering,Period_4,9,2,41.61,39.1,3.4,7.3,2,5.8,39.1,3,40.0,22.22,Defaulter
STU0086,Female,20,MCA,Final Year,Third Semester,Data Structures & Algorithms,Period_1,8,2,54.41,62.4,11.4,10.9,0,14.1,47.4,3,80.2,25.0,Defaulter
STU0086,Female,20,MCA,Final Year,Third Semester,Data Structures & Algorithms,Period_2,10,6,54.41,62.4,11.0,10.9,0,14.1,53.1,1,70.1,60.0,Defaulter
STU0086,Female,20,MCA,Final Year,Third Semester,Data Structures & Algorithms,Period_3,11,1,54.41,62.4,3.6,10.9,0,14.1,49.5,2,53.6,9.09,Defaulter
STU0086,Female,20,MCA,Final Year,Third Semester,Data Structures & Algorithms,Period_4,10,3,54.41,62.4,6.0,10.9,2,14.1,50.3,1,74.3,30.0,Defaulter
STU0086,Female,20,MCA,Final Year,Third Semester,Database Management Systems,Period_1,10,3,38.0,37.1,5.3,10.9,0,14.1,53.8,2,42.4,30.0,Defaulter
STU0086,Female,20,MCA,Final Year,Third Semester,Database Management Systems,Period_2,10,7,38.0,37.1,10.8,10.9,3,14.1,53.8,3,51.7,70.0,Defaulter
STU0086,Female,20,MCA,Final Year,Third Semester,Database Management Systems,Period_3,10,5,38.0,37.1,10.5,10.9,1,14.1,51.7,4,92.6,50.0,Defaulter
STU0086,Female,20,MCA,Final Year,Third Semester,Database Management Systems,Period_4,10,6,38.0,37.1,13.9,10.9,2,14.1,55.0,1,59.0,60.0,Defaulter
STU0086,Female,20,MCA,Final Year,Third Semester,Computer Networks,Period_1,12,3,38.0,44.0,5.8,10.9,0,14.1,53.1,1,86.6,25.0,Defaulter
STU0086,Female,20,MCA,Final Year,Third Semester,Computer Networks,Period_2,12,7,38.0,44.0,11.9,10.9,1,14.1,55.7,0,80.2,58.33,Defaulter
STU0086,Female,20,MCA,Final Year,Third Semester,Computer Networks,Period_3,10,4,38.0,44.0,0.0,10.9,2,14.1,47.0,1,64.8,40.0,Defaulter
STU0086,Female,20,MCA,Final Year,Third Semester,Computer Networks,Period_4,11,5,38.0,44.0,12.0,10.9,0,14.1,50.5,4,73.3,45.45,Defaulter
STU0086,Female,20,MCA,Final Year,Third Semester,Theory of Computation,Period_1,11,7,49.86,54.7,14.7,10.9,1,14.1,54.6,0,84.3,63.64,Defaulter
STU0086,Female,20,MCA,Final Year,Third Semester,Theory of Computation,Period_2,10,4,49.86,54.7,7.1,10.9,0,14.1,51.0,1,59.2,40.0,Defaulter
STU0086,Female,20,MCA,Final Year,Third Semester,Theory of Computation,Period_3,12,5,49.86,54.7,11.4,10.9,2,14.1,50.3,2,80.2,41.67,Defaulter
STU0086,Female,20,MCA,Final Year,Third Semester,Theory of Computation,Period_4,10,5,49.86,54.7,13.5,10.9,0,14.1,55.0,2,41.5,50.0,Defaulter
STU0086,Female,20,MCA,Final Year,Third Semester,Software Engineering,Period_1,9,4,50.82,54.8,12.6,10.9,1,14.1,52.0,0,51.1,44.44,Defaulter
STU0086,Female,20,MCA,Final Year,Third Semester,Software Engineering,Period_2,11,4,50.82,54.8,9.8,10.9,1,14.1,55.3,1,82.1,36.36,Defaulter
STU0086,Female,20,MCA,Final Year,Third Semester,Software Engineering,Period_3,11,2,50.82,54.8,0.0,10.9,2,14.1,55.5,6,83.1,18.18,Defaulter
STU0086,Female,20,MCA,Final Year,Third Semester,Software Engineering,Period_4,8,4,50.82,54.8,8.9,10.9,2,14.1,54.2,2,52.6,50.0,Defaulter
STU0087,Male,20,MCA,Final Year,Third Semester,Data Structures & Algorithms,Period_1,11,4,55.0,44.9,13.8,11.5,0,16.7,53.7,3,49.0,36.36,Defaulter
STU0087,Male,20,MCA,Final Year,Third Semester,Data Structures & Algorithms,Period_2,8,4,55.0,44.9,4.1,11.5,2,16.7,54.8,2,87.2,50.0,Defaulter
STU0087,Male,20,MCA,Final Year,Third Semester,Data Structures & Algorithms,Period_3,8,5,55.0,44.9,10.4,11.5,0,16.7,62.3,2,93.3,62.5,Defaulter
STU0087,Male,20,MCA,Final Year,Third Semester,Data Structures & Algorithms,Period_4,11,6,55.0,44.9,8.3,11.5,1,16.7,54.4,0,58.3,54.55,Defaulter
STU0087,Male,20,MCA,Final Year,Third Semester,Database Management Systems,Period_1,10,4,43.9,57.0,6.2,11.5,1,16.7,59.1,4,69.0,40.0,Defaulter
STU0087,Male,20,MCA,Final Year,Third Semester,Database Management Systems,Period_2,10,5,43.9,57.0,2.4,11.5,0,16.7,60.5,2,78.8,50.0,Defaulter
STU0087,Male,20,MCA,Final Year,Third Semester,Database Management Systems,Period_3,11,7,43.9,57.0,11.0,11.5,0,16.7,52.7,0,66.4,63.64,Defaulter
STU0087,Male,20,MCA,Final Year,Third Semester,Database Management Systems,Period_4,8,5,43.9,57.0,17.6,11.5,0,16.7,56.3,1,25.8,62.5,Defaulter
STU0087,Male,20,MCA,Final Year,Third Semester,Computer Networks,Period_1,11,7,38.96,61.7,6.7,11.5,3,16.7,59.6,1,66.6,63.64,Defaulter
STU0087,Male,20,MCA,Final Year,Third Semester,Computer Networks,Period_2,11,3,38.96,61.7,2.1,11.5,1,16.7,54.2,2,96.5,27.27,Defaulter
STU0087,Male,20,MCA,Final Year,Third Semester,Computer Networks,Period_3,9,4,38.96,61.7,0.0,11.5,1,16.7,53.0,4,74.8,44.44,Defaulter
STU0087,Male,20,MCA,Final Year,Third Semester,Computer Networks,Period_4,10,5,38.96,61.7,8.7,11.5,0,16.7,48.8,3,48.6,50.0,Defaulter
STU0087,Male,20,MCA,Final Year,Third Semester,Theory of Computation,Period_1,12,7,51.94,44.2,15.9,11.5,0,16.7,58.6,0,69.2,58.33,Defaulter
STU0087,Male,20,MCA,Final Year,Third Semester,Theory of Computation,Period_2,10,7,51.94,44.2,5.3,11.5,2,16.7,55.8,1,56.0,70.0,Defaulter
STU0087,Male,20,MCA,Final Year,Third Semester,Theory of Computation,Period_3,8,2,51.94,44.2,5.7,11.5,0,16.7,59.4,2,93.0,25.0,Defaulter
STU0087,Male,20,MCA,Final Year,Third Semester,Theory of Computation,Period_4,10,6,51.94,44.2,10.8,11.5,0,16.7,62.0,1,68.3,60.0,Defaulter
STU0087,Male,20,MCA,Final Year,Third Semester,Software Engineering,Period_1,12,8,52.26,44.6,18.5,11.5,0,16.7,59.8,1,32.7,66.67,Defaulter
STU0087,Male,20,MCA,Final Year,Third Semester,Software Engineering,Period_2,12,6,52.26,44.6,12.7,11.5,1,16.7,57.3,2,72.9,50.0,Defaulter
STU0087,Male,20,MCA,Final Year,Third Semester,Software Engineering,Period_3,9,3,52.26,44.6,7.7,11.5,2,16.7,60.5,0,67.7,33.33,Defaulter
STU0087,Male,20,MCA,Final Year,Third Semester,Software Engineering,Period_4,9,5,52.26,44.6,11.4,11.5,2,16.7,58.6,1,58.3,55.56,Defaulter
STU0088,Male,25,MCA,Final Year,Third Semester,Data Structures & Algorithms,Period_1,11,2,38.0,47.7,3.0,11.7,2,8.1,45.8,2,68.1,18.18,Defaulter
STU0088,Male,25,MCA,Final Year,Third Semester,Data Structures & Algorithms,Period_2,8,6,38.0,47.7,21.4,11.7,1,8.1,47.3,0,51.6,75.0,Regular
STU0088,Male,25,MCA,Final Year,Third Semester,Data Structures & Algorithms,Period_3,9,5,38.0,47.7,12.6,11.7,1,8.1,48.3,2,46.1,55.56,Defaulter
STU0088,Male,25,MCA,Final Year,Third Semester,Data Structures & Algorithms,Period_4,8,6,38.0,47.7,14.4,11.7,0,8.1,42.7,0,57.8,75.0,Regular
STU0088,Male,25,MCA,Final Year,Third Semester,Database Management Systems,Period_1,9,5,45.96,33.5,10.8,11.7,0,8.1,38.5,0,52.6,55.56,Defaulter
STU0088,Male,25,MCA,Final Year,Third Semester,Database Management Systems,Period_2,11,6,45.96,33.5,0.0,11.7,1,8.1,42.7,1,73.8,54.55,Defaulter
STU0088,Male,25,MCA,Final Year,Third Semester,Database Management Systems,Period_3,10,4,45.96,33.5,8.1,11.7,2,8.1,46.4,2,35.5,40.0,Defaulter
STU0088,Male,25,MCA,Final Year,Third Semester,Database Management Systems,Period_4,10,4,45.96,33.5,7.6,11.7,3,8.1,45.3,0,59.8,40.0,Defaulter
STU0088,Male,25,MCA,Final Year,Third Semester,Computer Networks,Period_1,8,2,60.03,40.6,7.2,11.7,1,8.1,44.1,1,83.8,25.0,Defaulter
STU0088,Male,25,MCA,Final Year,Third Semester,Computer Networks,Period_2,12,6,60.03,40.6,11.9,11.7,0,8.1,42.2,2,76.5,50.0,Defaulter
STU0088,Male,25,MCA,Final Year,Third Semester,Computer Networks,Period_3,9,5,60.03,40.6,6.4,11.7,1,8.1,42.3,5,90.8,55.56,Defaulter
STU0088,Male,25,MCA,Final Year,Third Semester,Computer Networks,Period_4,11,3,60.03,40.6,4.8,11.7,1,8.1,43.1,0,72.1,27.27,Defaulter
STU0088,Male,25,MCA,Final Year,Third Semester,Theory of Computation,Period_1,9,5,55.18,49.7,6.8,11.7,2,8.1,46.2,0,67.8,55.56,Defaulter
STU0088,Male,25,MCA,Final Year,Third Semester,Theory of Computation,Period_2,9,1,55.18,49.7,3.1,11.7,1,8.1,44.7,0,92.8,11.11,Defaulter
STU0088,Male,25,MCA,Final Year,Third Semester,Theory of Computation,Period_3,10,5,55.18,49.7,13.6,11.7,2,8.1,42.1,2,64.9,50.0,Defaulter
STU0088,Male,25,MCA,Final Year,Third Semester,Theory of Computation,Period_4,9,3,55.18,49.7,11.7,11.7,0,8.1,42.4,2,38.4,33.33,Defaulter
STU0088,Male,25,MCA,Final Year,Third Semester,Software Engineering,Period_1,11,5,50.72,59.2,10.3,11.7,0,8.1,42.1,3,53.9,45.45,Defaulter
STU0088,Male,25,MCA,Final Year,Third Semester,Software Engineering,Period_2,12,8,50.72,59.2,8.4,11.7,1,8.1,45.3,3,35.1,66.67,Defaulter
STU0088,Male,25,MCA,Final Year,Third Semester,Software Engineering,Period_3,10,5,50.72,59.2,4.4,11.7,0,8.1,44.0,1,53.0,50.0,Defaulter
STU0088,Male,25,MCA,Final Year,Third Semester,Software Engineering,Period_4,9,4,50.72,59.2,17.8,11.7,2,8.1,45.3,6,73.3,44.44,Defaulter
STU0089,Female,24,MCA,Final Year,Third Semester,Data Structures & Algorithms,Period_1,10,6,90.65,45.1,12.0,13.1,0,19.9,100.0,0,73.2,60.0,Defaulter
STU0089,Female,24,MCA,Final Year,Third Semester,Data Structures & Algorithms,Period_2,8,6,90.65,45.1,12.2,13.1,1,19.9,100.0,0,57.3,75.0,Regular
STU0089,Female,24,MCA,Final Year,Third Semester,Data Structures & Algorithms,Period_3,9,8,90.65,45.1,15.6,13.1,0,19.9,98.7,1,72.5,88.89,Regular
STU0089,Female,24,MCA,Final Year,Third Semester,Data Structures & Algorithms,Period_4,8,6,90.65,45.1,21.9,13.1,1,19.9,100.0,3,73.6,75.0,Regular
STU0089,Female,24,MCA,Final Year,Third Semester,Database Management Systems,Period_1,9,8,99.68,47.3,17.5,13.1,0,19.9,100.0,2,43.7,88.89,Regular
STU0089,Female,24,MCA,Final Year,Third Semester,Database Management Systems,Period_2,8,8,99.68,47.3,22.5,13.1,1,19.9,96.5,1,85.3,100.0,Regular
STU0089,Female,24,MCA,Final Year,Third Semester,Database Management Systems,Period_3,11,8,99.68,47.3,7.0,13.1,2,19.9,100.0,0,59.0,72.73,Defaulter
STU0089,Female,24,MCA,Final Year,Third Semester,Database Management Systems,Period_4,12,10,99.68,47.3,18.1,13.1,2,19.9,93.0,4,64.8,83.33,Regular
STU0089,Female,24,MCA,Final Year,Third Semester,Computer Networks,Period_1,10,7,88.69,44.4,11.9,13.1,2,19.9,99.2,2,74.3,70.0,Defaulter
STU0089,Female,24,MCA,Final Year,Third Semester,Computer Networks,Period_2,10,8,88.69,44.4,13.2,13.1,0,19.9,95.4,5,98.0,80.0,Regular
STU0089,Female,24,MCA,Final Year,Third Semester,Computer Networks,Period_3,8,6,88.69,44.4,16.6,13.1,3,19.9,96.7,1,78.2,75.0,Regular
STU0089,Female,24,MCA,Final Year,Third Semester,Computer Networks,Period_4,12,9,88.69,44.4,9.1,13.1,1,19.9,100.0,4,93.1,75.0,Regular
STU0089,Female,24,MCA,Final Year,Third Semester,Theory of Computation,Period_1,10,7,75.21,64.3,12.2,13.1,1,19.9,95.3,2,73.2,70.0,Defaulter
STU0089,Female,24,MCA,Final Year,Third Semester,Theory of Computation,Period_2,9,5,75.21,64.3,9.2,13.1,3,19.9,94.7,1,67.1,55.56,Defaulter
STU0089,Female,24,MCA,Final Year,Third Semester,Theory of Computation,Period_3,10,8,75.21,64.3,9.6,13.1,1,19.9,96.4,2,77.2,80.0,Regular
STU0089,Female,24,MCA,Final Year,Third Semester,Theory of Computation,Period_4,8,5,75.21,64.3,5.3,13.1,1,19.9,93.3,1,52.3,62.5,Defaulter
STU0089,Female,24,MCA,Final Year,Third Semester,Software Engineering,Period_1,8,7,78.3,58.6,17.2,13.1,1,19.9,99.9,2,96.4,87.5,Regular
STU0089,Female,24,MCA,Final Year,Third Semester,Software Engineering,Period_2,10,7,78.3,58.6,11.7,13.1,0,19.9,96.3,4,28.1,70.0,Defaulter
STU0089,Female,24,MCA,Final Year,Third Semester,Software Engineering,Period_3,12,9,78.3,58.6,16.9,13.1,0,19.9,94.8,4,57.2,75.0,Regular
STU0089,Female,24,MCA,Final Year,Third Semester,Software Engineering,Period_4,8,6,78.3,58.6,17.5,13.1,1,19.9,94.8,1,54.7,75.0,Regular
STU0090,Female,23,MCA,Final Year,Third Semester,Data Structures & Algorithms,Period_1,9,4,42.69,43.8,11.2,8.3,1,4.9,56.0,1,67.6,44.44,Defaulter
STU0090,Female,23,MCA,Final Year,Third Semester,Data Structures & Algorithms,Period_2,12,7,42.69,43.8,10.6,8.3,1,4.9,50.6,0,49.7,58.33,Defaulter
STU0090,Female,23,MCA,Final Year,Third Semester,Data Structures & Algorithms,Period_3,10,4,42.69,43.8,0.0,8.3,0,4.9,60.6,1,99.4,40.0,Defaulter
STU0090,Female,23,MCA,Final Year,Third Semester,Data Structures & Algorithms,Period_4,10,5,42.69,43.8,10.0,8.3,1,4.9,60.7,1,87.4,50.0,Defaulter
STU0090,Female,23,MCA,Final Year,Third Semester,Database Management Systems,Period_1,10,7,48.24,33.1,10.4,8.3,0,4.9,54.4,4,83.0,70.0,Defaulter
STU0090,Female,23,MCA,Final Year,Third Semester,Database Management Systems,Period_2,9,5,48.24,33.1,8.7,8.3,2,4.9,55.7,0,82.0,55.56,Defaulter
STU0090,Female,23,MCA,Final Year,Third Semester,Database Management Systems,Period_3,9,4,48.24,33.1,13.9,8.3,4,4.9,58.1,2,51.2,44.44,Defaulter
STU0090,Female,23,MCA,Final Year,Third Semester,Database Management Systems,Period_4,11,4,48.24,33.1,6.2,8.3,0,4.9,52.5,1,61.9,36.36,Defaulter
STU0090,Female,23,MCA,Final Year,Third Semester,Computer Networks,Period_1,11,3,38.0,52.7,0.0,8.3,1,4.9,58.7,1,87.0,27.27,Defaulter
STU0090,Female,23,MCA,Final Year,Third Semester,Computer Networks,Period_2,11,5,38.0,52.7,5.2,8.3,1,4.9,49.6,2,92.2,45.45,Defaulter
STU0090,Female,23,MCA,Final Year,Third Semester,Computer Networks,Period_3,12,5,38.0,52.7,9.2,8.3,0,4.9,55.6,3,100.0,41.67,Defaulter
STU0090,Female,23,MCA,Final Year,Third Semester,Computer Networks,Period_4,10,5,38.0,52.7,20.2,8.3,1,4.9,47.9,1,55.8,50.0,Defaulter
STU0090,Female,23,MCA,Final Year,Third Semester,Theory of Computation,Period_1,10,5,47.04,38.2,10.0,8.3,0,4.9,57.0,0,84.7,50.0,Defaulter
STU0090,Female,23,MCA,Final Year,Third Semester,Theory of Computation,Period_2,9,4,47.04,38.2,9.3,8.3,1,4.9,51.6,2,74.2,44.44,Defaulter
STU0090,Female,23,MCA,Final Year,Third Semester,Theory of Computation,Period_3,8,6,47.04,38.2,13.3,8.3,0,4.9,51.9,4,86.9,75.0,Regular
STU0090,Female,23,MCA,Final Year,Third Semester,Theory of Computation,Period_4,11,3,47.04,38.2,8.4,8.3,0,4.9,55.2,1,44.1,27.27,Defaulter
STU0090,Female,23,MCA,Final Year,Third Semester,Software Engineering,Period_1,11,4,52.02,45.7,7.8,8.3,1,4.9,54.3,1,41.2,36.36,Defaulter
STU0090,Female,23,MCA,Final Year,Third Semester,Software Engineering,Period_2,10,3,52.02,45.7,12.2,8.3,1,4.9,58.0,3,80.2,30.0,Defaulter
STU0090,Female,23,MCA,Final Year,Third Semester,Software Engineering,Period_3,12,6,52.02,45.7,8.2,8.3,1,4.9,53.3,0,42.4,50.0,Defaulter
STU0090,Female,23,MCA,Final Year,Third Semester,Software Engineering,Period_4,8,3,52.02,45.7,11.0,8.3,3,4.9,55.6,3,42.6,37.5,Defaulter
STU0091,Male,25,MCA,Final Year,Third Semester,Data Structures & Algorithms,Period_1,10,5,44.08,39.7,9.9,8.1,1,41.1,56.4,1,51.4,50.0,Defaulter
STU0091,Male,25,MCA,Final Year,Third Semester,Data Structures & Algorithms,Period_2,8,3,44.08,39.7,10.2,8.1,1,41.1,53.4,1,68.2,37.5,Defaulter
STU0091,Male,25,MCA,Final Year,Third Semester,Data Structures & Algorithms,Period_3,9,3,44.08,39.7,0.0,8.1,0,41.1,49.3,0,61.0,33.33,Defaulter
STU0091,Male,25,MCA,Final Year,Third Semester,Data Structures & Algorithms,Period_4,11,5,44.08,39.7,6.4,8.1,3,41.1,53.4,2,90.4,45.45,Defaulter
STU0091,Male,25,MCA,Final Year,Third Semester,Database Management Systems,Period_1,12,6,46.51,47.0,2.4,8.1,1,41.1,51.5,3,100.0,50.0,Defaulter
STU0091,Male,25,MCA,Final Year,Third Semester,Database Management Systems,Period_2,12,6,46.51,47.0,6.1,8.1,0,41.1,51.6,1,61.0,50.0,Defaulter
STU0091,Male,25,MCA,Final Year,Third Semester,Database Management Systems,Period_3,8,4,46.51,47.0,10.3,8.1,1,41.1,51.7,1,62.0,50.0,Defaulter
STU0091,Male,25,MCA,Final Year,Third Semester,Database Management Systems,Period_4,12,5,46.51,47.0,9.0,8.1,0,41.1,46.6,2,88.5,41.67,Defaulter
STU0091,Male,25,MCA,Final Year,Third Semester,Computer Networks,Period_1,10,4,46.52,20.4,2.0,8.1,1,41.1,46.5,3,52.8,40.0,Defaulter
STU0091,Male,25,MCA,Final Year,Third Semester,Computer Networks,Period_2,11,8,46.52,20.4,9.6,8.1,0,41.1,44.6,1,77.3,72.73,Defaulter
STU0091,Male,25,MCA,Final Year,Third Semester,Computer Networks,Period_3,8,3,46.52,20.4,1.6,8.1,1,41.1,56.5,2,43.7,37.5,Defaulter
STU0091,Male,25,MCA,Final Year,Third Semester,Computer Networks,Period_4,12,5,46.52,20.4,8.4,8.1,1,41.1,56.8,1,65.8,41.67,Defaulter
STU0091,Male,25,MCA,Final Year,Third Semester,Theory of Computation,Period_1,9,5,59.68,47.6,14.7,8.1,1,41.1,54.0,2,68.6,55.56,Defaulter
STU0091,Male,25,MCA,Final Year,Third Semester,Theory of Computation,Period_2,10,6,59.68,47.6,19.1,8.1,1,41.1,42.5,2,81.2,60.0,Defaulter
STU0091,Male,25,MCA,Final Year,Third Semester,Theory of Computation,Period_3,12,3,59.68,47.6,1.7,8.1,0,41.1,55.3,2,56.6,25.0,Defaulter
STU0091,Male,25,MCA,Final Year,Third Semester,Theory of Computation,Period_4,10,4,59.68,47.6,8.5,8.1,2,41.1,53.5,1,92.1,40.0,Defaulter
STU0091,Male,25,MCA,Final Year,Third Semester,Software Engineering,Period_1,8,3,50.31,33.4,3.0,8.1,2,41.1,47.4,1,55.8,37.5,Defaulter
STU0091,Male,25,MCA,Final Year,Third Semester,Software Engineering,Period_2,12,5,50.31,33.4,7.4,8.1,0,41.1,54.0,1,68.2,41.67,Defaulter
STU0091,Male,25,MCA,Final Year,Third Semester,Software Engineering,Period_3,9,4,50.31,33.4,8.9,8.1,1,41.1,49.4,2,81.2,44.44,Defaulter
STU0091,Male,25,MCA,Final Year,Third Semester,Software Engineering,Period_4,10,5,50.31,33.4,9.1,8.1,2,41.1,48.4,1,71.6,50.0,Defaulter
STU0092,Female,20,MCA,Final Year,Third Semester,Data Structures & Algorithms,Period_1,11,8,94.53,81.2,13.7,15.6,0,1.6,96.3,2,72.1,72.73,Defaulter
STU0092,Female,20,MCA,Final Year,Third Semester,Data Structures & Algorithms,Period_2,9,9,94.53,81.2,16.3,15.6,0,1.6,98.9,3,68.3,100.0,Regular
STU0092,Female,20,MCA,Final Year,Third Semester,Data Structures & Algorithms,Period_3,10,7,94.53,81.2,12.5,15.6,1,1.6,92.4,3,76.1,70.0,Defaulter
STU0092,Female,20,MCA,Final Year,Third Semester,Data Structures & Algorithms,Period_4,10,9,94.53,81.2,20.2,15.6,0,1.6,94.2,1,100.0,90.0,Regular
STU0092,Female,20,MCA,Final Year,Third Semester,Database Management Systems,Period_1,12,12,100.0,75.0,13.8,15.6,2,1.6,93.7,3,45.0,100.0,Regular
STU0092,Female,20,MCA,Final Year,Third Semester,Database Management Systems,Period_2,11,11,100.0,75.0,21.9,15.6,0,1.6,98.3,1,69.9,100.0,Regular
STU0092,Female,20,MCA,Final Year,Third Semester,Database Management Systems,Period_3,11,10,100.0,75.0,20.5,15.6,0,1.6,85.6,1,100.0,90.91,Regular
STU0092,Female,20,MCA,Final Year,Third Semester,Database Management Systems,Period_4,9,9,100.0,75.0,18.1,15.6,2,1.6,98.3,2,44.0,100.0,Regular
STU0092,Female,20,MCA,Final Year,Third Semester,Computer Networks,Period_1,12,12,100.0,49.4,13.2,15.6,0,1.6,98.8,3,67.1,100.0,Regular
STU0092,Female,20,MCA,Final Year,Third Semester,Computer Networks,Period_2,9,9,100.0,49.4,21.1,15.6,1,1.6,93.8,0,63.5,100.0,Regular
STU0092,Female,20,MCA,Final Year,Third Semester,Computer Networks,Period_3,11,9,100.0,49.4,25.4,15.6,0,1.6,94.9,2,74.0,81.82,Regular
STU0092,Female,20,MCA,Final Year,Third Semester,Computer Networks,Period_4,9,7,100.0,49.4,15.8,15.6,3,1.6,96.8,1,66.9,77.78,Regular
STU0092,Female,20,MCA,Final Year,Third Semester,Theory of Computation,Period_1,12,12,95.78,67.6,25.6,15.6,0,1.6,98.5,0,100.0,100.0,Regular
STU0092,Female,20,MCA,Final Year,Third Semester,Theory of Computation,Period_2,11,11,95.78,67.6,20.3,15.6,0,1.6,94.6,4,82.7,100.0,Regular
STU0092,Female,20,MCA,Final Year,Third Semester,Theory of Computation,Period_3,10,10,95.78,67.6,22.4,15.6,0,1.6,96.3,3,60.8,100.0,Regular
STU0092,Female,20,MCA,Final Year,Third Semester,Theory of Computation,Period_4,12,12,95.78,67.6,25.2,15.6,4,1.6,93.5,1,62.5,100.0,Regular
STU0092,Female,20,MCA,Final Year,Third Semester,Software Engineering,Period_1,8,6,88.89,60.9,6.4,15.6,1,1.6,95.3,1,71.9,75.0,Regular
STU0092,Female,20,MCA,Final Year,Third Semester,Software Engineering,Period_2,11,11,88.89,60.9,9.8,15.6,0,1.6,100.0,5,63.6,100.0,Regular
STU0092,Female,20,MCA,Final Year,Third Semester,Software Engineering,Period_3,8,8,88.89,60.9,15.0,15.6,1,1.6,98.9,2,57.3,100.0,Regular
STU0092,Female,20,MCA,Final Year,Third Semester,Software Engineering,Period_4,10,10,88.89,60.9,13.2,15.6,2,1.6,98.7,2,78.8,100.0,Regular
STU0093,Male,24,MCA,Final Year,Third Semester,Data Structures & Algorithms,Period_1,12,8,77.52,49.9,15.5,10.6,0,1.1,60.4,0,86.8,66.67,Defaulter
STU0093,Male,24,MCA,Final Year,Third Semester,Data Structures & Algorithms,Period_2,10,4,77.52,49.9,7.2,10.6,0,1.1,60.9,2,74.0,40.0,Defaulter
STU0093,Male,24,MCA,Final Year,Third Semester,Data Structures & Algorithms,Period_3,9,4,77.52,49.9,4.8,10.6,3,1.1,57.9,2,62.2,44.44,Defaulter
STU0093,Male,24,MCA,Final Year,Third Semester,Data Structures & Algorithms,Period_4,12,7,77.52,49.9,15.4,10.6,1,1.1,54.9,2,68.2,58.33,Defaulter
STU0093,Male,24,MCA,Final Year,Third Semester,Database Management Systems,Period_1,12,8,39.09,66.2,13.0,10.6,1,1.1,56.5,4,34.1,66.67,Defaulter
STU0093,Male,24,MCA,Final Year,Third Semester,Database Management Systems,Period_2,11,5,39.09,66.2,4.9,10.6,1,1.1,60.0,2,56.9,45.45,Defaulter
STU0093,Male,24,MCA,Final Year,Third Semester,Database Management Systems,Period_3,9,4,39.09,66.2,8.5,10.6,0,1.1,57.5,1,42.8,44.44,Defaulter
STU0093,Male,24,MCA,Final Year,Third Semester,Database Management Systems,Period_4,10,4,39.09,66.2,2.8,10.6,1,1.1,59.2,2,78.9,40.0,Defaulter
STU0093,Male,24,MCA,Final Year,Third Semester,Computer Networks,Period_1,9,6,55.68,50.8,12.5,10.6,2,1.1,55.0,2,54.0,66.67,Defaulter
STU0093,Male,24,MCA,Final Year,Third Semester,Computer Networks,Period_2,12,8,55.68,50.8,17.8,10.6,2,1.1,62.1,0,58.4,66.67,Defaulter
STU0093,Male,24,MCA,Final Year,Third Semester,Computer Networks,Period_3,11,7,55.68,50.8,19.6,10.6,0,1.1,60.2,3,80.0,63.64,Defaulter
STU0093,Male,24,MCA,Final Year,Third Semester,Computer Networks,Period_4,10,5,55.68,50.8,9.8,10.6,2,1.1,53.9,2,84.4,50.0,Defaulter
STU0093,Male,24,MCA,Final Year,Third Semester,Theory of Computation,Period_1,10,5,50.56,36.9,14.1,10.6,0,1.1,57.2,0,70.5,50.0,Defaulter
STU0093,Male,24,MCA,Final Year,Third Semester,Theory of Computation,Period_2,9,2,50.56,36.9,3.8,10.6,1,1.1,51.6,2,56.3,22.22,Defaulter
STU0093,Male,24,MCA,Final Year,Third Semester,Theory of Computation,Period_3,9,6,50.56,36.9,8.8,10.6,1,1.1,57.4,1,97.9,66.67,Defaulter
STU0093,Male,24,MCA,Final Year,Third Semester,Theory of Computation,Period_4,10,6,50.56,36.9,3.0,10.6,2,1.1,67.3,3,72.0,60.0,Defaulter
STU0093,Male,24,MCA,Final Year,Third Semester,Software Engineering,Period_1,12,8,52.58,41.9,14.0,10.6,1,1.1,67.5,1,66.5,66.67,Defaulter
STU0093,Male,24,MCA,Final Year,Third Semester,Software Engineering,Period_2,10,2,52.58,41.9,3.9,10.6,2,1.1,56.6,2,64.6,20.0,Defaulter
STU0093,Male,24,MCA,Final Year,Third Semester,Software Engineering,Period_3,8,6,52.58,41.9,12.6,10.6,1,1.1,56.7,1,81.9,75.0,Regular
STU0093,Male,24,MCA,Final Year,Third Semester,Software Engineering,Period_4,8,4,52.58,41.9,13.0,10.6,3,1.1,54.9,2,76.8,50.0,Defaulter
STU0094,Male,20,MCA,Final Year,Third Semester,Data Structures & Algorithms,Period_1,9,3,38.0,36.5,3.1,8.0,1,2.5,57.0,2,73.5,33.33,Defaulter
STU0094,Male,20,MCA,Final Year,Third Semester,Data Structures & Algorithms,Period_2,9,6,38.0,36.5,22.0,8.0,0,2.5,53.2,3,47.8,66.67,Defaulter
STU0094,Male,20,MCA,Final Year,Third Semester,Data Structures & Algorithms,Period_3,8,5,38.0,36.5,14.3,8.0,1,2.5,48.9,4,48.6,62.5,Defaulter
STU0094,Male,20,MCA,Final Year,Third Semester,Data Structures & Algorithms,Period_4,9,2,38.0,36.5,7.4,8.0,0,2.5,47.8,2,58.3,22.22,Defaulter
STU0094,Male,20,MCA,Final Year,Third Semester,Database Management Systems,Period_1,12,7,38.0,37.9,16.5,8.0,2,2.5,49.7,0,81.4,58.33,Defaulter
STU0094,Male,20,MCA,Final Year,Third Semester,Database Management Systems,Period_2,10,4,38.0,37.9,0.0,8.0,2,2.5,48.2,1,60.3,40.0,Defaulter
STU0094,Male,20,MCA,Final Year,Third Semester,Database Management Systems,Period_3,9,3,38.0,37.9,1.2,8.0,2,2.5,55.4,0,72.5,33.33,Defaulter
STU0094,Male,20,MCA,Final Year,Third Semester,Database Management Systems,Period_4,8,2,38.0,37.9,10.5,8.0,1,2.5,47.4,2,63.4,25.0,Defaulter
STU0094,Male,20,MCA,Final Year,Third Semester,Computer Networks,Period_1,9,4,38.0,48.1,8.4,8.0,4,2.5,47.6,4,69.8,44.44,Defaulter
STU0094,Male,20,MCA,Final Year,Third Semester,Computer Networks,Period_2,11,4,38.0,48.1,7.2,8.0,0,2.5,55.4,2,68.7,36.36,Defaulter
STU0094,Male,20,MCA,Final Year,Third Semester,Computer Networks,Period_3,11,5,38.0,48.1,10.6,8.0,0,2.5,48.4,1,47.2,45.45,Defaulter
STU0094,Male,20,MCA,Final Year,Third Semester,Computer Networks,Period_4,11,6,38.0,48.1,8.2,8.0,0,2.5,47.3,2,84.1,54.55,Defaulter
STU0094,Male,20,MCA,Final Year,Third Semester,Theory of Computation,Period_1,10,5,38.0,42.3,7.7,8.0,2,2.5,50.9,3,79.9,50.0,Defaulter
STU0094,Male,20,MCA,Final Year,Third Semester,Theory of Computation,Period_2,9,5,38.0,42.3,1.7,8.0,0,2.5,52.1,0,62.6,55.56,Defaulter
STU0094,Male,20,MCA,Final Year,Third Semester,Theory of Computation,Period_3,10,5,38.0,42.3,8.9,8.0,1,2.5,46.3,2,85.8,50.0,Defaulter
STU0094,Male,20,MCA,Final Year,Third Semester,Theory of Computation,Period_4,11,5,38.0,42.3,10.1,8.0,1,2.5,54.2,1,79.0,45.45,Defaulter
STU0094,Male,20,MCA,Final Year,Third Semester,Software Engineering,Period_1,11,8,51.78,29.0,17.2,8.0,2,2.5,53.6,2,58.6,72.73,Defaulter
STU0094,Male,20,MCA,Final Year,Third Semester,Software Engineering,Period_2,9,3,51.78,29.0,6.8,8.0,2,2.5,54.5,4,84.5,33.33,Defaulter
STU0094,Male,20,MCA,Final Year,Third Semester,Software Engineering,Period_3,12,6,51.78,29.0,7.9,8.0,1,2.5,45.5,0,73.9,50.0,Defaulter
STU0094,Male,20,MCA,Final Year,Third Semester,Software Engineering,Period_4,9,5,51.78,29.0,6.5,8.0,1,2.5,51.9,2,44.3,55.56,Defaulter
STU0095,Male,24,MCA,Final Year,Third Semester,Data Structures & Algorithms,Period_1,9,5,40.7,41.8,22.1,13.9,0,4.4,60.0,1,50.6,55.56,Defaulter
STU0095,Male,24,MCA,Final Year,Third Semester,Data Structures & Algorithms,Period_2,11,4,40.7,41.8,0.7,13.9,2,4.4,59.9,1,73.9,36.36,Defaulter
STU0095,Male,24,MCA,Final Year,Third Semester,Data Structures & Algorithms,Period_3,12,6,40.7,41.8,9.3,13.9,0,4.4,61.3,1,84.3,50.0,Defaulter
STU0095,Male,24,MCA,Final Year,Third Semester,Data Structures & Algorithms,Period_4,9,7,40.7,41.8,12.2,13.9,0,4.4,62.5,0,64.6,77.78,Regular
STU0095,Male,24,MCA,Final Year,Third Semester,Database Management Systems,Period_1,8,4,49.29,48.6,10.0,13.9,1,4.4,66.7,1,77.3,50.0,Defaulter
STU0095,Male,24,MCA,Final Year,Third Semester,Database Management Systems,Period_2,11,5,49.29,48.6,9.9,13.9,3,4.4,55.6,2,84.4,45.45,Defaulter
STU0095,Male,24,MCA,Final Year,Third Semester,Database Management Systems,Period_3,9,4,49.29,48.6,8.2,13.9,1,4.4,67.5,2,97.1,44.44,Defaulter
STU0095,Male,24,MCA,Final Year,Third Semester,Database Management Systems,Period_4,9,4,49.29,48.6,6.3,13.9,2,4.4,66.4,5,60.1,44.44,Defaulter
STU0095,Male,24,MCA,Final Year,Third Semester,Computer Networks,Period_1,11,5,60.93,61.7,7.9,13.9,3,4.4,67.7,3,92.6,45.45,Defaulter
STU0095,Male,24,MCA,Final Year,Third Semester,Computer Networks,Period_2,11,9,60.93,61.7,19.1,13.9,0,4.4,67.4,2,95.9,81.82,Regular
STU0095,Male,24,MCA,Final Year,Third Semester,Computer Networks,Period_3,10,4,60.93,61.7,11.0,13.9,1,4.4,68.2,1,81.3,40.0,Defaulter
STU0095,Male,24,MCA,Final Year,Third Semester,Computer Networks,Period_4,10,8,60.93,61.7,13.5,13.9,1,4.4,64.5,3,35.3,80.0,Regular
STU0095,Male,24,MCA,Final Year,Third Semester,Theory of Computation,Period_1,11,6,61.98,51.0,8.4,13.9,1,4.4,68.4,2,80.6,54.55,Defaulter
STU0095,Male,24,MCA,Final Year,Third Semester,Theory of Computation,Period_2,12,6,61.98,51.0,12.4,13.9,1,4.4,67.4,5,39.8,50.0,Defaulter
STU0095,Male,24,MCA,Final Year,Third Semester,Theory of Computation,Period_3,11,5,61.98,51.0,10.2,13.9,1,4.4,66.7,2,68.0,45.45,Defaulter
STU0095,Male,24,MCA,Final Year,Third Semester,Theory of Computation,Period_4,10,6,61.98,51.0,8.4,13.9,3,4.4,63.1,2,66.7,60.0,Defaulter
STU0095,Male,24,MCA,Final Year,Third Semester,Software Engineering,Period_1,10,5,51.73,39.4,4.1,13.9,2,4.4,66.4,0,96.3,50.0,Defaulter
STU0095,Male,24,MCA,Final Year,Third Semester,Software Engineering,Period_2,9,5,51.73,39.4,9.8,13.9,3,4.4,69.1,1,71.1,55.56,Defaulter
STU0095,Male,24,MCA,Final Year,Third Semester,Software Engineering,Period_3,11,6,51.73,39.4,1.8,13.9,1,4.4,62.0,2,88.6,54.55,Defaulter
STU0095,Male,24,MCA,Final Year,Third Semester,Software Engineering,Period_4,12,5,51.73,39.4,8.9,13.9,5,4.4,68.2,3,22.7,41.67,Defaulter
STU0096,Other,22,MCA,Final Year,Third Semester,Data Structures & Algorithms,Period_1,11,7,39.75,45.2,16.4,10.9,1,5.1,65.3,4,36.5,63.64,Defaulter
STU0096,Other,22,MCA,Final Year,Third Semester,Data Structures & Algorithms,Period_2,11,3,39.75,45.2,0.0,10.9,0,5.1,60.6,2,39.1,27.27,Defaulter
STU0096,Other,22,MCA,Final Year,Third Semester,Data Structures & Algorithms,Period_3,12,4,39.75,45.2,6.7,10.9,2,5.1,61.8,3,90.3,33.33,Defaulter
STU0096,Other,22,MCA,Final Year,Third Semester,Data Structures & Algorithms,Period_4,11,7,39.75,45.2,13.3,10.9,0,5.1,65.8,2,64.8,63.64,Defaulter
STU0096,Other,22,MCA,Final Year,Third Semester,Database Management Systems,Period_1,10,5,38.0,41.9,7.9,10.9,1,5.1,61.6,2,41.3,50.0,Defaulter
STU0096,Other,22,MCA,Final Year,Third Semester,Database Management Systems,Period_2,9,4,38.0,41.9,8.6,10.9,1,5.1,59.0,1,82.1,44.44,Defaulter
STU0096,Other,22,MCA,Final Year,Third Semester,Database Management Systems,Period_3,9,4,38.0,41.9,9.0,10.9,4,5.1,64.8,2,69.9,44.44,Defaulter
STU0096,Other,22,MCA,Final Year,Third Semester,Database Management Systems,Period_4,11,5,38.0,41.9,7.9,10.9,3,5.1,64.4,0,78.9,45.45,Defaulter
STU0096,Other,22,MCA,Final Year,Third Semester,Computer Networks,Period_1,10,5,53.01,45.8,8.9,10.9,1,5.1,58.3,0,75.5,50.0,Defaulter
STU0096,Other,22,MCA,Final Year,Third Semester,Computer Networks,Period_2,10,5,53.01,45.8,16.2,10.9,3,5.1,66.2,2,72.2,50.0,Defaulter
STU0096,Other,22,MCA,Final Year,Third Semester,Computer Networks,Period_3,12,3,53.01,45.8,12.6,10.9,4,5.1,59.9,1,76.5,25.0,Defaulter
STU0096,Other,22,MCA,Final Year,Third Semester,Computer Networks,Period_4,9,4,53.01,45.8,8.8,10.9,1,5.1,63.8,4,81.8,44.44,Defaulter
STU0096,Other,22,MCA,Final Year,Third Semester,Theory of Computation,Period_1,10,3,38.0,31.2,12.4,10.9,0,5.1,64.3,0,75.8,30.0,Defaulter
STU0096,Other,22,MCA,Final Year,Third Semester,Theory of Computation,Period_2,9,4,38.0,31.2,12.0,10.9,0,5.1,62.1,2,51.1,44.44,Defaulter
STU0096,Other,22,MCA,Final Year,Third Semester,Theory of Computation,Period_3,12,5,38.0,31.2,4.1,10.9,3,5.1,65.8,1,41.2,41.67,Defaulter
STU0096,Other,22,MCA,Final Year,Third Semester,Theory of Computation,Period_4,9,3,38.0,31.2,7.7,10.9,2,5.1,60.3,2,55.8,33.33,Defaulter
STU0096,Other,22,MCA,Final Year,Third Semester,Software Engineering,Period_1,12,7,44.77,44.3,7.7,10.9,1,5.1,60.0,3,87.1,58.33,Defaulter
STU0096,Other,22,MCA,Final Year,Third Semester,Software Engineering,Period_2,12,5,44.77,44.3,3.6,10.9,0,5.1,62.7,2,78.0,41.67,Defaulter
STU0096,Other,22,MCA,Final Year,Third Semester,Software Engineering,Period_3,10,3,44.77,44.3,4.0,10.9,1,5.1,61.4,1,73.0,30.0,Defaulter
STU0096,Other,22,MCA,Final Year,Third Semester,Software Engineering,Period_4,8,5,44.77,44.3,8.3,10.9,1,5.1,59.9,1,73.8,62.5,Defaulter
STU0097,Male,20,MCA,Final Year,Third Semester,Data Structures & Algorithms,Period_1,10,6,68.6,56.5,12.5,13.1,2,4.3,54.9,2,63.3,60.0,Defaulter
STU0097,Male,20,MCA,Final Year,Third Semester,Data Structures & Algorithms,Period_2,11,4,68.6,56.5,10.7,13.1,0,4.3,50.5,1,54.2,36.36,Defaulter
STU0097,Male,20,MCA,Final Year,Third Semester,Data Structures & Algorithms,Period_3,10,5,68.6,56.5,15.6,13.1,2,4.3,57.1,1,85.6,50.0,Defaulter
STU0097,Male,20,MCA,Final Year,Third Semester,Data Structures & Algorithms,Period_4,11,5,68.6,56.5,8.8,13.1,4,4.3,53.1,0,91.9,45.45,Defaulter
STU0097,Male,20,MCA,Final Year,Third Semester,Database Management Systems,Period_1,8,5,54.7,40.3,15.6,13.1,0,4.3,51.0,3,57.8,62.5,Defaulter
STU0097,Male,20,MCA,Final Year,Third Semester,Database Management Systems,Period_2,12,10,54.7,40.3,14.6,13.1,0,4.3,54.1,1,57.4,83.33,Regular
STU0097,Male,20,MCA,Final Year,Third Semester,Database Management Systems,Period_3,8,4,54.7,40.3,13.9,13.1,3,4.3,53.8,2,84.8,50.0,Defaulter
STU0097,Male,20,MCA,Final Year,Third Semester,Database Management Systems,Period_4,10,3,54.7,40.3,8.0,13.1,3,4.3,50.4,2,28.6,30.0,Defaulter
STU0097,Male,20,MCA,Final Year,Third Semester,Computer Networks,Period_1,8,3,66.56,39.8,5.3,13.1,0,4.3,51.7,0,62.6,37.5,Defaulter
STU0097,Male,20,MCA,Final Year,Third Semester,Computer Networks,Period_2,11,8,66.56,39.8,16.8,13.1,0,4.3,56.1,5,40.8,72.73,Defaulter
STU0097,Male,20,MCA,Final Year,Third Semester,Computer Networks,Period_3,12,7,66.56,39.8,14.3,13.1,1,4.3,50.5,2,50.1,58.33,Defaulter
STU0097,Male,20,MCA,Final Year,Third Semester,Computer Networks,Period_4,11,5,66.56,39.8,8.8,13.1,1,4.3,58.1,4,64.5,45.45,Defaulter
STU0097,Male,20,MCA,Final Year,Third Semester,Theory of Computation,Period_1,12,7,54.8,60.3,6.6,13.1,2,4.3,56.1,2,57.4,58.33,Defaulter
STU0097,Male,20,MCA,Final Year,Third Semester,Theory of Computation,Period_2,8,4,54.8,60.3,12.1,13.1,0,4.3,58.2,3,49.5,50.0,Defaulter
STU0097,Male,20,MCA,Final Year,Third Semester,Theory of Computation,Period_3,8,5,54.8,60.3,5.8,13.1,1,4.3,49.4,1,82.5,62.5,Defaulter
STU0097,Male,20,MCA,Final Year,Third Semester,Theory of Computation,Period_4,8,4,54.8,60.3,11.5,13.1,1,4.3,51.6,1,72.2,50.0,Defaulter
STU0097,Male,20,MCA,Final Year,Third Semester,Software Engineering,Period_1,11,7,53.96,72.2,8.1,13.1,3,4.3,52.3,0,81.7,63.64,Defaulter
STU0097,Male,20,MCA,Final Year,Third Semester,Software Engineering,Period_2,11,6,53.96,72.2,4.4,13.1,1,4.3,53.8,2,82.4,54.55,Defaulter
STU0097,Male,20,MCA,Final Year,Third Semester,Software Engineering,Period_3,10,5,53.96,72.2,10.3,13.1,1,4.3,52.0,1,59.6,50.0,Defaulter
STU0097,Male,20,MCA,Final Year,Third Semester,Software Engineering,Period_4,10,2,53.96,72.2,4.7,13.1,2,4.3,53.4,1,44.8,20.0,Defaulter
STU0098,Female,23,MCA,Final Year,Third Semester,Data Structures & Algorithms,Period_1,10,8,76.97,50.4,16.4,11.9,1,11.6,84.3,2,44.9,80.0,Regular
STU0098,Female,23,MCA,Final Year,Third Semester,Data Structures & Algorithms,Period_2,12,11,76.97,50.4,23.4,11.9,2,11.6,84.2,3,74.6,91.67,Regular
STU0098,Female,23,MCA,Final Year,Third Semester,Data Structures & Algorithms,Period_3,8,5,76.97,50.4,13.7,11.9,1,11.6,76.1,2,51.4,62.5,Defaulter
STU0098,Female,23,MCA,Final Year,Third Semester,Data Structures & Algorithms,Period_4,10,9,76.97,50.4,15.0,11.9,1,11.6,80.3,0,93.7,90.0,Regular
STU0098,Female,23,MCA,Final Year,Third Semester,Database Management Systems,Period_1,10,7,94.59,45.2,15.0,11.9,1,11.6,81.8,2,84.4,70.0,Defaulter
STU0098,Female,23,MCA,Final Year,Third Semester,Database Management Systems,Period_2,8,6,94.59,45.2,14.7,11.9,1,11.6,80.8,2,90.0,75.0,Regular
STU0098,Female,23,MCA,Final Year,Third Semester,Database Management Systems,Period_3,10,8,94.59,45.2,12.9,11.9,1,11.6,76.3,1,57.2,80.0,Regular
STU0098,Female,23,MCA,Final Year,Third Semester,Database Management Systems,Period_4,10,9,94.59,45.2,14.1,11.9,1,11.6,73.1,3,44.3,90.0,Regular
STU0098,Female,23,MCA,Final Year,Third Semester,Computer Networks,Period_1,8,7,88.02,63.7,13.1,11.9,0,11.6,75.9,1,76.5,87.5,Regular
STU0098,Female,23,MCA,Final Year,Third Semester,Computer Networks,Period_2,10,8,88.02,63.7,9.3,11.9,0,11.6,79.0,0,100.0,80.0,Regular
STU0098,Female,23,MCA,Final Year,Third Semester,Computer Networks,Period_3,9,8,88.02,63.7,10.0,11.9,1,11.6,83.3,2,69.8,88.89,Regular
STU0098,Female,23,MCA,Final Year,Third Semester,Computer Networks,Period_4,12,11,88.02,63.7,17.5,11.9,0,11.6,77.7,1,69.6,91.67,Regular
STU0098,Female,23,MCA,Final Year,Third Semester,Theory of Computation,Period_1,8,6,99.37,61.6,16.9,11.9,1,11.6,80.6,3,52.0,75.0,Regular
STU0098,Female,23,MCA,Final Year,Third Semester,Theory of Computation,Period_2,11,9,99.37,61.6,10.2,11.9,1,11.6,79.8,1,54.1,81.82,Regular
STU0098,Female,23,MCA,Final Year,Third Semester,Theory of Computation,Period_3,11,11,99.37,61.6,9.5,11.9,0,11.6,82.2,2,85.3,100.0,Regular
STU0098,Female,23,MCA,Final Year,Third Semester,Theory of Computation,Period_4,10,9,99.37,61.6,18.6,11.9,3,11.6,78.2,1,87.4,90.0,Regular
STU0098,Female,23,MCA,Final Year,Third Semester,Software Engineering,Period_1,11,9,84.42,43.1,17.2,11.9,1,11.6,76.4,2,58.3,81.82,Regular
STU0098,Female,23,MCA,Final Year,Third Semester,Software Engineering,Period_2,8,8,84.42,43.1,21.5,11.9,2,11.6,77.7,2,69.4,100.0,Regular
STU0098,Female,23,MCA,Final Year,Third Semester,Software Engineering,Period_3,9,7,84.42,43.1,11.8,11.9,0,11.6,78.3,3,76.7,77.78,Regular
STU0098,Female,23,MCA,Final Year,Third Semester,Software Engineering,Period_4,10,8,84.42,43.1,21.2,11.9,1,11.6,79.6,2,63.8,80.0,Regular
STU0099,Female,24,MCA,Final Year,Third Semester,Data Structures & Algorithms,Period_1,10,8,100.0,61.8,19.8,16.7,2,2.0,77.2,5,63.3,80.0,Regular
STU0099,Female,24,MCA,Final Year,Third Semester,Data Structures & Algorithms,Period_2,11,11,100.0,61.8,21.9,16.7,0,2.0,70.2,1,66.2,100.0,Regular
STU0099,Female,24,MCA,Final Year,Third Semester,Data Structures & Algorithms,Period_3,9,7,100.0,61.8,11.1,16.7,0,2.0,74.0,1,100.0,77.78,Regular
STU0099,Female,24,MCA,Final Year,Third Semester,Data Structures & Algorithms,Period_4,9,7,100.0,61.8,14.9,16.7,1,2.0,73.8,3,90.7,77.78,Regular
STU0099,Female,24,MCA,Final Year,Third Semester,Database Management Systems,Period_1,11,11,98.76,53.3,19.1,16.7,0,2.0,76.0,0,79.3,100.0,Regular
STU0099,Female,24,MCA,Final Year,Third Semester,Database Management Systems,Period_2,12,11,98.76,53.3,21.2,16.7,0,2.0,78.8,5,51.8,91.67,Regular
STU0099,Female,24,MCA,Final Year,Third Semester,Database Management Systems,Period_3,12,10,98.76,53.3,8.6,16.7,0,2.0,73.8,3,30.7,83.33,Regular
STU0099,Female,24,MCA,Final Year,Third Semester,Database Management Systems,Period_4,12,10,98.76,53.3,12.5,16.7,2,2.0,75.2,1,78.6,83.33,Regular
STU0099,Female,24,MCA,Final Year,Third Semester,Computer Networks,Period_1,9,9,76.2,61.3,28.1,16.7,1,2.0,67.8,3,40.6,100.0,Regular
STU0099,Female,24,MCA,Final Year,Third Semester,Computer Networks,Period_2,10,8,76.2,61.3,14.5,16.7,0,2.0,76.0,2,77.1,80.0,Regular
STU0099,Female,24,MCA,Final Year,Third Semester,Computer Networks,Period_3,9,9,76.2,61.3,26.5,16.7,2,2.0,79.3,2,72.8,100.0,Regular
STU0099,Female,24,MCA,Final Year,Third Semester,Computer Networks,Period_4,10,10,76.2,61.3,21.2,16.7,3,2.0,75.8,1,89.6,100.0,Regular
STU0099,Female,24,MCA,Final Year,Third Semester,Theory of Computation,Period_1,8,7,96.63,71.3,22.4,16.7,1,2.0,77.9,6,56.2,87.5,Regular
STU0099,Female,24,MCA,Final Year,Third Semester,Theory of Computation,Period_2,12,9,96.63,71.3,16.8,16.7,1,2.0,68.2,0,60.4,75.0,Regular
STU0099,Female,24,MCA,Final Year,Third Semester,Theory of Computation,Period_3,11,11,96.63,71.3,15.9,16.7,3,2.0,72.8,4,76.6,100.0,Regular
STU0099,Female,24,MCA,Final Year,Third Semester,Theory of Computation,Period_4,12,11,96.63,71.3,14.6,16.7,1,2.0,71.3,3,77.6,91.67,Regular
STU0099,Female,24,MCA,Final Year,Third Semester,Software Engineering,Period_1,9,7,75.92,69.4,11.6,16.7,2,2.0,75.4,0,75.0,77.78,Regular
STU0099,Female,24,MCA,Final Year,Third Semester,Software Engineering,Period_2,11,7,75.92,69.4,9.8,16.7,1,2.0,79.5,2,77.5,63.64,Defaulter
STU0099,Female,24,MCA,Final Year,Third Semester,Software Engineering,Period_3,10,9,75.92,69.4,16.9,16.7,1,2.0,77.0,4,69.3,90.0,Regular
STU0099,Female,24,MCA,Final Year,Third Semester,Software Engineering,Period_4,10,9,75.92,69.4,21.7,16.7,1,2.0,78.1,0,75.6,90.0,Regular
STU0100,Female,24,MCA,Final Year,Third Semester,Data Structures & Algorithms,Period_1,12,10,57.74,45.2,15.4,12.7,2,20.7,58.3,1,89.0,83.33,Regular
STU0100,Female,24,MCA,Final Year,Third Semester,Data Structures & Algorithms,Period_2,11,9,57.74,45.2,12.7,12.7,0,20.7,56.1,2,68.6,81.82,Regular
STU0100,Female,24,MCA,Final Year,Third Semester,Data Structures & Algorithms,Period_3,8,6,57.74,45.2,14.7,12.7,1,20.7,59.9,3,63.0,75.0,Regular
STU0100,Female,24,MCA,Final Year,Third Semester,Data Structures & Algorithms,Period_4,9,6,57.74,45.2,12.5,12.7,1,20.7,56.4,3,64.1,66.67,Defaulter
STU0100,Female,24,MCA,Final Year,Third Semester,Database Management Systems,Period_1,10,7,77.97,68.6,16.3,12.7,0,20.7,59.8,0,77.8,70.0,Defaulter
STU0100,Female,24,MCA,Final Year,Third Semester,Database Management Systems,Period_2,12,6,77.97,68.6,13.3,12.7,1,20.7,59.7,1,80.8,50.0,Defaulter
STU0100,Female,24,MCA,Final Year,Third Semester,Database Management Systems,Period_3,9,7,77.97,68.6,22.3,12.7,1,20.7,60.0,1,81.9,77.78,Regular
STU0100,Female,24,MCA,Final Year,Third Semester,Database Management Systems,Period_4,9,8,77.97,68.6,18.3,12.7,0,20.7,55.6,2,83.9,88.89,Regular
STU0100,Female,24,MCA,Final Year,Third Semester,Computer Networks,Period_1,12,9,73.28,48.5,16.1,12.7,0,20.7,58.5,2,33.7,75.0,Regular
STU0100,Female,24,MCA,Final Year,Third Semester,Computer Networks,Period_2,8,6,73.28,48.5,14.2,12.7,2,20.7,54.7,1,76.8,75.0,Regular
STU0100,Female,24,MCA,Final Year,Third Semester,Computer Networks,Period_3,8,7,73.28,48.5,14.5,12.7,3,20.7,60.3,1,84.7,87.5,Regular
STU0100,Female,24,MCA,Final Year,Third Semester,Computer Networks,Period_4,12,9,73.28,48.5,16.4,12.7,0,20.7,56.1,4,73.9,75.0,Regular
STU0100,Female,24,MCA,Final Year,Third Semester,Theory of Computation,Period_1,11,8,64.98,22.9,22.2,12.7,1,20.7,55.2,0,73.2,72.73,Defaulter
STU0100,Female,24,MCA,Final Year,Third Semester,Theory of Computation,Period_2,10,9,64.98,22.9,13.3,12.7,0,20.7,55.6,2,43.9,90.0,Regular
STU0100,Female,24,MCA,Final Year,Third Semester,Theory of Computation,Period_3,11,6,64.98,22.9,1.6,12.7,1,20.7,64.2,0,55.3,54.55,Defaulter
STU0100,Female,24,MCA,Final Year,Third Semester,Theory of Computation,Period_4,8,6,64.98,22.9,15.4,12.7,1,20.7,62.1,3,69.6,75.0,Regular
STU0100,Female,24,MCA,Final Year,Third Semester,Software Engineering,Period_1,12,8,62.32,52.6,5.8,12.7,1,20.7,61.5,0,100.0,66.67,Defaulter
STU0100,Female,24,MCA,Final Year,Third Semester,Software Engineering,Period_2,12,8,62.32,52.6,8.9,12.7,2,20.7,59.9,1,33.7,66.67,Defaulter
STU0100,Female,24,MCA,Final Year,Third Semester,Software Engineering,Period_3,10,8,62.32,52.6,13.5,12.7,1,20.7,54.9,3,53.0,80.0,Regular
STU0100,Female,24,MCA,Final Year,Third Semester,Software Engineering,Period_4,11,6,62.32,52.6,9.4,12.7,1,20.7,54.1,1,91.4,54.55,Defaulter
STU0101,Female,21,MCA,Final Year,Third Semester,Data Structures & Algorithms,Period_1,11,7,64.37,51.7,5.9,15.3,0,1.4,81.6,2,74.4,63.64,Defaulter
STU0101,Female,21,MCA,Final Year,Third Semester,Data Structures & Algorithms,Period_2,11,8,64.37,51.7,14.0,15.3,1,1.4,78.4,1,61.4,72.73,Defaulter
STU0101,Female,21,MCA,Final Year,Third Semester,Data Structures & Algorithms,Period_3,11,5,64.37,51.7,12.9,15.3,0,1.4,76.6,4,94.6,45.45,Defaulter
STU0101,Female,21,MCA,Final Year,Third Semester,Data Structures & Algorithms,Period_4,11,8,64.37,51.7,9.6,15.3,1,1.4,81.0,5,36.8,72.73,Defaulter
STU0101,Female,21,MCA,Final Year,Third Semester,Database Management Systems,Period_1,12,8,82.5,66.9,15.7,15.3,2,1.4,75.6,3,25.7,66.67,Defaulter
STU0101,Female,21,MCA,Final Year,Third Semester,Database Management Systems,Period_2,11,7,82.5,66.9,16.3,15.3,1,1.4,81.1,2,60.5,63.64,Defaulter
STU0101,Female,21,MCA,Final Year,Third Semester,Database Management Systems,Period_3,8,8,82.5,66.9,20.7,15.3,0,1.4,84.0,2,85.6,100.0,Regular
STU0101,Female,21,MCA,Final Year,Third Semester,Database Management Systems,Period_4,10,6,82.5,66.9,14.2,15.3,1,1.4,77.0,5,62.2,60.0,Defaulter
STU0101,Female,21,MCA,Final Year,Third Semester,Computer Networks,Period_1,9,6,69.31,75.8,5.6,15.3,0,1.4,78.2,3,90.2,66.67,Defaulter
STU0101,Female,21,MCA,Final Year,Third Semester,Computer Networks,Period_2,10,9,69.31,75.8,18.8,15.3,1,1.4,77.9,2,78.6,90.0,Regular
STU0101,Female,21,MCA,Final Year,Third Semester,Computer Networks,Period_3,11,8,69.31,75.8,22.5,15.3,0,1.4,78.4,1,58.4,72.73,Defaulter
STU0101,Female,21,MCA,Final Year,Third Semester,Computer Networks,Period_4,9,8,69.31,75.8,20.5,15.3,1,1.4,75.6,0,75.2,88.89,Regular
STU0101,Female,21,MCA,Final Year,Third Semester,Theory of Computation,Period_1,11,11,100.0,57.3,21.6,15.3,3,1.4,83.0,0,63.8,100.0,Regular
STU0101,Female,21,MCA,Final Year,Third Semester,Theory of Computation,Period_2,9,6,100.0,57.3,11.0,15.3,1,1.4,82.8,1,56.0,66.67,Defaulter
STU0101,Female,21,MCA,Final Year,Third Semester,Theory of Computation,Period_3,10,9,100.0,57.3,12.6,15.3,1,1.4,81.8,3,86.2,90.0,Regular
STU0101,Female,21,MCA,Final Year,Third Semester,Theory of Computation,Period_4,12,9,100.0,57.3,13.3,15.3,1,1.4,80.0,1,72.5,75.0,Regular
STU0101,Female,21,MCA,Final Year,Third Semester,Software Engineering,Period_1,12,5,73.36,60.3,13.2,15.3,0,1.4,76.5,0,68.8,41.67,Defaulter
STU0101,Female,21,MCA,Final Year,Third Semester,Software Engineering,Period_2,12,8,73.36,60.3,10.3,15.3,2,1.4,78.7,0,79.2,66.67,Defaulter
STU0101,Female,21,MCA,Final Year,Third Semester,Software Engineering,Period_3,9,6,73.36,60.3,18.6,15.3,0,1.4,81.7,1,43.4,66.67,Defaulter
STU0101,Female,21,MCA,Final Year,Third Semester,Software Engineering,Period_4,9,6,73.36,60.3,12.4,15.3,4,1.4,80.7,1,62.8,66.67,Defaulter
STU0102,Male,20,MCA,Final Year,Third Semester,Data Structures & Algorithms,Period_1,8,7,82.1,66.3,19.9,12.4,0,15.5,66.1,0,75.4,87.5,Regular
STU0102,Male,20,MCA,Final Year,Third Semester,Data Structures & Algorithms,Period_2,11,7,82.1,66.3,17.6,12.4,0,15.5,64.2,1,38.5,63.64,Defaulter
STU0102,Male,20,MCA,Final Year,Third Semester,Data Structures & Algorithms,Period_3,9,6,82.1,66.3,10.9,12.4,1,15.5,69.2,0,91.7,66.67,Defaulter
STU0102,Male,20,MCA,Final Year,Third Semester,Data Structures & Algorithms,Period_4,8,5,82.1,66.3,12.1,12.4,0,15.5,57.5,0,66.1,62.5,Defaulter
STU0102,Male,20,MCA,Final Year,Third Semester,Database Management Systems,Period_1,8,5,76.88,63.9,15.3,12.4,0,15.5,64.5,0,80.9,62.5,Defaulter
STU0102,Male,20,MCA,Final Year,Third Semester,Database Management Systems,Period_2,12,10,76.88,63.9,17.9,12.4,2,15.5,65.3,2,100.0,83.33,Regular
STU0102,Male,20,MCA,Final Year,Third Semester,Database Management Systems,Period_3,10,10,76.88,63.9,17.3,12.4,2,15.5,66.2,4,74.1,100.0,Regular
STU0102,Male,20,MCA,Final Year,Third Semester,Database Management Systems,Period_4,12,10,76.88,63.9,11.4,12.4,3,15.5,61.1,1,78.2,83.33,Regular
STU0102,Male,20,MCA,Final Year,Third Semester,Computer Networks,Period_1,10,8,80.1,59.9,19.2,12.4,2,15.5,64.5,2,50.0,80.0,Regular
STU0102,Male,20,MCA,Final Year,Third Semester,Computer Networks,Period_2,8,3,80.1,59.9,6.2,12.4,0,15.5,61.2,0,59.0,37.5,Defaulter
STU0102,Male,20,MCA,Final Year,Third Semester,Computer Networks,Period_3,8,6,80.1,59.9,14.0,12.4,0,15.5,63.8,5,49.6,75.0,Regular
STU0102,Male,20,MCA,Final Year,Third Semester,Computer Networks,Period_4,11,9,80.1,59.9,11.5,12.4,1,15.5,66.5,2,59.9,81.82,Regular
STU0102,Male,20,MCA,Final Year,Third Semester,Theory of Computation,Period_1,8,7,87.73,52.2,8.7,12.4,1,15.5,57.4,1,57.3,87.5,Regular
STU0102,Male,20,MCA,Final Year,Third Semester,Theory of Computation,Period_2,9,8,87.73,52.2,10.5,12.4,1,15.5,64.4,0,43.9,88.89,Regular
STU0102,Male,20,MCA,Final Year,Third Semester,Theory of Computation,Period_3,8,5,87.73,52.2,8.4,12.4,0,15.5,61.0,1,81.2,62.5,Defaulter
STU0102,Male,20,MCA,Final Year,Third Semester,Theory of Computation,Period_4,9,7,87.73,52.2,17.0,12.4,1,15.5,70.7,0,74.5,77.78,Regular
STU0102,Male,20,MCA,Final Year,Third Semester,Software Engineering,Period_1,8,7,87.08,70.4,15.7,12.4,2,15.5,64.0,1,58.5,87.5,Regular
STU0102,Male,20,MCA,Final Year,Third Semester,Software Engineering,Period_2,10,7,87.08,70.4,15.5,12.4,2,15.5,59.6,4,88.2,70.0,Defaulter
STU0102,Male,20,MCA,Final Year,Third Semester,Software Engineering,Period_3,10,9,87.08,70.4,13.2,12.4,1,15.5,64.3,2,86.7,90.0,Regular
STU0102,Male,20,MCA,Final Year,Third Semester,Software Engineering,Period_4,11,11,87.08,70.4,22.6,12.4,0,15.5,67.6,2,59.6,100.0,Regular
STU0103,Female,24,MCA,Final Year,Third Semester,Data Structures & Algorithms,Period_1,11,9,94.93,56.3,17.5,12.7,1,20.8,79.1,2,54.2,81.82,Regular
STU0103,Female,24,MCA,Final Year,Third Semester,Data Structures & Algorithms,Period_2,9,8,94.93,56.3,14.7,12.7,1,20.8,78.4,0,76.0,88.89,Regular
STU0103,Female,24,MCA,Final Year,Third Semester,Data Structures & Algorithms,Period_3,12,11,94.93,56.3,17.5,12.7,0,20.8,79.6,0,82.1,91.67,Regular
STU0103,Female,24,MCA,Final Year,Third Semester,Data Structures & Algorithms,Period_4,9,8,94.93,56.3,15.0,12.7,2,20.8,71.3,3,49.3,88.89,Regular
STU0103,Female,24,MCA,Final Year,Third Semester,Database Management Systems,Period_1,10,10,96.62,62.4,19.1,12.7,1,20.8,77.0,0,47.8,100.0,Regular
STU0103,Female,24,MCA,Final Year,Third Semester,Database Management Systems,Period_2,8,8,96.62,62.4,18.7,12.7,1,20.8,75.1,2,79.4,100.0,Regular
STU0103,Female,24,MCA,Final Year,Third Semester,Database Management Systems,Period_3,12,10,96.62,62.4,16.6,12.7,1,20.8,78.7,0,68.9,83.33,Regular
STU0103,Female,24,MCA,Final Year,Third Semester,Database Management Systems,Period_4,11,9,96.62,62.4,24.3,12.7,4,20.8,72.5,4,58.7,81.82,Regular
STU0103,Female,24,MCA,Final Year,Third Semester,Computer Networks,Period_1,10,8,76.7,74.1,16.1,12.7,0,20.8,73.7,2,37.5,80.0,Regular
STU0103,Female,24,MCA,Final Year,Third Semester,Computer Networks,Period_2,8,7,76.7,74.1,16.5,12.7,0,20.8,79.4,2,50.8,87.5,Regular
STU0103,Female,24,MCA,Final Year,Third Semester,Computer Networks,Period_3,12,12,76.7,74.1,16.5,12.7,1,20.8,82.7,1,81.8,100.0,Regular
STU0103,Female,24,MCA,Final Year,Third Semester,Computer Networks,Period_4,11,10,76.7,74.1,12.2,12.7,1,20.8,73.7,2,48.0,90.91,Regular
STU0103,Female,24,MCA,Final Year,Third Semester,Theory of Computation,Period_1,12,11,86.57,61.7,15.7,12.7,1,20.8,75.8,2,44.0,91.67,Regular
STU0103,Female,24,MCA,Final Year,Third Semester,Theory of Computation,Period_2,10,10,86.57,61.7,19.5,12.7,2,20.8,77.8,2,74.6,100.0,Regular
STU0103,Female,24,MCA,Final Year,Third Semester,Theory of Computation,Period_3,9,9,86.57,61.7,18.3,12.7,0,20.8,75.5,6,65.7,100.0,Regular
STU0103,Female,24,MCA,Final Year,Third Semester,Theory of Computation,Period_4,9,8,86.57,61.7,23.3,12.7,1,20.8,68.9,3,32.6,88.89,Regular
STU0103,Female,24,MCA,Final Year,Third Semester,Software Engineering,Period_1,9,9,91.81,71.1,15.7,12.7,2,20.8,70.7,4,39.3,100.0,Regular
STU0103,Female,24,MCA,Final Year,Third Semester,Software Engineering,Period_2,11,10,91.81,71.1,18.7,12.7,0,20.8,74.3,0,43.2,90.91,Regular
STU0103,Female,24,MCA,Final Year,Third Semester,Software Engineering,Period_3,9,7,91.81,71.1,10.3,12.7,3,20.8,77.3,2,29.1,77.78,Regular
STU0103,Female,24,MCA,Final Year,Third Semester,Software Engineering,Period_4,9,8,91.81,71.1,11.5,12.7,1,20.8,79.8,2,67.3,88.89,Regular
STU0104,Female,21,MCA,Final Year,Third Semester,Data Structures & Algorithms,Period_1,9,8,78.88,51.9,19.1,13.2,5,8.3,59.3,4,48.5,88.89,Regular
STU0104,Female,21,MCA,Final Year,Third Semester,Data Structures & Algorithms,Period_2,8,7,78.88,51.9,9.6,13.2,1,8.3,60.1,1,73.7,87.5,Regular
STU0104,Female,21,MCA,Final Year,Third Semester,Data Structures & Algorithms,Period_3,11,10,78.88,51.9,8.4,13.2,0,8.3,62.6,2,71.0,90.91,Regular
STU0104,Female,21,MCA,Final Year,Third Semester,Data Structures & Algorithms,Period_4,12,9,78.88,51.9,23.8,13.2,1,8.3,67.7,4,78.8,75.0,Regular
STU0104,Female,21,MCA,Final Year,Third Semester,Database Management Systems,Period_1,8,7,77.82,76.2,23.8,13.2,1,8.3,57.1,4,61.0,87.5,Regular
STU0104,Female,21,MCA,Final Year,Third Semester,Database Management Systems,Period_2,12,11,77.82,76.2,24.5,13.2,1,8.3,60.1,1,80.2,91.67,Regular
STU0104,Female,21,MCA,Final Year,Third Semester,Database Management Systems,Period_3,10,8,77.82,76.2,22.2,13.2,2,8.3,59.2,3,79.7,80.0,Regular
STU0104,Female,21,MCA,Final Year,Third Semester,Database Management Systems,Period_4,12,8,77.82,76.2,10.6,13.2,1,8.3,59.7,0,54.9,66.67,Defaulter
STU0104,Female,21,MCA,Final Year,Third Semester,Computer Networks,Period_1,9,7,74.26,76.0,20.1,13.2,0,8.3,60.4,1,60.3,77.78,Regular
STU0104,Female,21,MCA,Final Year,Third Semester,Computer Networks,Period_2,8,7,74.26,76.0,9.8,13.2,1,8.3,61.5,4,57.2,87.5,Regular
STU0104,Female,21,MCA,Final Year,Third Semester,Computer Networks,Period_3,9,4,74.26,76.0,10.5,13.2,2,8.3,57.2,3,45.9,44.44,Defaulter
STU0104,Female,21,MCA,Final Year,Third Semester,Computer Networks,Period_4,11,8,74.26,76.0,17.1,13.2,1,8.3,57.5,0,83.7,72.73,Defaulter
STU0104,Female,21,MCA,Final Year,Third Semester,Theory of Computation,Period_1,10,10,70.91,58.1,16.5,13.2,2,8.3,59.7,1,65.5,100.0,Regular
STU0104,Female,21,MCA,Final Year,Third Semester,Theory of Computation,Period_2,12,6,70.91,58.1,9.4,13.2,5,8.3,55.1,6,72.2,50.0,Defaulter
STU0104,Female,21,MCA,Final Year,Third Semester,Theory of Computation,Period_3,8,5,70.91,58.1,4.3,13.2,2,8.3,61.0,1,99.0,62.5,Defaulter
STU0104,Female,21,MCA,Final Year,Third Semester,Theory of Computation,Period_4,9,8,70.91,58.1,19.1,13.2,1,8.3,57.8,1,72.1,88.89,Regular
STU0104,Female,21,MCA,Final Year,Third Semester,Software Engineering,Period_1,12,10,71.52,67.4,18.9,13.2,2,8.3,62.7,0,66.1,83.33,Regular
STU0104,Female,21,MCA,Final Year,Third Semester,Software Engineering,Period_2,9,7,71.52,67.4,13.0,13.2,0,8.3,61.1,2,73.5,77.78,Regular
STU0104,Female,21,MCA,Final Year,Third Semester,Software Engineering,Period_3,11,10,71.52,67.4,21.7,13.2,1,8.3,59.2,2,74.0,90.91,Regular
STU0104,Female,21,MCA,Final Year,Third Semester,Software Engineering,Period_4,9,4,71.52,67.4,6.1,13.2,0,8.3,65.9,1,64.7,44.44,Defaulter
STU0105,Female,20,MCA,Final Year,Third Semester,Data Structures & Algorithms,Period_1,8,7,80.56,51.9,11.6,9.4,0,0.7,81.2,2,68.0,87.5,Regular
STU0105,Female,20,MCA,Final Year,Third Semester,Data Structures & Algorithms,Period_2,10,7,80.56,51.9,8.5,9.4,0,0.7,80.8,0,82.2,70.0,Defaulter
STU0105,Female,20,MCA,Final Year,Third Semester,Data Structures & Algorithms,Period_3,12,9,80.56,51.9,17.2,9.4,3,0.7,74.4,1,72.5,75.0,Regular
STU0105,Female,20,MCA,Final Year,Third Semester,Data Structures & Algorithms,Period_4,12,8,80.56,51.9,8.5,9.4,1,0.7,70.7,2,86.9,66.67,Defaulter
STU0105,Female,20,MCA,Final Year,Third Semester,Database Management Systems,Period_1,10,8,64.45,52.9,10.7,9.4,0,0.7,71.4,2,69.5,80.0,Regular
STU0105,Female,20,MCA,Final Year,Third Semester,Database Management Systems,Period_2,12,9,64.45,52.9,3.2,9.4,3,0.7,81.9,3,63.4,75.0,Regular
STU0105,Female,20,MCA,Final Year,Third Semester,Database Management Systems,Period_3,9,5,64.45,52.9,18.6,9.4,1,0.7,70.7,3,54.4,55.56,Defaulter
STU0105,Female,20,MCA,Final Year,Third Semester,Database Management Systems,Period_4,8,6,64.45,52.9,14.2,9.4,1,0.7,77.3,2,54.5,75.0,Regular
STU0105,Female,20,MCA,Final Year,Third Semester,Computer Networks,Period_1,9,7,71.98,34.4,2.1,9.4,2,0.7,71.1,2,83.0,77.78,Regular
STU0105,Female,20,MCA,Final Year,Third Semester,Computer Networks,Period_2,11,8,71.98,34.4,10.5,9.4,2,0.7,76.2,4,39.1,72.73,Defaulter
STU0105,Female,20,MCA,Final Year,Third Semester,Computer Networks,Period_3,10,5,71.98,34.4,6.1,9.4,1,0.7,78.8,0,68.6,50.0,Defaulter
STU0105,Female,20,MCA,Final Year,Third Semester,Computer Networks,Period_4,11,10,71.98,34.4,15.7,9.4,1,0.7,82.7,2,69.4,90.91,Regular
STU0105,Female,20,MCA,Final Year,Third Semester,Theory of Computation,Period_1,11,8,63.31,32.7,13.1,9.4,0,0.7,78.9,2,54.0,72.73,Defaulter
STU0105,Female,20,MCA,Final Year,Third Semester,Theory of Computation,Period_2,11,5,63.31,32.7,14.7,9.4,0,0.7,69.0,0,66.5,45.45,Defaulter
STU0105,Female,20,MCA,Final Year,Third Semester,Theory of Computation,Period_3,11,7,63.31,32.7,16.5,9.4,0,0.7,84.5,2,67.9,63.64,Defaulter
STU0105,Female,20,MCA,Final Year,Third Semester,Theory of Computation,Period_4,11,8,63.31,32.7,14.8,9.4,1,0.7,77.2,2,53.5,72.73,Defaulter
STU0105,Female,20,MCA,Final Year,Third Semester,Software Engineering,Period_1,9,6,64.28,46.1,13.1,9.4,0,0.7,78.8,1,80.7,66.67,Defaulter
STU0105,Female,20,MCA,Final Year,Third Semester,Software Engineering,Period_2,9,6,64.28,46.1,12.2,9.4,1,0.7,76.1,0,54.3,66.67,Defaulter
STU0105,Female,20,MCA,Final Year,Third Semester,Software Engineering,Period_3,10,5,64.28,46.1,10.2,9.4,1,0.7,75.8,1,72.0,50.0,Defaulter
STU0105,Female,20,MCA,Final Year,Third Semester,Software Engineering,Period_4,11,6,64.28,46.1,2.0,9.4,1,0.7,75.5,1,83.1,54.55,Defaulter
STU0106,Male,25,MCA,Final Year,Third Semester,Data Structures & Algorithms,Period_1,12,10,49.37,69.4,15.0,15.1,0,4.0,32.8,2,47.2,83.33,Regular
STU0106,Male,25,MCA,Final Year,Third Semester,Data Structures & Algorithms,Period_2,11,7,49.37,69.4,18.3,15.1,1,4.0,31.2,3,58.9,63.64,Defaulter
STU0106,Male,25,MCA,Final Year,Third Semester,Data Structures & Algorithms,Period_3,9,3,49.37,69.4,0.0,15.1,1,4.0,24.1,2,66.9,33.33,Defaulter
STU0106,Male,25,MCA,Final Year,Third Semester,Data Structures & Algorithms,Period_4,12,4,49.37,69.4,4.1,15.1,0,4.0,33.3,0,70.5,33.33,Defaulter
STU0106,Male,25,MCA,Final Year,Third Semester,Database Management Systems,Period_1,8,3,42.36,53.4,11.0,15.1,0,4.0,26.4,1,66.2,37.5,Defaulter
STU0106,Male,25,MCA,Final Year,Third Semester,Database Management Systems,Period_2,12,7,42.36,53.4,12.2,15.1,2,4.0,29.8,3,72.5,58.33,Defaulter
STU0106,Male,25,MCA,Final Year,Third Semester,Database Management Systems,Period_3,10,8,42.36,53.4,14.2,15.1,1,4.0,26.3,4,68.0,80.0,Regular
STU0106,Male,25,MCA,Final Year,Third Semester,Database Management Systems,Period_4,12,4,42.36,53.4,8.9,15.1,3,4.0,31.7,1,69.8,33.33,Defaulter
STU0106,Male,25,MCA,Final Year,Third Semester,Computer Networks,Period_1,12,6,74.01,62.5,18.6,15.1,0,4.0,36.9,2,77.0,50.0,Defaulter
STU0106,Male,25,MCA,Final Year,Third Semester,Computer Networks,Period_2,12,8,74.01,62.5,10.5,15.1,0,4.0,32.1,2,53.1,66.67,Defaulter
STU0106,Male,25,MCA,Final Year,Third Semester,Computer Networks,Period_3,11,7,74.01,62.5,8.1,15.1,1,4.0,28.2,2,89.8,63.64,Defaulter
STU0106,Male,25,MCA,Final Year,Third Semester,Computer Networks,Period_4,8,5,74.01,62.5,12.6,15.1,0,4.0,21.9,2,95.0,62.5,Defaulter
STU0106,Male,25,MCA,Final Year,Third Semester,Theory of Computation,Period_1,12,6,57.03,43.9,7.8,15.1,4,4.0,29.5,3,55.1,50.0,Defaulter
STU0106,Male,25,MCA,Final Year,Third Semester,Theory of Computation,Period_2,9,6,57.03,43.9,12.0,15.1,1,4.0,32.8,1,80.6,66.67,Defaulter
STU0106,Male,25,MCA,Final Year,Third Semester,Theory of Computation,Period_3,9,8,57.03,43.9,19.4,15.1,0,4.0,24.7,3,77.8,88.89,Regular
STU0106,Male,25,MCA,Final Year,Third Semester,Theory of Computation,Period_4,9,4,57.03,43.9,7.3,15.1,0,4.0,29.2,3,66.0,44.44,Defaulter
STU0106,Male,25,MCA,Final Year,Third Semester,Software Engineering,Period_1,10,9,53.11,85.5,17.4,15.1,1,4.0,24.0,1,75.6,90.0,Regular
STU0106,Male,25,MCA,Final Year,Third Semester,Software Engineering,Period_2,10,7,53.11,85.5,14.0,15.1,1,4.0,31.4,6,62.4,70.0,Defaulter
STU0106,Male,25,MCA,Final Year,Third Semester,Software Engineering,Period_3,8,4,53.11,85.5,10.6,15.1,1,4.0,26.3,1,81.4,50.0,Defaulter
STU0106,Male,25,MCA,Final Year,Third Semester,Software Engineering,Period_4,11,8,53.11,85.5,18.4,15.1,0,4.0,33.0,1,63.0,72.73,Defaulter
STU0107,Female,25,MCA,Final Year,Third Semester,Data Structures & Algorithms,Period_1,10,3,41.29,39.0,1.7,9.1,2,4.0,46.4,3,100.0,30.0,Defaulter
STU0107,Female,25,MCA,Final Year,Third Semester,Data Structures & Algorithms,Period_2,10,6,41.29,39.0,10.5,9.1,3,4.0,45.2,2,65.1,60.0,Defaulter
STU0107,Female,25,MCA,Final Year,Third Semester,Data Structures & Algorithms,Period_3,8,4,41.29,39.0,9.4,9.1,2,4.0,49.4,2,97.6,50.0,Defaulter
STU0107,Female,25,MCA,Final Year,Third Semester,Data Structures & Algorithms,Period_4,8,4,41.29,39.0,14.4,9.1,5,4.0,51.6,1,90.1,50.0,Defaulter
STU0107,Female,25,MCA,Final Year,Third Semester,Database Management Systems,Period_1,11,9,47.8,43.3,18.3,9.1,1,4.0,52.1,1,42.6,81.82,Regular
STU0107,Female,25,MCA,Final Year,Third Semester,Database Management Systems,Period_2,8,2,47.8,43.3,3.0,9.1,1,4.0,49.4,3,67.7,25.0,Defaulter
STU0107,Female,25,MCA,Final Year,Third Semester,Database Management Systems,Period_3,10,2,47.8,43.3,1.6,9.1,1,4.0,44.2,0,80.9,20.0,Defaulter
STU0107,Female,25,MCA,Final Year,Third Semester,Database Management Systems,Period_4,8,3,47.8,43.3,0.0,9.1,4,4.0,49.4,2,46.8,37.5,Defaulter
STU0107,Female,25,MCA,Final Year,Third Semester,Computer Networks,Period_1,11,3,63.42,21.3,6.0,9.1,0,4.0,47.3,1,52.8,27.27,Defaulter
STU0107,Female,25,MCA,Final Year,Third Semester,Computer Networks,Period_2,10,5,63.42,21.3,8.5,9.1,1,4.0,53.5,1,50.5,50.0,Defaulter
STU0107,Female,25,MCA,Final Year,Third Semester,Computer Networks,Period_3,9,4,63.42,21.3,0.0,9.1,2,4.0,45.4,1,100.0,44.44,Defaulter
STU0107,Female,25,MCA,Final Year,Third Semester,Computer Networks,Period_4,8,4,63.42,21.3,4.4,9.1,0,4.0,50.3,0,82.4,50.0,Defaulter
STU0107,Female,25,MCA,Final Year,Third Semester,Theory of Computation,Period_1,9,6,58.17,61.2,11.7,9.1,2,4.0,52.0,4,95.2,66.67,Defaulter
STU0107,Female,25,MCA,Final Year,Third Semester,Theory of Computation,Period_2,8,4,58.17,61.2,6.3,9.1,1,4.0,52.8,1,48.4,50.0,Defaulter
STU0107,Female,25,MCA,Final Year,Third Semester,Theory of Computation,Period_3,10,5,58.17,61.2,8.8,9.1,0,4.0,55.8,3,58.3,50.0,Defaulter
STU0107,Female,25,MCA,Final Year,Third Semester,Theory of Computation,Period_4,8,3,58.17,61.2,2.5,9.1,1,4.0,45.7,0,89.4,37.5,Defaulter
STU0107,Female,25,MCA,Final Year,Third Semester,Software Engineering,Period_1,8,5,53.88,56.6,16.1,9.1,0,4.0,49.8,1,54.1,62.5,Defaulter
STU0107,Female,25,MCA,Final Year,Third Semester,Software Engineering,Period_2,9,5,53.88,56.6,13.3,9.1,1,4.0,55.1,3,72.2,55.56,Defaulter
STU0107,Female,25,MCA,Final Year,Third Semester,Software Engineering,Period_3,8,3,53.88,56.6,12.2,9.1,1,4.0,42.4,2,62.7,37.5,Defaulter
STU0107,Female,25,MCA,Final Year,Third Semester,Software Engineering,Period_4,10,5,53.88,56.6,5.5,9.1,5,4.0,48.6,3,66.7,50.0,Defaulter
STU0108,Male,25,MCA,Final Year,Third Semester,Data Structures & Algorithms,Period_1,9,6,93.85,53.8,11.2,15.1,0,7.9,95.0,5,77.9,66.67,Defaulter
STU0108,Male,25,MCA,Final Year,Third Semester,Data Structures & Algorithms,Period_2,8,5,93.85,53.8,13.9,15.1,0,7.9,91.7,2,76.9,62.5,Defaulter
STU0108,Male,25,MCA,Final Year,Third Semester,Data Structures & Algorithms,Period_3,12,9,93.85,53.8,15.8,15.1,0,7.9,88.4,3,63.2,75.0,Regular
STU0108,Male,25,MCA,Final Year,Third Semester,Data Structures & Algorithms,Period_4,11,11,93.85,53.8,19.3,15.1,1,7.9,91.6,4,42.3,100.0,Regular
STU0108,Male,25,MCA,Final Year,Third Semester,Database Management Systems,Period_1,11,10,94.43,62.6,14.6,15.1,1,7.9,88.7,2,91.6,90.91,Regular
STU0108,Male,25,MCA,Final Year,Third Semester,Database Management Systems,Period_2,11,10,94.43,62.6,11.8,15.1,1,7.9,88.9,2,41.6,90.91,Regular
STU0108,Male,25,MCA,Final Year,Third Semester,Database Management Systems,Period_3,8,8,94.43,62.6,22.2,15.1,0,7.9,91.0,3,48.8,100.0,Regular
STU0108,Male,25,MCA,Final Year,Third Semester,Database Management Systems,Period_4,11,10,94.43,62.6,19.7,15.1,0,7.9,94.2,1,81.2,90.91,Regular
STU0108,Male,25,MCA,Final Year,Third Semester,Computer Networks,Period_1,10,10,89.95,55.5,18.9,15.1,1,7.9,89.8,1,60.3,100.0,Regular
STU0108,Male,25,MCA,Final Year,Third Semester,Computer Networks,Period_2,10,8,89.95,55.5,11.4,15.1,1,7.9,92.8,1,90.6,80.0,Regular
STU0108,Male,25,MCA,Final Year,Third Semester,Computer Networks,Period_3,12,11,89.95,55.5,21.5,15.1,2,7.9,89.3,0,58.2,91.67,Regular
STU0108,Male,25,MCA,Final Year,Third Semester,Computer Networks,Period_4,12,12,89.95,55.5,19.3,15.1,2,7.9,89.6,0,85.1,100.0,Regular
STU0108,Male,25,MCA,Final Year,Third Semester,Theory of Computation,Period_1,12,11,98.81,46.1,21.1,15.1,0,7.9,92.5,1,82.2,91.67,Regular
STU0108,Male,25,MCA,Final Year,Third Semester,Theory of Computation,Period_2,11,9,98.81,46.1,18.2,15.1,1,7.9,94.0,3,63.1,81.82,Regular
STU0108,Male,25,MCA,Final Year,Third Semester,Theory of Computation,Period_3,11,7,98.81,46.1,5.5,15.1,1,7.9,94.9,3,50.3,63.64,Defaulter
STU0108,Male,25,MCA,Final Year,Third Semester,Theory of Computation,Period_4,10,9,98.81,46.1,16.4,15.1,2,7.9,86.2,0,46.8,90.0,Regular
STU0108,Male,25,MCA,Final Year,Third Semester,Software Engineering,Period_1,9,8,87.5,40.2,15.3,15.1,2,7.9,89.6,1,100.0,88.89,Regular
STU0108,Male,25,MCA,Final Year,Third Semester,Software Engineering,Period_2,9,9,87.5,40.2,18.6,15.1,1,7.9,94.8,4,72.3,100.0,Regular
STU0108,Male,25,MCA,Final Year,Third Semester,Software Engineering,Period_3,8,7,87.5,40.2,14.9,15.1,3,7.9,96.4,4,79.9,87.5,Regular
STU0108,Male,25,MCA,Final Year,Third Semester,Software Engineering,Period_4,12,11,87.5,40.2,22.0,15.1,1,7.9,98.1,0,94.7,91.67,Regular
STU0109,Male,24,MCA,Final Year,Third Semester,Data Structures & Algorithms,Period_1,8,6,74.42,55.5,14.2,15.0,0,7.5,71.9,3,77.3,75.0,Regular
STU0109,Male,24,MCA,Final Year,Third Semester,Data Structures & Algorithms,Period_2,11,11,74.42,55.5,18.0,15.0,0,7.5,66.6,1,34.1,100.0,Regular
STU0109,Male,24,MCA,Final Year,Third Semester,Data Structures & Algorithms,Period_3,8,6,74.42,55.5,13.3,15.0,1,7.5,73.9,2,65.0,75.0,Regular
STU0109,Male,24,MCA,Final Year,Third Semester,Data Structures & Algorithms,Period_4,9,9,74.42,55.5,23.6,15.0,0,7.5,70.6,1,66.8,100.0,Regular
STU0109,Male,24,MCA,Final Year,Third Semester,Database Management Systems,Period_1,9,5,76.18,54.0,11.5,15.0,0,7.5,74.8,1,74.4,55.56,Defaulter
STU0109,Male,24,MCA,Final Year,Third Semester,Database Management Systems,Period_2,8,7,76.18,54.0,17.0,15.0,2,7.5,71.8,6,44.4,87.5,Regular
STU0109,Male,24,MCA,Final Year,Third Semester,Database Management Systems,Period_3,8,7,76.18,54.0,21.2,15.0,1,7.5,74.4,0,95.9,87.5,Regular
STU0109,Male,24,MCA,Final Year,Third Semester,Database Management Systems,Period_4,8,6,76.18,54.0,9.4,15.0,3,7.5,69.7,2,76.0,75.0,Regular
STU0109,Male,24,MCA,Final Year,Third Semester,Computer Networks,Period_1,10,10,74.88,66.9,19.4,15.0,2,7.5,74.5,4,76.8,100.0,Regular
STU0109,Male,24,MCA,Final Year,Third Semester,Computer Networks,Period_2,12,8,74.88,66.9,13.4,15.0,0,7.5,71.8,4,63.4,66.67,Defaulter
STU0109,Male,24,MCA,Final Year,Third Semester,Computer Networks,Period_3,11,10,74.88,66.9,15.7,15.0,1,7.5,72.0,2,87.5,90.91,Regular
STU0109,Male,24,MCA,Final Year,Third Semester,Computer Networks,Period_4,12,12,74.88,66.9,15.9,15.0,1,7.5,72.8,2,100.0,100.0,Regular
STU0109,Male,24,MCA,Final Year,Third Semester,Theory of Computation,Period_1,9,7,88.48,75.8,20.0,15.0,0,7.5,73.3,0,65.8,77.78,Regular
STU0109,Male,24,MCA,Final Year,Third Semester,Theory of Computation,Period_2,9,6,88.48,75.8,2.1,15.0,0,7.5,73.4,2,33.8,66.67,Defaulter
STU0109,Male,24,MCA,Final Year,Third Semester,Theory of Computation,Period_3,8,5,88.48,75.8,11.8,15.0,1,7.5,71.3,2,79.6,62.5,Defaulter
STU0109,Male,24,MCA,Final Year,Third Semester,Theory of Computation,Period_4,8,7,88.48,75.8,18.4,15.0,3,7.5,72.9,2,57.6,87.5,Regular
STU0109,Male,24,MCA,Final Year,Third Semester,Software Engineering,Period_1,12,10,78.66,49.3,15.3,15.0,0,7.5,74.3,0,61.1,83.33,Regular
STU0109,Male,24,MCA,Final Year,Third Semester,Software Engineering,Period_2,9,8,78.66,49.3,16.9,15.0,0,7.5,76.0,4,63.7,88.89,Regular
STU0109,Male,24,MCA,Final Year,Third Semester,Software Engineering,Period_3,11,9,78.66,49.3,3.7,15.0,0,7.5,77.9,4,74.6,81.82,Regular
STU0109,Male,24,MCA,Final Year,Third Semester,Software Engineering,Period_4,12,7,78.66,49.3,8.6,15.0,1,7.5,75.1,2,84.7,58.33,Defaulter
STU0110,Male,23,MCA,Final Year,Third Semester,Data Structures & Algorithms,Period_1,9,4,42.51,57.3,17.7,10.8,0,6.7,44.3,1,67.6,44.44,Defaulter
STU0110,Male,23,MCA,Final Year,Third Semester,Data Structures & Algorithms,Period_2,9,5,42.51,57.3,10.9,10.8,1,6.7,39.5,2,65.4,55.56,Defaulter
STU0110,Male,23,MCA,Final Year,Third Semester,Data Structures & Algorithms,Period_3,12,7,42.51,57.3,13.1,10.8,0,6.7,42.0,0,52.3,58.33,Defaulter
STU0110,Male,23,MCA,Final Year,Third Semester,Data Structures & Algorithms,Period_4,8,1,42.51,57.3,0.0,10.8,2,6.7,43.8,3,54.7,12.5,Defaulter
STU0110,Male,23,MCA,Final Year,Third Semester,Database Management Systems,Period_1,12,7,44.18,45.1,12.9,10.8,1,6.7,37.9,1,74.1,58.33,Defaulter
STU0110,Male,23,MCA,Final Year,Third Semester,Database Management Systems,Period_2,12,4,44.18,45.1,6.9,10.8,2,6.7,38.8,1,34.2,33.33,Defaulter
STU0110,Male,23,MCA,Final Year,Third Semester,Database Management Systems,Period_3,10,5,44.18,45.1,0.5,10.8,0,6.7,35.0,2,40.9,50.0,Defaulter
STU0110,Male,23,MCA,Final Year,Third Semester,Database Management Systems,Period_4,12,4,44.18,45.1,3.6,10.8,1,6.7,39.3,2,73.6,33.33,Defaulter
STU0110,Male,23,MCA,Final Year,Third Semester,Computer Networks,Period_1,10,4,46.35,40.0,15.1,10.8,1,6.7,38.3,2,82.4,40.0,Defaulter
STU0110,Male,23,MCA,Final Year,Third Semester,Computer Networks,Period_2,12,8,46.35,40.0,17.7,10.8,0,6.7,34.4,3,30.8,66.67,Defaulter
STU0110,Male,23,MCA,Final Year,Third Semester,Computer Networks,Period_3,11,4,46.35,40.0,11.6,10.8,0,6.7,42.6,3,60.2,36.36,Defaulter
STU0110,Male,23,MCA,Final Year,Third Semester,Computer Networks,Period_4,8,3,46.35,40.0,9.9,10.8,0,6.7,38.2,7,72.7,37.5,Defaulter
STU0110,Male,23,MCA,Final Year,Third Semester,Theory of Computation,Period_1,11,8,50.99,46.4,15.1,10.8,0,6.7,36.8,1,68.8,72.73,Defaulter
STU0110,Male,23,MCA,Final Year,Third Semester,Theory of Computation,Period_2,12,8,50.99,46.4,14.4,10.8,0,6.7,42.5,1,83.5,66.67,Defaulter
STU0110,Male,23,MCA,Final Year,Third Semester,Theory of Computation,Period_3,11,5,50.99,46.4,5.3,10.8,2,6.7,36.6,2,59.6,45.45,Defaulter
STU0110,Male,23,MCA,Final Year,Third Semester,Theory of Computation,Period_4,8,3,50.99,46.4,14.9,10.8,1,6.7,42.6,3,42.8,37.5,Defaulter
STU0110,Male,23,MCA,Final Year,Third Semester,Software Engineering,Period_1,11,5,38.0,31.3,16.3,10.8,1,6.7,37.3,0,50.6,45.45,Defaulter
STU0110,Male,23,MCA,Final Year,Third Semester,Software Engineering,Period_2,10,4,38.0,31.3,2.4,10.8,2,6.7,36.9,0,81.3,40.0,Defaulter
STU0110,Male,23,MCA,Final Year,Third Semester,Software Engineering,Period_3,8,5,38.0,31.3,19.5,10.8,0,6.7,38.8,2,88.1,62.5,Defaulter
STU0110,Male,23,MCA,Final Year,Third Semester,Software Engineering,Period_4,11,4,38.0,31.3,4.1,10.8,1,6.7,35.4,3,86.6,36.36,Defaulter
STU0111,Male,24,MCA,Final Year,Third Semester,Data Structures & Algorithms,Period_1,11,7,68.29,58.0,11.3,13.7,1,8.9,64.9,0,63.3,63.64,Defaulter
STU0111,Male,24,MCA,Final Year,Third Semester,Data Structures & Algorithms,Period_2,9,6,68.29,58.0,12.3,13.7,1,8.9,63.6,2,70.2,66.67,Defaulter
STU0111,Male,24,MCA,Final Year,Third Semester,Data Structures & Algorithms,Period_3,10,9,68.29,58.0,22.9,13.7,1,8.9,65.2,0,46.8,90.0,Regular
STU0111,Male,24,MCA,Final Year,Third Semester,Data Structures & Algorithms,Period_4,8,5,68.29,58.0,14.6,13.7,3,8.9,61.8,0,59.0,62.5,Defaulter
STU0111,Male,24,MCA,Final Year,Third Semester,Database Management Systems,Period_1,10,6,74.2,58.4,14.8,13.7,1,8.9,70.7,1,51.7,60.0,Defaulter
STU0111,Male,24,MCA,Final Year,Third Semester,Database Management Systems,Period_2,9,5,74.2,58.4,13.8,13.7,1,8.9,65.0,4,75.5,55.56,Defaulter
STU0111,Male,24,MCA,Final Year,Third Semester,Database Management Systems,Period_3,12,9,74.2,58.4,6.3,13.7,0,8.9,62.7,1,79.0,75.0,Regular
STU0111,Male,24,MCA,Final Year,Third Semester,Database Management Systems,Period_4,9,6,74.2,58.4,8.1,13.7,1,8.9,63.7,5,54.0,66.67,Defaulter
STU0111,Male,24,MCA,Final Year,Third Semester,Computer Networks,Period_1,11,9,73.12,54.5,7.8,13.7,1,8.9,65.2,0,67.8,81.82,Regular
STU0111,Male,24,MCA,Final Year,Third Semester,Computer Networks,Period_2,9,7,73.12,54.5,23.9,13.7,0,8.9,59.6,3,80.1,77.78,Regular
STU0111,Male,24,MCA,Final Year,Third Semester,Computer Networks,Period_3,12,6,73.12,54.5,6.6,13.7,0,8.9,64.3,0,77.7,50.0,Defaulter
STU0111,Male,24,MCA,Final Year,Third Semester,Computer Networks,Period_4,12,6,73.12,54.5,6.1,13.7,0,8.9,59.7,1,61.8,50.0,Defaulter
STU0111,Male,24,MCA,Final Year,Third Semester,Theory of Computation,Period_1,9,6,63.76,44.4,17.2,13.7,1,8.9,62.6,3,72.9,66.67,Defaulter
STU0111,Male,24,MCA,Final Year,Third Semester,Theory of Computation,Period_2,11,9,63.76,44.4,18.0,13.7,3,8.9,57.9,0,86.4,81.82,Regular
STU0111,Male,24,MCA,Final Year,Third Semester,Theory of Computation,Period_3,12,9,63.76,44.4,13.7,13.7,1,8.9,63.1,2,73.3,75.0,Regular
STU0111,Male,24,MCA,Final Year,Third Semester,Theory of Computation,Period_4,10,5,63.76,44.4,13.7,13.7,1,8.9,68.1,2,58.1,50.0,Defaulter
STU0111,Male,24,MCA,Final Year,Third Semester,Software Engineering,Period_1,8,6,63.62,44.5,24.9,13.7,1,8.9,59.0,3,47.5,75.0,Regular
STU0111,Male,24,MCA,Final Year,Third Semester,Software Engineering,Period_2,12,10,63.62,44.5,10.8,13.7,0,8.9,71.8,3,55.1,83.33,Regular
STU0111,Male,24,MCA,Final Year,Third Semester,Software Engineering,Period_3,12,10,63.62,44.5,18.9,13.7,1,8.9,65.3,1,79.7,83.33,Regular
STU0111,Male,24,MCA,Final Year,Third Semester,Software Engineering,Period_4,9,5,63.62,44.5,10.8,13.7,1,8.9,63.7,1,50.8,55.56,Defaulter
STU0112,Female,21,MCA,Final Year,Third Semester,Data Structures & Algorithms,Period_1,9,9,90.95,56.8,30.0,16.9,1,2.4,84.1,3,70.9,100.0,Regular
STU0112,Female,21,MCA,Final Year,Third Semester,Data Structures & Algorithms,Period_2,9,8,90.95,56.8,14.7,16.9,3,2.4,80.0,2,57.9,88.89,Regular
STU0112,Female,21,MCA,Final Year,Third Semester,Data Structures & Algorithms,Period_3,8,7,90.95,56.8,22.6,16.9,1,2.4,84.7,1,76.2,87.5,Regular
STU0112,Female,21,MCA,Final Year,Third Semester,Data Structures & Algorithms,Period_4,12,12,90.95,56.8,21.6,16.9,1,2.4,77.1,4,21.8,100.0,Regular
STU0112,Female,21,MCA,Final Year,Third Semester,Database Management Systems,Period_1,11,10,94.81,65.6,22.5,16.9,0,2.4,81.4,4,81.5,90.91,Regular
STU0112,Female,21,MCA,Final Year,Third Semester,Database Management Systems,Period_2,10,9,94.81,65.6,25.9,16.9,0,2.4,79.4,6,54.3,90.0,Regular
STU0112,Female,21,MCA,Final Year,Third Semester,Database Management Systems,Period_3,9,9,94.81,65.6,19.1,16.9,1,2.4,84.2,0,87.4,100.0,Regular
STU0112,Female,21,MCA,Final Year,Third Semester,Database Management Systems,Period_4,9,8,94.81,65.6,17.8,16.9,3,2.4,84.1,2,100.0,88.89,Regular
STU0112,Female,21,MCA,Final Year,Third Semester,Computer Networks,Period_1,12,12,95.55,42.7,18.8,16.9,1,2.4,78.8,2,38.7,100.0,Regular
STU0112,Female,21,MCA,Final Year,Third Semester,Computer Networks,Period_2,12,12,95.55,42.7,22.3,16.9,2,2.4,86.8,0,61.6,100.0,Regular
STU0112,Female,21,MCA,Final Year,Third Semester,Computer Networks,Period_3,9,8,95.55,42.7,9.4,16.9,1,2.4,92.7,1,75.3,88.89,Regular
STU0112,Female,21,MCA,Final Year,Third Semester,Computer Networks,Period_4,10,10,95.55,42.7,19.3,16.9,2,2.4,87.8,6,61.4,100.0,Regular
STU0112,Female,21,MCA,Final Year,Third Semester,Theory of Computation,Period_1,12,7,89.21,62.5,7.0,16.9,0,2.4,81.1,2,75.5,58.33,Defaulter
STU0112,Female,21,MCA,Final Year,Third Semester,Theory of Computation,Period_2,9,9,89.21,62.5,20.7,16.9,1,2.4,81.2,3,73.3,100.0,Regular
STU0112,Female,21,MCA,Final Year,Third Semester,Theory of Computation,Period_3,8,7,89.21,62.5,13.7,16.9,2,2.4,81.5,2,53.6,87.5,Regular
STU0112,Female,21,MCA,Final Year,Third Semester,Theory of Computation,Period_4,10,10,89.21,62.5,21.8,16.9,2,2.4,82.7,3,55.9,100.0,Regular
STU0112,Female,21,MCA,Final Year,Third Semester,Software Engineering,Period_1,9,9,93.93,74.6,17.1,16.9,3,2.4,81.3,2,86.2,100.0,Regular
STU0112,Female,21,MCA,Final Year,Third Semester,Software Engineering,Period_2,9,7,93.93,74.6,12.4,16.9,1,2.4,82.1,2,87.4,77.78,Regular
STU0112,Female,21,MCA,Final Year,Third Semester,Software Engineering,Period_3,9,8,93.93,74.6,21.7,16.9,0,2.4,82.3,2,79.7,88.89,Regular
STU0112,Female,21,MCA,Final Year,Third Semester,Software Engineering,Period_4,8,6,93.93,74.6,14.1,16.9,2,2.4,78.9,1,56.4,75.0,Regular
STU0113,Male,23,MCA,Final Year,Third Semester,Data Structures & Algorithms,Period_1,8,4,75.55,72.8,3.5,13.3,1,4.5,60.7,2,64.1,50.0,Defaulter
STU0113,Male,23,MCA,Final Year,Third Semester,Data Structures & Algorithms,Period_2,12,8,75.55,72.8,7.2,13.3,2,4.5,57.0,2,89.3,66.67,Defaulter
STU0113,Male,23,MCA,Final Year,Third Semester,Data Structures & Algorithms,Period_3,12,9,75.55,72.8,7.4,13.3,2,4.5,58.1,2,66.3,75.0,Regular
STU0113,Male,23,MCA,Final Year,Third Semester,Data Structures & Algorithms,Period_4,8,7,75.55,72.8,15.1,13.3,1,4.5,53.5,2,61.7,87.5,Regular
STU0113,Male,23,MCA,Final Year,Third Semester,Database Management Systems,Period_1,8,5,75.42,57.0,20.5,13.3,1,4.5,52.5,2,100.0,62.5,Defaulter
STU0113,Male,23,MCA,Final Year,Third Semester,Database Management Systems,Period_2,10,6,75.42,57.0,14.5,13.3,3,4.5,51.7,3,58.8,60.0,Defaulter
STU0113,Male,23,MCA,Final Year,Third Semester,Database Management Systems,Period_3,12,9,75.42,57.0,13.7,13.3,2,4.5,62.0,3,40.7,75.0,Regular
STU0113,Male,23,MCA,Final Year,Third Semester,Database Management Systems,Period_4,10,5,75.42,57.0,15.0,13.3,1,4.5,53.9,2,48.5,50.0,Defaulter
STU0113,Male,23,MCA,Final Year,Third Semester,Computer Networks,Period_1,11,10,71.57,58.4,10.4,13.3,1,4.5,58.1,1,80.2,90.91,Regular
STU0113,Male,23,MCA,Final Year,Third Semester,Computer Networks,Period_2,8,6,71.57,58.4,13.7,13.3,3,4.5,57.2,0,65.6,75.0,Regular
STU0113,Male,23,MCA,Final Year,Third Semester,Computer Networks,Period_3,8,7,71.57,58.4,19.8,13.3,0,4.5,57.4,1,65.9,87.5,Regular
STU0113,Male,23,MCA,Final Year,Third Semester,Computer Networks,Period_4,11,7,71.57,58.4,15.0,13.3,2,4.5,64.5,0,31.0,63.64,Defaulter
STU0113,Male,23,MCA,Final Year,Third Semester,Theory of Computation,Period_1,11,6,83.89,39.0,7.2,13.3,1,4.5,53.8,1,85.5,54.55,Defaulter
STU0113,Male,23,MCA,Final Year,Third Semester,Theory of Computation,Period_2,8,6,83.89,39.0,11.4,13.3,0,4.5,52.8,1,69.0,75.0,Regular
STU0113,Male,23,MCA,Final Year,Third Semester,Theory of Computation,Period_3,9,5,83.89,39.0,4.5,13.3,2,4.5,55.2,3,72.3,55.56,Defaulter
STU0113,Male,23,MCA,Final Year,Third Semester,Theory of Computation,Period_4,8,6,83.89,39.0,15.3,13.3,1,4.5,57.0,3,50.2,75.0,Regular
STU0113,Male,23,MCA,Final Year,Third Semester,Software Engineering,Period_1,11,8,76.46,39.5,11.2,13.3,2,4.5,49.9,4,59.1,72.73,Defaulter
STU0113,Male,23,MCA,Final Year,Third Semester,Software Engineering,Period_2,10,4,76.46,39.5,4.0,13.3,1,4.5,59.9,3,89.8,40.0,Defaulter
STU0113,Male,23,MCA,Final Year,Third Semester,Software Engineering,Period_3,11,10,76.46,39.5,14.7,13.3,1,4.5,53.8,1,68.2,90.91,Regular
STU0113,Male,23,MCA,Final Year,Third Semester,Software Engineering,Period_4,12,8,76.46,39.5,18.1,13.3,1,4.5,57.1,1,78.5,66.67,Defaulter
STU0114,Female,24,MCA,Final Year,Third Semester,Data Structures & Algorithms,Period_1,11,9,85.24,60.7,19.8,17.6,0,11.8,74.3,2,63.7,81.82,Regular
STU0114,Female,24,MCA,Final Year,Third Semester,Data Structures & Algorithms,Period_2,11,9,85.24,60.7,10.4,17.6,2,11.8,83.8,4,89.3,81.82,Regular
STU0114,Female,24,MCA,Final Year,Third Semester,Data Structures & Algorithms,Period_3,9,7,85.24,60.7,20.7,17.6,3,11.8,76.7,2,78.6,77.78,Regular
STU0114,Female,24,MCA,Final Year,Third Semester,Data Structures & Algorithms,Period_4,9,8,85.24,60.7,19.8,17.6,0,11.8,82.7,2,100.0,88.89,Regular
STU0114,Female,24,MCA,Final Year,Third Semester,Database Management Systems,Period_1,8,6,90.81,62.8,16.2,17.6,0,11.8,80.8,4,60.7,75.0,Regular
STU0114,Female,24,MCA,Final Year,Third Semester,Database Management Systems,Period_2,10,9,90.81,62.8,18.9,17.6,3,11.8,80.2,1,76.5,90.0,Regular
STU0114,Female,24,MCA,Final Year,Third Semester,Database Management Systems,Period_3,12,10,90.81,62.8,12.5,17.6,3,11.8,85.9,1,87.4,83.33,Regular
STU0114,Female,24,MCA,Final Year,Third Semester,Database Management Systems,Period_4,11,9,90.81,62.8,14.5,17.6,1,11.8,77.6,1,73.0,81.82,Regular
STU0114,Female,24,MCA,Final Year,Third Semester,Computer Networks,Period_1,12,9,85.34,51.7,10.1,17.6,2,11.8,84.2,2,53.4,75.0,Regular
STU0114,Female,24,MCA,Final Year,Third Semester,Computer Networks,Period_2,10,8,85.34,51.7,18.0,17.6,1,11.8,79.5,2,93.3,80.0,Regular
STU0114,Female,24,MCA,Final Year,Third Semester,Computer Networks,Period_3,10,7,85.34,51.7,10.0,17.6,3,11.8,85.5,2,60.7,70.0,Defaulter
STU0114,Female,24,MCA,Final Year,Third Semester,Computer Networks,Period_4,12,10,85.34,51.7,12.4,17.6,2,11.8,82.2,3,60.6,83.33,Regular
STU0114,Female,24,MCA,Final Year,Third Semester,Theory of Computation,Period_1,12,11,100.0,66.7,12.9,17.6,2,11.8,77.9,2,68.4,91.67,Regular
STU0114,Female,24,MCA,Final Year,Third Semester,Theory of Computation,Period_2,10,9,100.0,66.7,15.6,17.6,0,11.8,77.7,5,41.2,90.0,Regular
STU0114,Female,24,MCA,Final Year,Third Semester,Theory of Computation,Period_3,9,9,100.0,66.7,16.1,17.6,1,11.8,85.7,1,52.6,100.0,Regular
STU0114,Female,24,MCA,Final Year,Third Semester,Theory of Computation,Period_4,11,9,100.0,66.7,20.2,17.6,2,11.8,82.0,4,57.5,81.82,Regular
STU0114,Female,24,MCA,Final Year,Third Semester,Software Engineering,Period_1,10,7,96.79,68.6,10.2,17.6,1,11.8,84.5,0,33.1,70.0,Defaulter
STU0114,Female,24,MCA,Final Year,Third Semester,Software Engineering,Period_2,11,10,96.79,68.6,19.3,17.6,0,11.8,74.7,2,93.6,90.91,Regular
STU0114,Female,24,MCA,Final Year,Third Semester,Software Engineering,Period_3,8,6,96.79,68.6,11.4,17.6,2,11.8,81.7,0,80.0,75.0,Regular
STU0114,Female,24,MCA,Final Year,Third Semester,Software Engineering,Period_4,11,11,96.79,68.6,12.5,17.6,3,11.8,77.9,1,59.6,100.0,Regular
STU0115,Female,23,MCA,Final Year,Third Semester,Data Structures & Algorithms,Period_1,10,9,86.45,60.9,17.7,15.6,1,8.0,86.9,2,69.0,90.0,Regular
STU0115,Female,23,MCA,Final Year,Third Semester,Data Structures & Algorithms,Period_2,12,6,86.45,60.9,7.5,15.6,1,8.0,88.2,1,83.5,50.0,Defaulter
STU0115,Female,23,MCA,Final Year,Third Semester,Data Structures & Algorithms,Period_3,8,6,86.45,60.9,8.9,15.6,0,8.0,91.9,2,72.2,75.0,Regular
STU0115,Female,23,MCA,Final Year,Third Semester,Data Structures & Algorithms,Period_4,8,8,86.45,60.9,26.7,15.6,1,8.0,85.8,0,63.3,100.0,Regular
STU0115,Female,23,MCA,Final Year,Third Semester,Database Management Systems,Period_1,8,5,84.67,63.2,13.8,15.6,2,8.0,86.3,5,64.7,62.5,Defaulter
STU0115,Female,23,MCA,Final Year,Third Semester,Database Management Systems,Period_2,11,6,84.67,63.2,8.2,15.6,2,8.0,83.9,0,48.2,54.55,Defaulter
STU0115,Female,23,MCA,Final Year,Third Semester,Database Management Systems,Period_3,12,9,84.67,63.2,22.7,15.6,0,8.0,92.2,3,80.2,75.0,Regular
STU0115,Female,23,MCA,Final Year,Third Semester,Database Management Systems,Period_4,10,9,84.67,63.2,16.8,15.6,0,8.0,86.4,2,98.6,90.0,Regular
STU0115,Female,23,MCA,Final Year,Third Semester,Computer Networks,Period_1,11,11,84.03,69.8,18.7,15.6,0,8.0,86.1,3,36.1,100.0,Regular
STU0115,Female,23,MCA,Final Year,Third Semester,Computer Networks,Period_2,11,8,84.03,69.8,13.6,15.6,2,8.0,85.9,1,42.5,72.73,Defaulter
STU0115,Female,23,MCA,Final Year,Third Semester,Computer Networks,Period_3,12,9,84.03,69.8,9.9,15.6,2,8.0,96.3,0,18.6,75.0,Regular
STU0115,Female,23,MCA,Final Year,Third Semester,Computer Networks,Period_4,11,9,84.03,69.8,12.0,15.6,0,8.0,92.9,2,42.9,81.82,Regular
STU0115,Female,23,MCA,Final Year,Third Semester,Theory of Computation,Period_1,12,7,81.3,57.3,17.5,15.6,0,8.0,87.6,1,55.5,58.33,Defaulter
STU0115,Female,23,MCA,Final Year,Third Semester,Theory of Computation,Period_2,12,9,81.3,57.3,16.5,15.6,1,8.0,91.6,0,72.6,75.0,Regular
STU0115,Female,23,MCA,Final Year,Third Semester,Theory of Computation,Period_3,11,8,81.3,57.3,15.8,15.6,2,8.0,87.8,3,69.9,72.73,Defaulter
STU0115,Female,23,MCA,Final Year,Third Semester,Theory of Computation,Period_4,9,7,81.3,57.3,19.4,15.6,0,8.0,87.1,6,64.2,77.78,Regular
STU0115,Female,23,MCA,Final Year,Third Semester,Software Engineering,Period_1,12,8,91.01,63.3,16.8,15.6,2,8.0,83.7,0,86.6,66.67,Defaulter
STU0115,Female,23,MCA,Final Year,Third Semester,Software Engineering,Period_2,11,10,91.01,63.3,19.7,15.6,0,8.0,78.7,3,41.4,90.91,Regular
STU0115,Female,23,MCA,Final Year,Third Semester,Software Engineering,Period_3,9,8,91.01,63.3,22.8,15.6,1,8.0,85.6,5,66.9,88.89,Regular
STU0115,Female,23,MCA,Final Year,Third Semester,Software Engineering,Period_4,8,6,91.01,63.3,15.6,15.6,1,8.0,94.0,1,40.4,75.0,Regular
STU0116,Female,20,MCA,Final Year,Third Semester,Data Structures & Algorithms,Period_1,12,8,60.76,53.9,4.4,12.3,1,7.3,58.4,3,52.7,66.67,Defaulter
STU0116,Female,20,MCA,Final Year,Third Semester,Data Structures & Algorithms,Period_2,12,9,60.76,53.9,18.1,12.3,1,7.3,59.3,2,38.0,75.0,Regular
STU0116,Female,20,MCA,Final Year,Third Semester,Data Structures & Algorithms,Period_3,12,11,60.76,53.9,15.1,12.3,4,7.3,58.2,1,81.1,91.67,Regular
STU0116,Female,20,MCA,Final Year,Third Semester,Data Structures & Algorithms,Period_4,12,10,60.76,53.9,14.0,12.3,0,7.3,59.8,2,50.6,83.33,Regular
STU0116,Female,20,MCA,Final Year,Third Semester,Database Management Systems,Period_1,9,5,62.29,57.3,11.0,12.3,1,7.3,57.1,0,87.6,55.56,Defaulter
STU0116,Female,20,MCA,Final Year,Third Semester,Database Management Systems,Period_2,9,8,62.29,57.3,17.0,12.3,1,7.3,60.9,2,48.6,88.89,Regular
STU0116,Female,20,MCA,Final Year,Third Semester,Database Management Systems,Period_3,8,8,62.29,57.3,16.7,12.3,0,7.3,55.2,5,65.9,100.0,Regular
STU0116,Female,20,MCA,Final Year,Third Semester,Database Management Systems,Period_4,11,9,62.29,57.3,19.4,12.3,0,7.3,56.5,1,52.9,81.82,Regular
STU0116,Female,20,MCA,Final Year,Third Semester,Computer Networks,Period_1,11,5,76.38,31.8,11.2,12.3,0,7.3,57.0,0,87.8,45.45,Defaulter
STU0116,Female,20,MCA,Final Year,Third Semester,Computer Networks,Period_2,12,5,76.38,31.8,4.9,12.3,0,7.3,57.0,0,76.9,41.67,Defaulter
STU0116,Female,20,MCA,Final Year,Third Semester,Computer Networks,Period_3,11,6,76.38,31.8,3.0,12.3,1,7.3,54.6,3,85.6,54.55,Defaulter
STU0116,Female,20,MCA,Final Year,Third Semester,Computer Networks,Period_4,12,7,76.38,31.8,15.6,12.3,1,7.3,57.4,2,48.0,58.33,Defaulter
STU0116,Female,20,MCA,Final Year,Third Semester,Theory of Computation,Period_1,10,7,72.64,51.5,13.3,12.3,1,7.3,62.6,1,52.1,70.0,Defaulter
STU0116,Female,20,MCA,Final Year,Third Semester,Theory of Computation,Period_2,9,8,72.64,51.5,18.5,12.3,0,7.3,55.9,0,65.2,88.89,Regular
STU0116,Female,20,MCA,Final Year,Third Semester,Theory of Computation,Period_3,9,3,72.64,51.5,3.3,12.3,1,7.3,52.1,3,62.0,33.33,Defaulter
STU0116,Female,20,MCA,Final Year,Third Semester,Theory of Computation,Period_4,11,9,72.64,51.5,13.1,12.3,1,7.3,56.8,2,65.6,81.82,Regular
STU0116,Female,20,MCA,Final Year,Third Semester,Software Engineering,Period_1,10,5,52.33,52.9,19.0,12.3,0,7.3,61.7,3,81.6,50.0,Defaulter
STU0116,Female,20,MCA,Final Year,Third Semester,Software Engineering,Period_2,12,9,52.33,52.9,15.7,12.3,0,7.3,55.8,3,62.2,75.0,Regular
STU0116,Female,20,MCA,Final Year,Third Semester,Software Engineering,Period_3,11,9,52.33,52.9,11.2,12.3,0,7.3,55.1,4,35.7,81.82,Regular
STU0116,Female,20,MCA,Final Year,Third Semester,Software Engineering,Period_4,8,4,52.33,52.9,15.0,12.3,1,7.3,57.7,1,42.3,50.0,Defaulter
STU0117,Male,24,MCA,Final Year,Third Semester,Data Structures & Algorithms,Period_1,8,6,84.79,63.7,16.4,17.0,2,17.6,81.0,2,57.9,75.0,Regular
STU0117,Male,24,MCA,Final Year,Third Semester,Data Structures & Algorithms,Period_2,8,7,84.79,63.7,12.5,17.0,1,17.6,70.0,1,77.3,87.5,Regular
STU0117,Male,24,MCA,Final Year,Third Semester,Data Structures & Algorithms,Period_3,12,8,84.79,63.7,9.4,17.0,1,17.6,76.2,4,68.0,66.67,Defaulter
STU0117,Male,24,MCA,Final Year,Third Semester,Data Structures & Algorithms,Period_4,12,8,84.79,63.7,8.4,17.0,2,17.6,77.4,3,66.9,66.67,Defaulter
STU0117,Male,24,MCA,Final Year,Third Semester,Database Management Systems,Period_1,10,8,70.78,56.7,18.8,17.0,1,17.6,70.0,1,95.7,80.0,Regular
STU0117,Male,24,MCA,Final Year,Third Semester,Database Management Systems,Period_2,10,9,70.78,56.7,15.2,17.0,5,17.6,79.2,2,83.4,90.0,Regular
STU0117,Male,24,MCA,Final Year,Third Semester,Database Management Systems,Period_3,11,9,70.78,56.7,16.1,17.0,2,17.6,68.8,0,61.3,81.82,Regular
STU0117,Male,24,MCA,Final Year,Third Semester,Database Management Systems,Period_4,9,9,70.78,56.7,25.8,17.0,1,17.6,72.2,2,72.2,100.0,Regular
STU0117,Male,24,MCA,Final Year,Third Semester,Computer Networks,Period_1,10,10,82.13,71.7,20.9,17.0,2,17.6,80.1,3,60.3,100.0,Regular
STU0117,Male,24,MCA,Final Year,Third Semester,Computer Networks,Period_2,12,10,82.13,71.7,15.5,17.0,0,17.6,76.2,2,65.4,83.33,Regular
STU0117,Male,24,MCA,Final Year,Third Semester,Computer Networks,Period_3,12,10,82.13,71.7,17.8,17.0,1,17.6,77.8,2,79.0,83.33,Regular
STU0117,Male,24,MCA,Final Year,Third Semester,Computer Networks,Period_4,10,8,82.13,71.7,19.5,17.0,0,17.6,71.9,0,76.4,80.0,Regular
STU0117,Male,24,MCA,Final Year,Third Semester,Theory of Computation,Period_1,10,6,69.1,59.5,13.2,17.0,2,17.6,77.4,2,85.1,60.0,Defaulter
STU0117,Male,24,MCA,Final Year,Third Semester,Theory of Computation,Period_2,9,7,69.1,59.5,11.8,17.0,0,17.6,74.6,4,43.6,77.78,Regular
STU0117,Male,24,MCA,Final Year,Third Semester,Theory of Computation,Period_3,10,8,69.1,59.5,17.5,17.0,1,17.6,76.3,1,41.9,80.0,Regular
STU0117,Male,24,MCA,Final Year,Third Semester,Theory of Computation,Period_4,10,8,69.1,59.5,23.7,17.0,1,17.6,75.6,2,70.5,80.0,Regular
STU0117,Male,24,MCA,Final Year,Third Semester,Software Engineering,Period_1,8,8,79.88,56.5,16.6,17.0,1,17.6,71.6,3,83.8,100.0,Regular
STU0117,Male,24,MCA,Final Year,Third Semester,Software Engineering,Period_2,8,7,79.88,56.5,16.9,17.0,0,17.6,79.7,4,64.8,87.5,Regular
STU0117,Male,24,MCA,Final Year,Third Semester,Software Engineering,Period_3,12,11,79.88,56.5,13.5,17.0,1,17.6,75.7,3,72.4,91.67,Regular
STU0117,Male,24,MCA,Final Year,Third Semester,Software Engineering,Period_4,10,10,79.88,56.5,16.4,17.0,2,17.6,78.2,3,72.2,100.0,Regular
STU0118,Male,23,MCA,Final Year,Third Semester,Data Structures & Algorithms,Period_1,9,8,78.26,41.5,12.9,14.5,3,45.1,84.5,2,86.3,88.89,Regular
STU0118,Male,23,MCA,Final Year,Third Semester,Data Structures & Algorithms,Period_2,9,9,78.26,41.5,16.5,14.5,3,45.1,82.2,2,62.8,100.0,Regular
STU0118,Male,23,MCA,Final Year,Third Semester,Data Structures & Algorithms,Period_3,10,8,78.26,41.5,20.6,14.5,0,45.1,80.9,3,44.8,80.0,Regular
STU0118,Male,23,MCA,Final Year,Third Semester,Data Structures & Algorithms,Period_4,10,9,78.26,41.5,20.3,14.5,1,45.1,76.8,3,58.8,90.0,Regular
STU0118,Male,23,MCA,Final Year,Third Semester,Database Management Systems,Period_1,9,7,97.23,54.8,16.6,14.5,0,45.1,89.2,2,58.8,77.78,Regular
STU0118,Male,23,MCA,Final Year,Third Semester,Database Management Systems,Period_2,12,9,97.23,54.8,20.8,14.5,2,45.1,81.7,3,66.7,75.0,Regular
STU0118,Male,23,MCA,Final Year,Third Semester,Database Management Systems,Period_3,12,9,97.23,54.8,11.8,14.5,3,45.1,83.8,0,87.6,75.0,Regular
STU0118,Male,23,MCA,Final Year,Third Semester,Database Management Systems,Period_4,11,8,97.23,54.8,7.5,14.5,0,45.1,80.9,2,66.2,72.73,Defaulter
STU0118,Male,23,MCA,Final Year,Third Semester,Computer Networks,Period_1,12,10,78.12,59.8,12.6,14.5,0,45.1,84.4,0,57.4,83.33,Regular
STU0118,Male,23,MCA,Final Year,Third Semester,Computer Networks,Period_2,12,11,78.12,59.8,8.8,14.5,0,45.1,85.2,1,66.4,91.67,Regular
STU0118,Male,23,MCA,Final Year,Third Semester,Computer Networks,Period_3,11,9,78.12,59.8,5.7,14.5,0,45.1,81.9,1,63.0,81.82,Regular
STU0118,Male,23,MCA,Final Year,Third Semester,Computer Networks,Period_4,9,7,78.12,59.8,19.1,14.5,1,45.1,80.2,4,69.7,77.78,Regular
STU0118,Male,23,MCA,Final Year,Third Semester,Theory of Computation,Period_1,12,10,100.0,36.8,18.3,14.5,0,45.1,86.3,5,78.4,83.33,Regular
STU0118,Male,23,MCA,Final Year,Third Semester,Theory of Computation,Period_2,9,6,100.0,36.8,14.1,14.5,1,45.1,74.5,1,93.3,66.67,Defaulter
STU0118,Male,23,MCA,Final Year,Third Semester,Theory of Computation,Period_3,12,10,100.0,36.8,12.6,14.5,0,45.1,79.0,2,69.3,83.33,Regular
STU0118,Male,23,MCA,Final Year,Third Semester,Theory of Computation,Period_4,10,9,100.0,36.8,7.6,14.5,0,45.1,86.5,2,58.4,90.0,Regular
STU0118,Male,23,MCA,Final Year,Third Semester,Software Engineering,Period_1,8,7,71.72,56.0,25.0,14.5,0,45.1,78.7,3,79.4,87.5,Regular
STU0118,Male,23,MCA,Final Year,Third Semester,Software Engineering,Period_2,10,9,71.72,56.0,19.3,14.5,3,45.1,79.9,2,81.0,90.0,Regular
STU0118,Male,23,MCA,Final Year,Third Semester,Software Engineering,Period_3,9,9,71.72,56.0,18.1,14.5,1,45.1,85.2,0,80.2,100.0,Regular
STU0118,Male,23,MCA,Final Year,Third Semester,Software Engineering,Period_4,11,9,71.72,56.0,12.3,14.5,0,45.1,82.2,2,71.3,81.82,Regular
STU0119,Male,24,MCA,Final Year,Third Semester,Data Structures & Algorithms,Period_1,10,8,52.21,52.9,21.9,12.3,0,43.3,73.1,4,66.5,80.0,Regular
STU0119,Male,24,MCA,Final Year,Third Semester,Data Structures & Algorithms,Period_2,12,8,52.21,52.9,13.9,12.3,0,43.3,74.1,4,68.3,66.67,Defaulter
STU0119,Male,24,MCA,Final Year,Third Semester,Data Structures & Algorithms,Period_3,11,7,52.21,52.9,15.9,12.3,0,43.3,75.0,0,80.8,63.64,Defaulter
STU0119,Male,24,MCA,Final Year,Third Semester,Data Structures & Algorithms,Period_4,9,6,52.21,52.9,14.5,12.3,0,43.3,74.8,1,100.0,66.67,Defaulter
STU0119,Male,24,MCA,Final Year,Third Semester,Database Management Systems,Period_1,8,5,78.66,35.4,11.6,12.3,1,43.3,75.4,0,74.9,62.5,Defaulter
STU0119,Male,24,MCA,Final Year,Third Semester,Database Management Systems,Period_2,8,6,78.66,35.4,15.3,12.3,2,43.3,78.1,3,87.4,75.0,Regular
STU0119,Male,24,MCA,Final Year,Third Semester,Database Management Systems,Period_3,10,7,78.66,35.4,6.1,12.3,1,43.3,76.4,0,49.9,70.0,Defaulter
STU0119,Male,24,MCA,Final Year,Third Semester,Database Management Systems,Period_4,9,7,78.66,35.4,21.0,12.3,0,43.3,77.6,1,73.5,77.78,Regular
STU0119,Male,24,MCA,Final Year,Third Semester,Computer Networks,Period_1,8,5,53.6,57.7,7.4,12.3,2,43.3,77.0,2,81.2,62.5,Defaulter
STU0119,Male,24,MCA,Final Year,Third Semester,Computer Networks,Period_2,10,8,53.6,57.7,20.0,12.3,2,43.3,78.3,2,100.0,80.0,Regular
STU0119,Male,24,MCA,Final Year,Third Semester,Computer Networks,Period_3,9,6,53.6,57.7,12.2,12.3,2,43.3,66.9,1,41.3,66.67,Defaulter
STU0119,Male,24,MCA,Final Year,Third Semester,Computer Networks,Period_4,8,5,53.6,57.7,8.7,12.3,2,43.3,73.8,3,81.2,62.5,Defaulter
STU0119,Male,24,MCA,Final Year,Third Semester,Theory of Computation,Period_1,9,4,62.86,56.4,12.9,12.3,0,43.3,76.4,1,68.7,44.44,Defaulter
STU0119,Male,24,MCA,Final Year,Third Semester,Theory of Computation,Period_2,8,6,62.86,56.4,10.4,12.3,0,43.3,71.7,1,86.6,75.0,Regular
STU0119,Male,24,MCA,Final Year,Third Semester,Theory of Computation,Period_3,9,6,62.86,56.4,17.2,12.3,2,43.3,70.9,1,63.2,66.67,Defaulter
STU0119,Male,24,MCA,Final Year,Third Semester,Theory of Computation,Period_4,9,7,62.86,56.4,18.6,12.3,2,43.3,72.5,1,73.9,77.78,Regular
STU0119,Male,24,MCA,Final Year,Third Semester,Software Engineering,Period_1,8,3,71.07,52.9,0.0,12.3,1,43.3,75.6,3,48.8,37.5,Defaulter
STU0119,Male,24,MCA,Final Year,Third Semester,Software Engineering,Period_2,10,8,71.07,52.9,16.3,12.3,1,43.3,73.4,2,55.0,80.0,Regular
STU0119,Male,24,MCA,Final Year,Third Semester,Software Engineering,Period_3,9,4,71.07,52.9,7.9,12.3,0,43.3,78.7,2,90.0,44.44,Defaulter
STU0119,Male,24,MCA,Final Year,Third Semester,Software Engineering,Period_4,10,7,71.07,52.9,2.8,12.3,1,43.3,68.2,2,68.8,70.0,Defaulter
STU0120,Male,21,MCA,Final Year,Third Semester,Data Structures & Algorithms,Period_1,9,5,55.01,46.4,18.7,11.6,2,3.8,45.4,1,54.4,55.56,Defaulter
STU0120,Male,21,MCA,Final Year,Third Semester,Data Structures & Algorithms,Period_2,12,3,55.01,46.4,7.4,11.6,2,3.8,46.4,3,74.9,25.0,Defaulter
STU0120,Male,21,MCA,Final Year,Third Semester,Data Structures & Algorithms,Period_3,8,4,55.01,46.4,14.4,11.6,0,3.8,41.9,1,48.1,50.0,Defaulter
STU0120,Male,21,MCA,Final Year,Third Semester,Data Structures & Algorithms,Period_4,11,5,55.01,46.4,12.7,11.6,0,3.8,42.0,2,40.0,45.45,Defaulter
STU0120,Male,21,MCA,Final Year,Third Semester,Database Management Systems,Period_1,12,4,50.59,56.0,7.2,11.6,3,3.8,43.3,1,67.0,33.33,Defaulter
STU0120,Male,21,MCA,Final Year,Third Semester,Database Management Systems,Period_2,12,5,50.59,56.0,11.5,11.6,1,3.8,52.7,3,46.3,41.67,Defaulter
STU0120,Male,21,MCA,Final Year,Third Semester,Database Management Systems,Period_3,10,8,50.59,56.0,8.8,11.6,1,3.8,43.7,0,63.6,80.0,Regular
STU0120,Male,21,MCA,Final Year,Third Semester,Database Management Systems,Period_4,8,5,50.59,56.0,8.7,11.6,0,3.8,45.3,2,46.7,62.5,Defaulter
STU0120,Male,21,MCA,Final Year,Third Semester,Computer Networks,Period_1,10,7,60.2,63.8,18.0,11.6,0,3.8,42.7,1,100.0,70.0,Defaulter
STU0120,Male,21,MCA,Final Year,Third Semester,Computer Networks,Period_2,12,7,60.2,63.8,1.5,11.6,2,3.8,49.4,3,69.8,58.33,Defaulter
STU0120,Male,21,MCA,Final Year,Third Semester,Computer Networks,Period_3,11,6,60.2,63.8,5.1,11.6,1,3.8,41.3,3,65.8,54.55,Defaulter
STU0120,Male,21,MCA,Final Year,Third Semester,Computer Networks,Period_4,10,5,60.2,63.8,5.0,11.6,0,3.8,49.3,2,77.8,50.0,Defaulter
STU0120,Male,21,MCA,Final Year,Third Semester,Theory of Computation,Period_1,9,5,63.34,64.9,8.5,11.6,0,3.8,45.2,0,88.3,55.56,Defaulter
STU0120,Male,21,MCA,Final Year,Third Semester,Theory of Computation,Period_2,9,2,63.34,64.9,6.1,11.6,0,3.8,45.3,2,69.6,22.22,Defaulter
STU0120,Male,21,MCA,Final Year,Third Semester,Theory of Computation,Period_3,10,5,63.34,64.9,2.6,11.6,0,3.8,49.7,2,81.4,50.0,Defaulter
STU0120,Male,21,MCA,Final Year,Third Semester,Theory of Computation,Period_4,10,4,63.34,64.9,3.2,11.6,1,3.8,43.6,1,85.3,40.0,Defaulter
STU0120,Male,21,MCA,Final Year,Third Semester,Software Engineering,Period_1,11,7,58.96,34.7,11.5,11.6,1,3.8,49.8,3,76.8,63.64,Defaulter
STU0120,Male,21,MCA,Final Year,Third Semester,Software Engineering,Period_2,8,4,58.96,34.7,10.6,11.6,0,3.8,48.8,3,87.4,50.0,Defaulter
STU0120,Male,21,MCA,Final Year,Third Semester,Software Engineering,Period_3,11,6,58.96,34.7,6.4,11.6,1,3.8,45.4,3,32.2,54.55,Defaulter
STU0120,Male,21,MCA,Final Year,Third Semester,Software Engineering,Period_4,8,5,58.96,34.7,8.2,11.6,1,3.8,51.0,1,72.6,62.5,Defaulter
STU0121,Male,24,MCA,Final Year,Third Semester,Data Structures & Algorithms,Period_1,12,7,47.12,56.9,11.1,10.5,2,1.9,62.3,2,76.4,58.33,Defaulter
STU0121,Male,24,MCA,Final Year,Third Semester,Data Structures & Algorithms,Period_2,12,5,47.12,56.9,10.7,10.5,2,1.9,68.1,0,37.6,41.67,Defaulter
STU0121,Male,24,MCA,Final Year,Third Semester,Data Structures & Algorithms,Period_3,10,7,47.12,56.9,9.9,10.5,2,1.9,62.4,1,67.3,70.0,Defaulter
STU0121,Male,24,MCA,Final Year,Third Semester,Data Structures & Algorithms,Period_4,10,4,47.12,56.9,8.8,10.5,0,1.9,61.4,2,54.3,40.0,Defaulter
STU0121,Male,24,MCA,Final Year,Third Semester,Database Management Systems,Period_1,10,3,40.8,64.3,5.3,10.5,0,1.9,59.2,3,84.5,30.0,Defaulter
STU0121,Male,24,MCA,Final Year,Third Semester,Database Management Systems,Period_2,9,4,40.8,64.3,2.0,10.5,1,1.9,63.0,2,61.6,44.44,Defaulter
STU0121,Male,24,MCA,Final Year,Third Semester,Database Management Systems,Period_3,9,5,40.8,64.3,11.7,10.5,0,1.9,58.9,3,82.2,55.56,Defaulter
STU0121,Male,24,MCA,Final Year,Third Semester,Database Management Systems,Period_4,11,7,40.8,64.3,12.0,10.5,0,1.9,65.6,0,78.3,63.64,Defaulter
STU0121,Male,24,MCA,Final Year,Third Semester,Computer Networks,Period_1,9,3,38.0,55.7,14.6,10.5,2,1.9,60.7,2,15.7,33.33,Defaulter
STU0121,Male,24,MCA,Final Year,Third Semester,Computer Networks,Period_2,9,5,38.0,55.7,13.3,10.5,1,1.9,64.6,3,99.4,55.56,Defaulter
STU0121,Male,24,MCA,Final Year,Third Semester,Computer Networks,Period_3,10,3,38.0,55.7,5.6,10.5,1,1.9,62.0,2,57.5,30.0,Defaulter
STU0121,Male,24,MCA,Final Year,Third Semester,Computer Networks,Period_4,10,4,38.0,55.7,6.8,10.5,1,1.9,66.5,2,61.8,40.0,Defaulter
STU0121,Male,24,MCA,Final Year,Third Semester,Theory of Computation,Period_1,11,5,49.07,51.1,7.0,10.5,2,1.9,66.4,5,32.8,45.45,Defaulter
STU0121,Male,24,MCA,Final Year,Third Semester,Theory of Computation,Period_2,11,4,49.07,51.1,6.5,10.5,1,1.9,60.9,3,40.3,36.36,Defaulter
STU0121,Male,24,MCA,Final Year,Third Semester,Theory of Computation,Period_3,11,1,49.07,51.1,0.0,10.5,3,1.9,63.5,1,56.3,9.09,Defaulter
STU0121,Male,24,MCA,Final Year,Third Semester,Theory of Computation,Period_4,12,5,49.07,51.1,8.0,10.5,2,1.9,62.4,3,33.8,41.67,Defaulter
STU0121,Male,24,MCA,Final Year,Third Semester,Software Engineering,Period_1,10,3,53.4,34.8,17.0,10.5,2,1.9,59.9,2,100.0,30.0,Defaulter
STU0121,Male,24,MCA,Final Year,Third Semester,Software Engineering,Period_2,8,3,53.4,34.8,13.3,10.5,0,1.9,61.2,1,53.5,37.5,Defaulter
STU0121,Male,24,MCA,Final Year,Third Semester,Software Engineering,Period_3,12,6,53.4,34.8,16.2,10.5,1,1.9,65.6,7,57.0,50.0,Defaulter
STU0121,Male,24,MCA,Final Year,Third Semester,Software Engineering,Period_4,12,4,53.4,34.8,5.6,10.5,2,1.9,60.8,1,40.3,33.33,Defaulter
STU0122,Other,22,MCA,Final Year,Third Semester,Data Structures & Algorithms,Period_1,9,7,81.74,60.9,12.5,14.4,2,1.7,82.4,4,78.9,77.78,Regular
STU0122,Other,22,MCA,Final Year,Third Semester,Data Structures & Algorithms,Period_2,11,9,81.74,60.9,9.7,14.4,2,1.7,79.3,6,99.9,81.82,Regular
STU0122,Other,22,MCA,Final Year,Third Semester,Data Structures & Algorithms,Period_3,9,6,81.74,60.9,5.9,14.4,1,1.7,73.3,2,56.3,66.67,Defaulter
STU0122,Other,22,MCA,Final Year,Third Semester,Data Structures & Algorithms,Period_4,11,10,81.74,60.9,12.3,14.4,1,1.7,78.3,2,71.5,90.91,Regular
STU0122,Other,22,MCA,Final Year,Third Semester,Database Management Systems,Period_1,11,6,74.16,69.1,8.9,14.4,0,1.7,82.4,2,64.9,54.55,Defaulter
STU0122,Other,22,MCA,Final Year,Third Semester,Database Management Systems,Period_2,12,12,74.16,69.1,18.7,14.4,0,1.7,81.6,1,75.0,100.0,Regular
STU0122,Other,22,MCA,Final Year,Third Semester,Database Management Systems,Period_3,12,8,74.16,69.1,9.8,14.4,3,1.7,77.4,1,45.2,66.67,Defaulter
STU0122,Other,22,MCA,Final Year,Third Semester,Database Management Systems,Period_4,8,5,74.16,69.1,9.4,14.4,2,1.7,72.4,2,69.0,62.5,Defaulter
STU0122,Other,22,MCA,Final Year,Third Semester,Computer Networks,Period_1,12,11,79.73,62.1,15.0,14.4,0,1.7,77.1,0,55.7,91.67,Regular
STU0122,Other,22,MCA,Final Year,Third Semester,Computer Networks,Period_2,8,6,79.73,62.1,11.2,14.4,1,1.7,74.2,0,58.9,75.0,Regular
STU0122,Other,22,MCA,Final Year,Third Semester,Computer Networks,Period_3,10,10,79.73,62.1,9.7,14.4,0,1.7,76.3,1,65.8,100.0,Regular
STU0122,Other,22,MCA,Final Year,Third Semester,Computer Networks,Period_4,10,7,79.73,62.1,10.0,14.4,1,1.7,72.7,1,84.6,70.0,Defaulter
STU0122,Other,22,MCA,Final Year,Third Semester,Theory of Computation,Period_1,10,7,78.51,50.3,14.8,14.4,1,1.7,73.7,2,59.8,70.0,Defaulter
STU0122,Other,22,MCA,Final Year,Third Semester,Theory of Computation,Period_2,12,9,78.51,50.3,15.5,14.4,2,1.7,80.8,2,69.9,75.0,Regular
STU0122,Other,22,MCA,Final Year,Third Semester,Theory of Computation,Period_3,12,9,78.51,50.3,18.5,14.4,0,1.7,72.5,5,53.8,75.0,Regular
STU0122,Other,22,MCA,Final Year,Third Semester,Theory of Computation,Period_4,11,11,78.51,50.3,17.4,14.4,2,1.7,79.6,0,67.9,100.0,Regular
STU0122,Other,22,MCA,Final Year,Third Semester,Software Engineering,Period_1,11,10,82.32,68.2,20.2,14.4,1,1.7,72.8,0,80.2,90.91,Regular
STU0122,Other,22,MCA,Final Year,Third Semester,Software Engineering,Period_2,10,9,82.32,68.2,16.6,14.4,2,1.7,76.4,4,86.9,90.0,Regular
STU0122,Other,22,MCA,Final Year,Third Semester,Software Engineering,Period_3,12,8,82.32,68.2,6.9,14.4,1,1.7,72.0,3,63.3,66.67,Defaulter
STU0122,Other,22,MCA,Final Year,Third Semester,Software Engineering,Period_4,9,9,82.32,68.2,12.5,14.4,1,1.7,75.9,2,59.2,100.0,Regular
STU0123,Male,24,MCA,Final Year,Third Semester,Data Structures & Algorithms,Period_1,8,6,52.3,51.1,15.8,10.2,1,9.3,48.5,4,56.6,75.0,Regular
STU0123,Male,24,MCA,Final Year,Third Semester,Data Structures & Algorithms,Period_2,8,4,52.3,51.1,11.7,10.2,1,9.3,47.4,3,75.2,50.0,Defaulter
STU0123,Male,24,MCA,Final Year,Third Semester,Data Structures & Algorithms,Period_3,8,4,52.3,51.1,18.2,10.2,0,9.3,42.2,2,63.7,50.0,Defaulter
STU0123,Male,24,MCA,Final Year,Third Semester,Data Structures & Algorithms,Period_4,10,6,52.3,51.1,15.3,10.2,2,9.3,46.1,5,69.0,60.0,Defaulter
STU0123,Male,24,MCA,Final Year,Third Semester,Database Management Systems,Period_1,11,5,40.84,34.1,7.8,10.2,2,9.3,46.2,0,31.9,45.45,Defaulter
STU0123,Male,24,MCA,Final Year,Third Semester,Database Management Systems,Period_2,8,5,40.84,34.1,5.2,10.2,0,9.3,37.7,4,67.4,62.5,Defaulter
STU0123,Male,24,MCA,Final Year,Third Semester,Database Management Systems,Period_3,8,4,40.84,34.1,9.9,10.2,4,9.3,41.2,0,59.8,50.0,Defaulter
STU0123,Male,24,MCA,Final Year,Third Semester,Database Management Systems,Period_4,10,4,40.84,34.1,6.7,10.2,1,9.3,47.8,1,42.9,40.0,Defaulter
STU0123,Male,24,MCA,Final Year,Third Semester,Computer Networks,Period_1,10,6,61.66,39.6,13.9,10.2,1,9.3,43.9,2,84.1,60.0,Defaulter
STU0123,Male,24,MCA,Final Year,Third Semester,Computer Networks,Period_2,12,6,61.66,39.6,10.7,10.2,0,9.3,47.3,0,69.1,50.0,Defaulter
STU0123,Male,24,MCA,Final Year,Third Semester,Computer Networks,Period_3,9,7,61.66,39.6,15.7,10.2,1,9.3,45.7,2,86.8,77.78,Regular
STU0123,Male,24,MCA,Final Year,Third Semester,Computer Networks,Period_4,12,7,61.66,39.6,10.1,10.2,0,9.3,37.6,1,81.1,58.33,Defaulter
STU0123,Male,24,MCA,Final Year,Third Semester,Theory of Computation,Period_1,8,6,58.96,37.9,18.4,10.2,2,9.3,40.5,4,73.2,75.0,Regular
STU0123,Male,24,MCA,Final Year,Third Semester,Theory of Computation,Period_2,11,5,58.96,37.9,10.4,10.2,1,9.3,44.4,1,73.6,45.45,Defaulter
STU0123,Male,24,MCA,Final Year,Third Semester,Theory of Computation,Period_3,12,8,58.96,37.9,7.2,10.2,1,9.3,35.0,1,51.8,66.67,Defaulter
STU0123,Male,24,MCA,Final Year,Third Semester,Theory of Computation,Period_4,11,9,58.96,37.9,9.4,10.2,0,9.3,38.4,5,60.7,81.82,Regular
STU0123,Male,24,MCA,Final Year,Third Semester,Software Engineering,Period_1,8,4,44.5,39.3,13.4,10.2,1,9.3,45.1,2,63.0,50.0,Defaulter
STU0123,Male,24,MCA,Final Year,Third Semester,Software Engineering,Period_2,11,7,44.5,39.3,16.0,10.2,3,9.3,44.0,3,56.4,63.64,Defaulter
STU0123,Male,24,MCA,Final Year,Third Semester,Software Engineering,Period_3,10,5,44.5,39.3,12.6,10.2,2,9.3,39.5,1,55.2,50.0,Defaulter
STU0123,Male,24,MCA,Final Year,Third Semester,Software Engineering,Period_4,11,6,44.5,39.3,6.9,10.2,2,9.3,44.6,0,35.6,54.55,Defaulter
STU0124,Female,24,MCA,Final Year,Third Semester,Data Structures & Algorithms,Period_1,9,4,49.4,40.1,6.2,11.3,2,60.0,51.1,2,39.0,44.44,Defaulter
STU0124,Female,24,MCA,Final Year,Third Semester,Data Structures & Algorithms,Period_2,12,6,49.4,40.1,11.1,11.3,1,60.0,39.6,4,55.7,50.0,Defaulter
STU0124,Female,24,MCA,Final Year,Third Semester,Data Structures & Algorithms,Period_3,12,7,49.4,40.1,4.7,11.3,1,60.0,49.5,1,86.4,58.33,Defaulter
STU0124,Female,24,MCA,Final Year,Third Semester,Data Structures & Algorithms,Period_4,12,7,49.4,40.1,6.2,11.3,0,60.0,44.6,1,23.4,58.33,Defaulter
STU0124,Female,24,MCA,Final Year,Third Semester,Database Management Systems,Period_1,8,5,43.84,31.5,13.8,11.3,1,60.0,41.1,4,64.1,62.5,Defaulter
STU0124,Female,24,MCA,Final Year,Third Semester,Database Management Systems,Period_2,9,4,43.84,31.5,2.8,11.3,2,60.0,40.3,1,48.3,44.44,Defaulter
STU0124,Female,24,MCA,Final Year,Third Semester,Database Management Systems,Period_3,11,7,43.84,31.5,13.5,11.3,2,60.0,43.9,2,81.3,63.64,Defaulter
STU0124,Female,24,MCA,Final Year,Third Semester,Database Management Systems,Period_4,12,6,43.84,31.5,7.2,11.3,1,60.0,36.1,1,62.1,50.0,Defaulter
STU0124,Female,24,MCA,Final Year,Third Semester,Computer Networks,Period_1,10,4,54.17,41.2,14.3,11.3,3,60.0,44.7,2,91.1,40.0,Defaulter
STU0124,Female,24,MCA,Final Year,Third Semester,Computer Networks,Period_2,9,5,54.17,41.2,14.9,11.3,2,60.0,45.6,2,71.9,55.56,Defaulter
STU0124,Female,24,MCA,Final Year,Third Semester,Computer Networks,Period_3,12,7,54.17,41.2,12.9,11.3,0,60.0,45.7,2,100.0,58.33,Defaulter
STU0124,Female,24,MCA,Final Year,Third Semester,Computer Networks,Period_4,11,3,54.17,41.2,1.6,11.3,1,60.0,38.3,2,47.4,27.27,Defaulter
STU0124,Female,24,MCA,Final Year,Third Semester,Theory of Computation,Period_1,9,5,49.56,49.0,4.3,11.3,0,60.0,43.8,1,63.2,55.56,Defaulter
STU0124,Female,24,MCA,Final Year,Third Semester,Theory of Computation,Period_2,9,4,49.56,49.0,11.6,11.3,4,60.0,46.9,2,56.4,44.44,Defaulter
STU0124,Female,24,MCA,Final Year,Third Semester,Theory of Computation,Period_3,11,4,49.56,49.0,5.0,11.3,2,60.0,44.8,3,67.9,36.36,Defaulter
STU0124,Female,24,MCA,Final Year,Third Semester,Theory of Computation,Period_4,10,5,49.56,49.0,4.0,11.3,2,60.0,47.0,1,35.5,50.0,Defaulter
STU0124,Female,24,MCA,Final Year,Third Semester,Software Engineering,Period_1,8,4,38.0,58.6,11.1,11.3,3,60.0,43.7,2,55.8,50.0,Defaulter
STU0124,Female,24,MCA,Final Year,Third Semester,Software Engineering,Period_2,10,5,38.0,58.6,9.6,11.3,3,60.0,42.3,2,57.5,50.0,Defaulter
STU0124,Female,24,MCA,Final Year,Third Semester,Software Engineering,Period_3,8,3,38.0,58.6,0.7,11.3,2,60.0,48.5,2,67.5,37.5,Defaulter
STU0124,Female,24,MCA,Final Year,Third Semester,Software Engineering,Period_4,12,4,38.0,58.6,11.2,11.3,1,60.0,50.5,2,83.0,33.33,Defaulter
STU0125,Female,23,MCA,Final Year,Third Semester,Data Structures & Algorithms,Period_1,11,3,47.31,76.0,8.2,14.8,3,6.6,58.1,0,61.5,27.27,Defaulter
STU0125,Female,23,MCA,Final Year,Third Semester,Data Structures & Algorithms,Period_2,10,4,47.31,76.0,12.9,14.8,3,6.6,57.6,4,71.5,40.0,Defaulter
STU0125,Female,23,MCA,Final Year,Third Semester,Data Structures & Algorithms,Period_3,8,4,47.31,76.0,10.0,14.8,3,6.6,60.0,4,60.8,50.0,Defaulter
STU0125,Female,23,MCA,Final Year,Third Semester,Data Structures & Algorithms,Period_4,8,4,47.31,76.0,9.4,14.8,0,6.6,60.8,4,89.0,50.0,Defaulter
STU0125,Female,23,MCA,Final Year,Third Semester,Database Management Systems,Period_1,8,6,49.38,64.0,12.7,14.8,0,6.6,60.1,3,88.7,75.0,Regular
STU0125,Female,23,MCA,Final Year,Third Semester,Database Management Systems,Period_2,11,5,49.38,64.0,5.6,14.8,0,6.6,53.9,2,83.7,45.45,Defaulter
STU0125,Female,23,MCA,Final Year,Third Semester,Database Management Systems,Period_3,10,5,49.38,64.0,7.0,14.8,0,6.6,59.8,2,89.2,50.0,Defaulter
STU0125,Female,23,MCA,Final Year,Third Semester,Database Management Systems,Period_4,8,4,49.38,64.0,7.7,14.8,0,6.6,55.7,1,57.9,50.0,Defaulter
STU0125,Female,23,MCA,Final Year,Third Semester,Computer Networks,Period_1,12,4,57.29,68.8,6.5,14.8,1,6.6,60.8,0,55.5,33.33,Defaulter
STU0125,Female,23,MCA,Final Year,Third Semester,Computer Networks,Period_2,10,5,57.29,68.8,5.6,14.8,0,6.6,49.3,2,100.0,50.0,Defaulter
STU0125,Female,23,MCA,Final Year,Third Semester,Computer Networks,Period_3,8,3,57.29,68.8,8.5,14.8,0,6.6,55.6,0,73.2,37.5,Defaulter
STU0125,Female,23,MCA,Final Year,Third Semester,Computer Networks,Period_4,10,6,57.29,68.8,15.6,14.8,1,6.6,59.3,1,42.3,60.0,Defaulter
STU0125,Female,23,MCA,Final Year,Third Semester,Theory of Computation,Period_1,10,8,49.88,53.5,12.2,14.8,2,6.6,51.2,4,69.2,80.0,Regular
STU0125,Female,23,MCA,Final Year,Third Semester,Theory of Computation,Period_2,10,5,49.88,53.5,14.0,14.8,2,6.6,56.6,3,40.7,50.0,Defaulter
STU0125,Female,23,MCA,Final Year,Third Semester,Theory of Computation,Period_3,12,7,49.88,53.5,17.4,14.8,1,6.6,55.4,2,45.8,58.33,Defaulter
STU0125,Female,23,MCA,Final Year,Third Semester,Theory of Computation,Period_4,8,5,49.88,53.5,16.2,14.8,3,6.6,64.7,1,77.7,62.5,Defaulter
STU0125,Female,23,MCA,Final Year,Third Semester,Software Engineering,Period_1,11,6,53.39,71.7,6.8,14.8,1,6.6,58.4,1,65.7,54.55,Defaulter
STU0125,Female,23,MCA,Final Year,Third Semester,Software Engineering,Period_2,11,7,53.39,71.7,4.3,14.8,1,6.6,58.0,2,52.7,63.64,Defaulter
STU0125,Female,23,MCA,Final Year,Third Semester,Software Engineering,Period_3,10,6,53.39,71.7,6.4,14.8,1,6.6,56.7,6,70.1,60.0,Defaulter
STU0125,Female,23,MCA,Final Year,Third Semester,Software Engineering,Period_4,12,6,53.39,71.7,18.4,14.8,2,6.6,56.4,3,80.4,50.0,Defaulter
STU0126,Female,25,MCA,Final Year,Third Semester,Data Structures & Algorithms,Period_1,12,5,58.15,28.7,8.9,8.4,0,23.8,45.1,2,100.0,41.67,Defaulter
STU0126,Female,25,MCA,Final Year,Third Semester,Data Structures & Algorithms,Period_2,10,4,58.15,28.7,3.2,8.4,0,23.8,53.2,0,66.6,40.0,Defaulter
STU0126,Female,25,MCA,Final Year,Third Semester,Data Structures & Algorithms,Period_3,10,4,58.15,28.7,10.5,8.4,1,23.8,48.6,1,47.4,40.0,Defaulter
STU0126,Female,25,MCA,Final Year,Third Semester,Data Structures & Algorithms,Period_4,12,6,58.15,28.7,14.6,8.4,2,23.8,51.8,1,59.4,50.0,Defaulter
STU0126,Female,25,MCA,Final Year,Third Semester,Database Management Systems,Period_1,12,5,52.44,22.3,13.2,8.4,2,23.8,44.8,1,67.2,41.67,Defaulter
STU0126,Female,25,MCA,Final Year,Third Semester,Database Management Systems,Period_2,8,3,52.44,22.3,7.2,8.4,2,23.8,47.7,1,66.9,37.5,Defaulter
STU0126,Female,25,MCA,Final Year,Third Semester,Database Management Systems,Period_3,8,3,52.44,22.3,11.1,8.4,0,23.8,47.8,2,71.3,37.5,Defaulter
STU0126,Female,25,MCA,Final Year,Third Semester,Database Management Systems,Period_4,8,4,52.44,22.3,1.3,8.4,1,23.8,48.1,5,78.3,50.0,Defaulter
STU0126,Female,25,MCA,Final Year,Third Semester,Computer Networks,Period_1,8,6,40.15,47.0,8.6,8.4,1,23.8,47.3,1,34.7,75.0,Regular
STU0126,Female,25,MCA,Final Year,Third Semester,Computer Networks,Period_2,11,9,40.15,47.0,21.6,8.4,0,23.8,49.3,2,71.9,81.82,Regular
STU0126,Female,25,MCA,Final Year,Third Semester,Computer Networks,Period_3,11,6,40.15,47.0,13.9,8.4,2,23.8,48.0,1,41.5,54.55,Defaulter
STU0126,Female,25,MCA,Final Year,Third Semester,Computer Networks,Period_4,11,4,40.15,47.0,10.0,8.4,1,23.8,45.7,1,86.0,36.36,Defaulter
STU0126,Female,25,MCA,Final Year,Third Semester,Theory of Computation,Period_1,12,7,51.68,31.3,19.9,8.4,0,23.8,51.4,0,65.7,58.33,Defaulter
STU0126,Female,25,MCA,Final Year,Third Semester,Theory of Computation,Period_2,10,6,51.68,31.3,17.3,8.4,0,23.8,43.6,4,86.6,60.0,Defaulter
STU0126,Female,25,MCA,Final Year,Third Semester,Theory of Computation,Period_3,10,4,51.68,31.3,7.8,8.4,3,23.8,47.5,1,70.1,40.0,Defaulter
STU0126,Female,25,MCA,Final Year,Third Semester,Theory of Computation,Period_4,10,4,51.68,31.3,8.6,8.4,0,23.8,49.5,2,70.9,40.0,Defaulter
STU0126,Female,25,MCA,Final Year,Third Semester,Software Engineering,Period_1,10,5,48.11,32.7,7.6,8.4,1,23.8,44.9,1,74.7,50.0,Defaulter
STU0126,Female,25,MCA,Final Year,Third Semester,Software Engineering,Period_2,11,5,48.11,32.7,11.0,8.4,0,23.8,41.7,1,95.1,45.45,Defaulter
STU0126,Female,25,MCA,Final Year,Third Semester,Software Engineering,Period_3,8,3,48.11,32.7,7.8,8.4,1,23.8,44.6,1,56.7,37.5,Defaulter
STU0126,Female,25,MCA,Final Year,Third Semester,Software Engineering,Period_4,10,5,48.11,32.7,6.2,8.4,0,23.8,47.8,3,60.0,50.0,Defaulter
STU0127,Female,20,MCA,Final Year,Third Semester,Data Structures & Algorithms,Period_1,10,5,52.29,48.8,7.7,14.4,1,49.4,74.7,1,83.8,50.0,Defaulter
STU0127,Female,20,MCA,Final Year,Third Semester,Data Structures & Algorithms,Period_2,9,4,52.29,48.8,9.2,14.4,3,49.4,65.0,4,56.8,44.44,Defaulter
STU0127,Female,20,MCA,Final Year,Third Semester,Data Structures & Algorithms,Period_3,10,7,52.29,48.8,18.9,14.4,1,49.4,76.9,1,70.5,70.0,Defaulter
STU0127,Female,20,MCA,Final Year,Third Semester,Data Structures & Algorithms,Period_4,8,4,52.29,48.8,11.6,14.4,0,49.4,68.5,3,79.7,50.0,Defaulter
STU0127,Female,20,MCA,Final Year,Third Semester,Database Management Systems,Period_1,11,5,57.06,59.6,9.3,14.4,0,49.4,73.5,1,44.9,45.45,Defaulter
STU0127,Female,20,MCA,Final Year,Third Semester,Database Management Systems,Period_2,8,5,57.06,59.6,11.2,14.4,2,49.4,76.2,4,49.6,62.5,Defaulter
STU0127,Female,20,MCA,Final Year,Third Semester,Database Management Systems,Period_3,11,6,57.06,59.6,10.0,14.4,1,49.4,74.4,3,58.3,54.55,Defaulter
STU0127,Female,20,MCA,Final Year,Third Semester,Database Management Systems,Period_4,10,5,57.06,59.6,8.4,14.4,3,49.4,74.3,3,49.5,50.0,Defaulter
STU0127,Female,20,MCA,Final Year,Third Semester,Computer Networks,Period_1,9,4,72.3,56.0,8.6,14.4,1,49.4,76.1,2,68.1,44.44,Defaulter
STU0127,Female,20,MCA,Final Year,Third Semester,Computer Networks,Period_2,9,5,72.3,56.0,8.9,14.4,1,49.4,73.0,0,65.6,55.56,Defaulter
STU0127,Female,20,MCA,Final Year,Third Semester,Computer Networks,Period_3,12,6,72.3,56.0,6.5,14.4,0,49.4,76.1,2,70.0,50.0,Defaulter
STU0127,Female,20,MCA,Final Year,Third Semester,Computer Networks,Period_4,11,4,72.3,56.0,7.2,14.4,1,49.4,76.5,1,74.4,36.36,Defaulter
STU0127,Female,20,MCA,Final Year,Third Semester,Theory of Computation,Period_1,9,4,60.9,56.5,7.3,14.4,1,49.4,73.5,2,87.1,44.44,Defaulter
STU0127,Female,20,MCA,Final Year,Third Semester,Theory of Computation,Period_2,9,5,60.9,56.5,10.8,14.4,1,49.4,74.9,0,88.4,55.56,Defaulter
STU0127,Female,20,MCA,Final Year,Third Semester,Theory of Computation,Period_3,11,6,60.9,56.5,14.2,14.4,0,49.4,72.5,0,54.6,54.55,Defaulter
STU0127,Female,20,MCA,Final Year,Third Semester,Theory of Computation,Period_4,11,8,60.9,56.5,14.0,14.4,1,49.4,75.6,1,78.9,72.73,Defaulter
STU0127,Female,20,MCA,Final Year,Third Semester,Software Engineering,Period_1,12,9,66.28,53.6,15.0,14.4,0,49.4,75.8,2,55.6,75.0,Regular
STU0127,Female,20,MCA,Final Year,Third Semester,Software Engineering,Period_2,10,5,66.28,53.6,10.4,14.4,0,49.4,77.0,4,89.8,50.0,Defaulter
STU0127,Female,20,MCA,Final Year,Third Semester,Software Engineering,Period_3,11,8,66.28,53.6,12.7,14.4,2,49.4,80.2,0,78.2,72.73,Defaulter
STU0127,Female,20,MCA,Final Year,Third Semester,Software Engineering,Period_4,12,5,66.28,53.6,7.0,14.4,1,49.4,73.4,3,66.5,41.67,Defaulter
STU0128,Male,24,MCA,Final Year,Third Semester,Data Structures & Algorithms,Period_1,12,5,43.67,41.7,15.5,6.5,0,6.0,68.9,4,53.7,41.67,Defaulter
STU0128,Male,24,MCA,Final Year,Third Semester,Data Structures & Algorithms,Period_2,10,3,43.67,41.7,3.3,6.5,1,6.0,67.2,0,46.8,30.0,Defaulter
STU0128,Male,24,MCA,Final Year,Third Semester,Data Structures & Algorithms,Period_3,10,4,43.67,41.7,3.9,6.5,2,6.0,61.0,1,63.8,40.0,Defaulter
STU0128,Male,24,MCA,Final Year,Third Semester,Data Structures & Algorithms,Period_4,12,5,43.67,41.7,4.6,6.5,3,6.0,62.3,5,70.6,41.67,Defaulter
STU0128,Male,24,MCA,Final Year,Third Semester,Database Management Systems,Period_1,12,6,46.08,29.0,18.8,6.5,2,6.0,65.7,2,77.0,50.0,Defaulter
STU0128,Male,24,MCA,Final Year,Third Semester,Database Management Systems,Period_2,11,6,46.08,29.0,8.6,6.5,2,6.0,52.7,2,54.0,54.55,Defaulter
STU0128,Male,24,MCA,Final Year,Third Semester,Database Management Systems,Period_3,10,4,46.08,29.0,2.4,6.5,1,6.0,65.2,2,58.1,40.0,Defaulter
STU0128,Male,24,MCA,Final Year,Third Semester,Database Management Systems,Period_4,8,2,46.08,29.0,8.0,6.5,1,6.0,59.8,1,53.1,25.0,Defaulter
STU0128,Male,24,MCA,Final Year,Third Semester,Computer Networks,Period_1,11,4,46.87,28.5,13.8,6.5,1,6.0,61.8,2,70.3,36.36,Defaulter
STU0128,Male,24,MCA,Final Year,Third Semester,Computer Networks,Period_2,11,5,46.87,28.5,11.4,6.5,2,6.0,61.5,2,64.9,45.45,Defaulter
STU0128,Male,24,MCA,Final Year,Third Semester,Computer Networks,Period_3,12,5,46.87,28.5,10.6,6.5,2,6.0,67.2,4,69.6,41.67,Defaulter
STU0128,Male,24,MCA,Final Year,Third Semester,Computer Networks,Period_4,10,5,46.87,28.5,10.9,6.5,0,6.0,59.4,1,94.4,50.0,Defaulter
STU0128,Male,24,MCA,Final Year,Third Semester,Theory of Computation,Period_1,11,7,47.41,27.8,10.6,6.5,1,6.0,60.9,4,87.2,63.64,Defaulter
STU0128,Male,24,MCA,Final Year,Third Semester,Theory of Computation,Period_2,12,1,47.41,27.8,6.4,6.5,3,6.0,64.5,3,81.1,8.33,Defaulter
STU0128,Male,24,MCA,Final Year,Third Semester,Theory of Computation,Period_3,11,6,47.41,27.8,11.1,6.5,1,6.0,59.3,4,94.4,54.55,Defaulter
STU0128,Male,24,MCA,Final Year,Third Semester,Theory of Computation,Period_4,9,4,47.41,27.8,9.6,6.5,0,6.0,67.2,1,70.7,44.44,Defaulter
STU0128,Male,24,MCA,Final Year,Third Semester,Software Engineering,Period_1,9,5,43.46,53.6,10.1,6.5,0,6.0,62.9,0,54.6,55.56,Defaulter
STU0128,Male,24,MCA,Final Year,Third Semester,Software Engineering,Period_2,11,4,43.46,53.6,6.1,6.5,1,6.0,65.2,0,61.7,36.36,Defaulter
STU0128,Male,24,MCA,Final Year,Third Semester,Software Engineering,Period_3,8,3,43.46,53.6,5.3,6.5,2,6.0,55.5,1,53.2,37.5,Defaulter
STU0128,Male,24,MCA,Final Year,Third Semester,Software Engineering,Period_4,9,6,43.46,53.6,12.4,6.5,0,6.0,59.6,1,26.8,66.67,Defaulter
STU0129,Male,22,MCA,Final Year,Third Semester,Data Structures & Algorithms,Period_1,11,7,87.07,63.1,18.1,14.2,2,19.7,76.9,5,68.7,63.64,Defaulter
STU0129,Male,22,MCA,Final Year,Third Semester,Data Structures & Algorithms,Period_2,8,5,87.07,63.1,6.4,14.2,1,19.7,82.0,0,69.1,62.5,Defaulter
STU0129,Male,22,MCA,Final Year,Third Semester,Data Structures & Algorithms,Period_3,10,9,87.07,63.1,23.2,14.2,4,19.7,79.9,3,62.9,90.0,Regular
STU0129,Male,22,MCA,Final Year,Third Semester,Data Structures & Algorithms,Period_4,9,9,87.07,63.1,19.1,14.2,1,19.7,78.7,2,86.5,100.0,Regular
STU0129,Male,22,MCA,Final Year,Third Semester,Database Management Systems,Period_1,8,6,82.68,60.9,18.1,14.2,1,19.7,78.1,3,68.0,75.0,Regular
STU0129,Male,22,MCA,Final Year,Third Semester,Database Management Systems,Period_2,9,6,82.68,60.9,11.3,14.2,0,19.7,81.8,3,57.3,66.67,Defaulter
STU0129,Male,22,MCA,Final Year,Third Semester,Database Management Systems,Period_3,11,8,82.68,60.9,17.7,14.2,0,19.7,75.5,2,79.9,72.73,Defaulter
STU0129,Male,22,MCA,Final Year,Third Semester,Database Management Systems,Period_4,12,7,82.68,60.9,13.4,14.2,1,19.7,80.9,3,69.8,58.33,Defaulter
STU0129,Male,22,MCA,Final Year,Third Semester,Computer Networks,Period_1,11,8,83.21,54.6,18.3,14.2,1,19.7,76.8,1,86.3,72.73,Defaulter
STU0129,Male,22,MCA,Final Year,Third Semester,Computer Networks,Period_2,9,8,83.21,54.6,20.5,14.2,1,19.7,73.2,3,73.2,88.89,Regular
STU0129,Male,22,MCA,Final Year,Third Semester,Computer Networks,Period_3,10,6,83.21,54.6,10.3,14.2,1,19.7,77.1,0,77.0,60.0,Defaulter
STU0129,Male,22,MCA,Final Year,Third Semester,Computer Networks,Period_4,9,5,83.21,54.6,9.2,14.2,2,19.7,78.1,2,87.0,55.56,Defaulter
STU0129,Male,22,MCA,Final Year,Third Semester,Theory of Computation,Period_1,11,10,62.69,50.7,17.4,14.2,0,19.7,77.0,5,59.5,90.91,Regular
STU0129,Male,22,MCA,Final Year,Third Semester,Theory of Computation,Period_2,9,6,62.69,50.7,9.7,14.2,2,19.7,72.0,3,65.0,66.67,Defaulter
STU0129,Male,22,MCA,Final Year,Third Semester,Theory of Computation,Period_3,8,6,62.69,50.7,18.7,14.2,2,19.7,79.0,1,62.4,75.0,Regular
STU0129,Male,22,MCA,Final Year,Third Semester,Theory of Computation,Period_4,12,10,62.69,50.7,11.1,14.2,1,19.7,80.0,1,74.4,83.33,Regular
STU0129,Male,22,MCA,Final Year,Third Semester,Software Engineering,Period_1,9,6,62.48,60.1,10.5,14.2,1,19.7,73.9,1,66.4,66.67,Defaulter
STU0129,Male,22,MCA,Final Year,Third Semester,Software Engineering,Period_2,9,6,62.48,60.1,10.0,14.2,1,19.7,72.3,1,86.0,66.67,Defaulter
STU0129,Male,22,MCA,Final Year,Third Semester,Software Engineering,Period_3,9,7,62.48,60.1,18.4,14.2,1,19.7,77.6,1,69.3,77.78,Regular
STU0129,Male,22,MCA,Final Year,Third Semester,Software Engineering,Period_4,12,9,62.48,60.1,19.7,14.2,2,19.7,78.6,2,77.2,75.0,Regular
STU0130,Female,24,MCA,Final Year,Third Semester,Data Structures & Algorithms,Period_1,11,9,83.74,66.5,18.6,14.7,2,4.1,83.2,1,86.6,81.82,Regular
STU0130,Female,24,MCA,Final Year,Third Semester,Data Structures & Algorithms,Period_2,10,10,83.74,66.5,17.6,14.7,0,4.1,77.5,2,46.2,100.0,Regular
STU0130,Female,24,MCA,Final Year,Third Semester,Data Structures & Algorithms,Period_3,12,12,83.74,66.5,19.0,14.7,1,4.1,74.6,2,75.1,100.0,Regular
STU0130,Female,24,MCA,Final Year,Third Semester,Data Structures & Algorithms,Period_4,10,8,83.74,66.5,19.2,14.7,0,4.1,73.8,2,76.7,80.0,Regular
STU0130,Female,24,MCA,Final Year,Third Semester,Database Management Systems,Period_1,8,8,95.45,74.4,16.3,14.7,1,4.1,74.4,1,55.4,100.0,Regular
STU0130,Female,24,MCA,Final Year,Third Semester,Database Management Systems,Period_2,11,10,95.45,74.4,19.9,14.7,2,4.1,79.8,1,40.7,90.91,Regular
STU0130,Female,24,MCA,Final Year,Third Semester,Database Management Systems,Period_3,11,11,95.45,74.4,21.7,14.7,3,4.1,74.2,6,68.9,100.0,Regular
STU0130,Female,24,MCA,Final Year,Third Semester,Database Management Systems,Period_4,12,12,95.45,74.4,20.9,14.7,2,4.1,75.9,0,40.9,100.0,Regular
STU0130,Female,24,MCA,Final Year,Third Semester,Computer Networks,Period_1,8,8,90.73,58.7,22.2,14.7,2,4.1,76.8,2,60.4,100.0,Regular
STU0130,Female,24,MCA,Final Year,Third Semester,Computer Networks,Period_2,11,11,90.73,58.7,16.7,14.7,0,4.1,71.2,3,49.7,100.0,Regular
STU0130,Female,24,MCA,Final Year,Third Semester,Computer Networks,Period_3,8,8,90.73,58.7,23.5,14.7,1,4.1,80.4,3,60.5,100.0,Regular
STU0130,Female,24,MCA,Final Year,Third Semester,Computer Networks,Period_4,8,8,90.73,58.7,19.2,14.7,2,4.1,74.0,1,50.3,100.0,Regular
STU0130,Female,24,MCA,Final Year,Third Semester,Theory of Computation,Period_1,9,7,66.39,56.1,13.9,14.7,0,4.1,80.1,3,55.4,77.78,Regular
STU0130,Female,24,MCA,Final Year,Third Semester,Theory of Computation,Period_2,9,6,66.39,56.1,10.9,14.7,2,4.1,83.9,2,85.8,66.67,Defaulter
STU0130,Female,24,MCA,Final Year,Third Semester,Theory of Computation,Period_3,9,6,66.39,56.1,8.3,14.7,2,4.1,82.5,2,90.9,66.67,Defaulter
STU0130,Female,24,MCA,Final Year,Third Semester,Theory of Computation,Period_4,11,11,66.39,56.1,16.4,14.7,0,4.1,79.7,1,51.4,100.0,Regular
STU0130,Female,24,MCA,Final Year,Third Semester,Software Engineering,Period_1,8,7,94.89,59.5,15.3,14.7,0,4.1,74.7,0,78.2,87.5,Regular
STU0130,Female,24,MCA,Final Year,Third Semester,Software Engineering,Period_2,11,10,94.89,59.5,12.2,14.7,0,4.1,76.3,3,60.5,90.91,Regular
STU0130,Female,24,MCA,Final Year,Third Semester,Software Engineering,Period_3,12,10,94.89,59.5,16.1,14.7,0,4.1,76.4,4,85.3,83.33,Regular
STU0130,Female,24,MCA,Final Year,Third Semester,Software Engineering,Period_4,8,8,94.89,59.5,21.6,14.7,0,4.1,78.3,1,53.7,100.0,Regular
STU0131,Female,24,MCA,Final Year,Third Semester,Data Structures & Algorithms,Period_1,9,6,74.99,44.0,11.8,15.4,2,4.1,80.3,1,72.4,66.67,Defaulter
STU0131,Female,24,MCA,Final Year,Third Semester,Data Structures & Algorithms,Period_2,11,7,74.99,44.0,6.8,15.4,4,4.1,79.0,3,65.0,63.64,Defaulter
STU0131,Female,24,MCA,Final Year,Third Semester,Data Structures & Algorithms,Period_3,8,7,74.99,44.0,22.6,15.4,1,4.1,75.3,3,65.5,87.5,Regular
STU0131,Female,24,MCA,Final Year,Third Semester,Data Structures & Algorithms,Period_4,9,7,74.99,44.0,15.1,15.4,0,4.1,76.0,2,72.2,77.78,Regular
STU0131,Female,24,MCA,Final Year,Third Semester,Database Management Systems,Period_1,9,9,96.54,71.8,14.8,15.4,0,4.1,81.2,2,50.8,100.0,Regular
STU0131,Female,24,MCA,Final Year,Third Semester,Database Management Systems,Period_2,8,8,96.54,71.8,19.7,15.4,2,4.1,80.7,2,43.7,100.0,Regular
STU0131,Female,24,MCA,Final Year,Third Semester,Database Management Systems,Period_3,10,10,96.54,71.8,17.2,15.4,0,4.1,76.5,3,75.3,100.0,Regular
STU0131,Female,24,MCA,Final Year,Third Semester,Database Management Systems,Period_4,11,8,96.54,71.8,13.7,15.4,2,4.1,75.7,3,64.4,72.73,Defaulter
STU0131,Female,24,MCA,Final Year,Third Semester,Computer Networks,Period_1,12,10,82.45,78.1,14.8,15.4,2,4.1,82.3,1,89.5,83.33,Regular
STU0131,Female,24,MCA,Final Year,Third Semester,Computer Networks,Period_2,9,6,82.45,78.1,9.9,15.4,1,4.1,81.5,2,53.0,66.67,Defaulter
STU0131,Female,24,MCA,Final Year,Third Semester,Computer Networks,Period_3,11,11,82.45,78.1,26.1,15.4,1,4.1,83.4,1,67.0,100.0,Regular
STU0131,Female,24,MCA,Final Year,Third Semester,Computer Networks,Period_4,8,6,82.45,78.1,12.3,15.4,1,4.1,79.4,0,69.4,75.0,Regular
STU0131,Female,24,MCA,Final Year,Third Semester,Theory of Computation,Period_1,8,5,66.35,47.4,10.5,15.4,0,4.1,79.4,3,90.0,62.5,Defaulter
STU0131,Female,24,MCA,Final Year,Third Semester,Theory of Computation,Period_2,12,11,66.35,47.4,22.1,15.4,0,4.1,82.3,1,56.7,91.67,Regular
STU0131,Female,24,MCA,Final Year,Third Semester,Theory of Computation,Period_3,11,8,66.35,47.4,23.7,15.4,0,4.1,81.7,3,94.2,72.73,Defaulter
STU0131,Female,24,MCA,Final Year,Third Semester,Theory of Computation,Period_4,10,8,66.35,47.4,10.0,15.4,0,4.1,75.2,1,47.0,80.0,Regular
STU0131,Female,24,MCA,Final Year,Third Semester,Software Engineering,Period_1,9,7,83.94,43.3,18.2,15.4,1,4.1,86.6,2,66.6,77.78,Regular
STU0131,Female,24,MCA,Final Year,Third Semester,Software Engineering,Period_2,10,8,83.94,43.3,12.6,15.4,2,4.1,84.7,1,65.8,80.0,Regular
STU0131,Female,24,MCA,Final Year,Third Semester,Software Engineering,Period_3,12,10,83.94,43.3,11.9,15.4,1,4.1,84.2,2,63.1,83.33,Regular
STU0131,Female,24,MCA,Final Year,Third Semester,Software Engineering,Period_4,11,11,83.94,43.3,24.9,15.4,0,4.1,83.2,2,60.6,100.0,Regular
STU0132,Other,24,MCA,Final Year,Third Semester,Data Structures & Algorithms,Period_1,9,8,98.04,51.1,14.6,16.1,2,6.5,86.2,4,50.8,88.89,Regular
STU0132,Other,24,MCA,Final Year,Third Semester,Data Structures & Algorithms,Period_2,10,8,98.04,51.1,16.1,16.1,4,6.5,76.0,3,78.2,80.0,Regular
STU0132,Other,24,MCA,Final Year,Third Semester,Data Structures & Algorithms,Period_3,12,10,98.04,51.1,9.9,16.1,1,6.5,81.2,0,59.8,83.33,Regular
STU0132,Other,24,MCA,Final Year,Third Semester,Data Structures & Algorithms,Period_4,12,10,98.04,51.1,12.3,16.1,1,6.5,82.0,1,64.7,83.33,Regular
STU0132,Other,24,MCA,Final Year,Third Semester,Database Management Systems,Period_1,11,11,83.9,60.4,17.6,16.1,0,6.5,83.4,2,75.9,100.0,Regular
STU0132,Other,24,MCA,Final Year,Third Semester,Database Management Systems,Period_2,10,10,83.9,60.4,11.7,16.1,1,6.5,77.6,1,54.2,100.0,Regular
STU0132,Other,24,MCA,Final Year,Third Semester,Database Management Systems,Period_3,12,12,83.9,60.4,20.9,16.1,1,6.5,80.7,3,62.1,100.0,Regular
STU0132,Other,24,MCA,Final Year,Third Semester,Database Management Systems,Period_4,8,8,83.9,60.4,20.4,16.1,0,6.5,78.2,2,61.8,100.0,Regular
STU0132,Other,24,MCA,Final Year,Third Semester,Computer Networks,Period_1,11,9,85.72,55.8,11.7,16.1,0,6.5,83.4,2,47.1,81.82,Regular
STU0132,Other,24,MCA,Final Year,Third Semester,Computer Networks,Period_2,8,7,85.72,55.8,17.9,16.1,0,6.5,80.4,2,52.7,87.5,Regular
STU0132,Other,24,MCA,Final Year,Third Semester,Computer Networks,Period_3,11,10,85.72,55.8,14.4,16.1,0,6.5,79.5,0,77.1,90.91,Regular
STU0132,Other,24,MCA,Final Year,Third Semester,Computer Networks,Period_4,8,8,85.72,55.8,12.9,16.1,1,6.5,84.9,2,67.6,100.0,Regular
STU0132,Other,24,MCA,Final Year,Third Semester,Theory of Computation,Period_1,9,6,100.0,57.0,18.1,16.1,3,6.5,80.9,1,50.9,66.67,Defaulter
STU0132,Other,24,MCA,Final Year,Third Semester,Theory of Computation,Period_2,10,10,100.0,57.0,13.8,16.1,1,6.5,84.0,1,57.9,100.0,Regular
STU0132,Other,24,MCA,Final Year,Third Semester,Theory of Computation,Period_3,9,9,100.0,57.0,26.4,16.1,0,6.5,82.7,2,90.8,100.0,Regular
STU0132,Other,24,MCA,Final Year,Third Semester,Theory of Computation,Period_4,8,7,100.0,57.0,14.3,16.1,0,6.5,84.2,4,28.9,87.5,Regular
STU0132,Other,24,MCA,Final Year,Third Semester,Software Engineering,Period_1,9,9,92.19,47.6,15.2,16.1,0,6.5,81.0,2,84.6,100.0,Regular
STU0132,Other,24,MCA,Final Year,Third Semester,Software Engineering,Period_2,11,11,92.19,47.6,17.8,16.1,2,6.5,84.8,1,88.6,100.0,Regular
STU0132,Other,24,MCA,Final Year,Third Semester,Software Engineering,Period_3,10,10,92.19,47.6,17.4,16.1,1,6.5,83.1,0,56.8,100.0,Regular
STU0132,Other,24,MCA,Final Year,Third Semester,Software Engineering,Period_4,11,10,92.19,47.6,18.1,16.1,2,6.5,88.6,0,67.1,90.91,Regular
STU0133,Male,24,MCA,Final Year,Third Semester,Data Structures & Algorithms,Period_1,10,6,41.59,40.5,5.0,11.1,2,16.7,46.6,2,71.9,60.0,Defaulter
STU0133,Male,24,MCA,Final Year,Third Semester,Data Structures & Algorithms,Period_2,9,4,41.59,40.5,6.4,11.1,3,16.7,45.8,0,74.3,44.44,Defaulter
STU0133,Male,24,MCA,Final Year,Third Semester,Data Structures & Algorithms,Period_3,9,3,41.59,40.5,4.4,11.1,1,16.7,45.8,1,43.0,33.33,Defaulter
STU0133,Male,24,MCA,Final Year,Third Semester,Data Structures & Algorithms,Period_4,9,2,41.59,40.5,1.1,11.1,2,16.7,48.1,2,83.7,22.22,Defaulter
STU0133,Male,24,MCA,Final Year,Third Semester,Database Management Systems,Period_1,11,2,54.32,48.1,0.0,11.1,0,16.7,49.9,0,81.6,18.18,Defaulter
STU0133,Male,24,MCA,Final Year,Third Semester,Database Management Systems,Period_2,10,6,54.32,48.1,14.9,11.1,1,16.7,49.7,1,57.0,60.0,Defaulter
STU0133,Male,24,MCA,Final Year,Third Semester,Database Management Systems,Period_3,9,5,54.32,48.1,6.1,11.1,2,16.7,48.6,2,41.8,55.56,Defaulter
STU0133,Male,24,MCA,Final Year,Third Semester,Database Management Systems,Period_4,12,5,54.32,48.1,10.9,11.1,0,16.7,50.9,3,84.3,41.67,Defaulter
STU0133,Male,24,MCA,Final Year,Third Semester,Computer Networks,Period_1,8,5,39.92,54.5,8.5,11.1,2,16.7,51.5,2,51.3,62.5,Defaulter
STU0133,Male,24,MCA,Final Year,Third Semester,Computer Networks,Period_2,9,4,39.92,54.5,8.8,11.1,0,16.7,41.4,2,32.8,44.44,Defaulter
STU0133,Male,24,MCA,Final Year,Third Semester,Computer Networks,Period_3,10,7,39.92,54.5,11.5,11.1,1,16.7,51.3,3,45.8,70.0,Defaulter
STU0133,Male,24,MCA,Final Year,Third Semester,Computer Networks,Period_4,11,7,39.92,54.5,10.8,11.1,0,16.7,46.8,4,45.5,63.64,Defaulter
STU0133,Male,24,MCA,Final Year,Third Semester,Theory of Computation,Period_1,9,5,47.43,41.7,10.8,11.1,0,16.7,55.0,2,70.8,55.56,Defaulter
STU0133,Male,24,MCA,Final Year,Third Semester,Theory of Computation,Period_2,10,3,47.43,41.7,5.0,11.1,2,16.7,46.3,1,60.4,30.0,Defaulter
STU0133,Male,24,MCA,Final Year,Third Semester,Theory of Computation,Period_3,8,4,47.43,41.7,14.9,11.1,0,16.7,52.8,3,56.0,50.0,Defaulter
STU0133,Male,24,MCA,Final Year,Third Semester,Theory of Computation,Period_4,8,3,47.43,41.7,12.8,11.1,1,16.7,51.2,2,74.5,37.5,Defaulter
STU0133,Male,24,MCA,Final Year,Third Semester,Software Engineering,Period_1,10,6,49.32,59.4,14.7,11.1,1,16.7,49.2,2,81.6,60.0,Defaulter
STU0133,Male,24,MCA,Final Year,Third Semester,Software Engineering,Period_2,9,5,49.32,59.4,10.1,11.1,1,16.7,51.4,3,62.4,55.56,Defaulter
STU0133,Male,24,MCA,Final Year,Third Semester,Software Engineering,Period_3,9,4,49.32,59.4,3.6,11.1,1,16.7,42.8,4,44.0,44.44,Defaulter
STU0133,Male,24,MCA,Final Year,Third Semester,Software Engineering,Period_4,10,5,49.32,59.4,5.0,11.1,0,16.7,48.1,1,73.4,50.0,Defaulter
STU0134,Male,22,MCA,Final Year,Third Semester,Data Structures & Algorithms,Period_1,9,7,82.17,46.0,18.6,13.3,5,2.9,70.7,1,68.4,77.78,Regular
STU0134,Male,22,MCA,Final Year,Third Semester,Data Structures & Algorithms,Period_2,12,10,82.17,46.0,21.8,13.3,1,2.9,67.9,1,54.9,83.33,Regular
STU0134,Male,22,MCA,Final Year,Third Semester,Data Structures & Algorithms,Period_3,11,10,82.17,46.0,20.9,13.3,1,2.9,77.2,1,46.3,90.91,Regular
STU0134,Male,22,MCA,Final Year,Third Semester,Data Structures & Algorithms,Period_4,8,5,82.17,46.0,16.5,13.3,1,2.9,78.4,4,60.9,62.5,Defaulter
STU0134,Male,22,MCA,Final Year,Third Semester,Database Management Systems,Period_1,12,10,79.83,66.2,14.0,13.3,0,2.9,76.9,3,67.2,83.33,Regular
STU0134,Male,22,MCA,Final Year,Third Semester,Database Management Systems,Period_2,12,12,79.83,66.2,17.3,13.3,0,2.9,66.7,7,56.0,100.0,Regular
STU0134,Male,22,MCA,Final Year,Third Semester,Database Management Systems,Period_3,8,7,79.83,66.2,13.4,13.3,2,2.9,73.3,3,77.4,87.5,Regular
STU0134,Male,22,MCA,Final Year,Third Semester,Database Management Systems,Period_4,10,7,79.83,66.2,6.2,13.3,0,2.9,74.5,0,38.1,70.0,Defaulter
STU0134,Male,22,MCA,Final Year,Third Semester,Computer Networks,Period_1,10,7,79.02,42.8,10.0,13.3,2,2.9,76.7,1,72.7,70.0,Defaulter
STU0134,Male,22,MCA,Final Year,Third Semester,Computer Networks,Period_2,9,5,79.02,42.8,13.4,13.3,0,2.9,74.4,1,40.1,55.56,Defaulter
STU0134,Male,22,MCA,Final Year,Third Semester,Computer Networks,Period_3,11,8,79.02,42.8,19.4,13.3,1,2.9,67.7,1,66.5,72.73,Defaulter
STU0134,Male,22,MCA,Final Year,Third Semester,Computer Networks,Period_4,9,9,79.02,42.8,17.2,13.3,1,2.9,74.9,3,70.1,100.0,Regular
STU0134,Male,22,MCA,Final Year,Third Semester,Theory of Computation,Period_1,10,8,80.93,48.4,19.6,13.3,3,2.9,70.6,3,64.7,80.0,Regular
STU0134,Male,22,MCA,Final Year,Third Semester,Theory of Computation,Period_2,12,9,80.93,48.4,12.8,13.3,0,2.9,71.2,2,52.3,75.0,Regular
STU0134,Male,22,MCA,Final Year,Third Semester,Theory of Computation,Period_3,10,8,80.93,48.4,21.4,13.3,0,2.9,69.2,3,79.5,80.0,Regular
STU0134,Male,22,MCA,Final Year,Third Semester,Theory of Computation,Period_4,12,10,80.93,48.4,15.6,13.3,1,2.9,70.0,2,63.8,83.33,Regular
STU0134,Male,22,MCA,Final Year,Third Semester,Software Engineering,Period_1,10,9,94.37,51.1,19.8,13.3,3,2.9,68.0,3,58.1,90.0,Regular
STU0134,Male,22,MCA,Final Year,Third Semester,Software Engineering,Period_2,12,10,94.37,51.1,19.4,13.3,0,2.9,68.2,0,78.0,83.33,Regular
STU0134,Male,22,MCA,Final Year,Third Semester,Software Engineering,Period_3,9,7,94.37,51.1,2.1,13.3,1,2.9,71.0,2,67.6,77.78,Regular
STU0134,Male,22,MCA,Final Year,Third Semester,Software Engineering,Period_4,12,10,94.37,51.1,16.1,13.3,0,2.9,68.0,1,48.0,83.33,Regular
STU0135,Female,20,MCA,Final Year,Third Semester,Data Structures & Algorithms,Period_1,12,4,38.0,32.1,0.0,9.3,2,8.7,58.4,3,35.9,33.33,Defaulter
STU0135,Female,20,MCA,Final Year,Third Semester,Data Structures & Algorithms,Period_2,12,4,38.0,32.1,14.2,9.3,2,8.7,61.6,3,78.1,33.33,Defaulter
STU0135,Female,20,MCA,Final Year,Third Semester,Data Structures & Algorithms,Period_3,10,5,38.0,32.1,10.3,9.3,0,8.7,52.7,2,50.3,50.0,Defaulter
STU0135,Female,20,MCA,Final Year,Third Semester,Data Structures & Algorithms,Period_4,12,3,38.0,32.1,6.6,9.3,1,8.7,60.3,1,48.5,25.0,Defaulter
STU0135,Female,20,MCA,Final Year,Third Semester,Database Management Systems,Period_1,10,5,49.02,56.0,9.7,9.3,2,8.7,53.2,1,88.0,50.0,Defaulter
STU0135,Female,20,MCA,Final Year,Third Semester,Database Management Systems,Period_2,10,4,49.02,56.0,10.3,9.3,0,8.7,60.8,2,58.6,40.0,Defaulter
STU0135,Female,20,MCA,Final Year,Third Semester,Database Management Systems,Period_3,12,5,49.02,56.0,9.3,9.3,0,8.7,60.0,4,48.9,41.67,Defaulter
STU0135,Female,20,MCA,Final Year,Third Semester,Database Management Systems,Period_4,11,3,49.02,56.0,7.1,9.3,0,8.7,61.5,1,49.0,27.27,Defaulter
STU0135,Female,20,MCA,Final Year,Third Semester,Computer Networks,Period_1,12,4,39.54,23.9,5.8,9.3,0,8.7,53.8,3,85.5,33.33,Defaulter
STU0135,Female,20,MCA,Final Year,Third Semester,Computer Networks,Period_2,12,7,39.54,23.9,8.3,9.3,1,8.7,59.5,1,63.2,58.33,Defaulter
STU0135,Female,20,MCA,Final Year,Third Semester,Computer Networks,Period_3,9,5,39.54,23.9,11.6,9.3,0,8.7,61.5,3,47.6,55.56,Defaulter
STU0135,Female,20,MCA,Final Year,Third Semester,Computer Networks,Period_4,9,5,39.54,23.9,7.2,9.3,1,8.7,59.3,3,78.3,55.56,Defaulter
STU0135,Female,20,MCA,Final Year,Third Semester,Theory of Computation,Period_1,8,3,44.06,43.2,9.4,9.3,2,8.7,60.7,3,52.1,37.5,Defaulter
STU0135,Female,20,MCA,Final Year,Third Semester,Theory of Computation,Period_2,12,5,44.06,43.2,11.0,9.3,1,8.7,56.7,3,68.4,41.67,Defaulter
STU0135,Female,20,MCA,Final Year,Third Semester,Theory of Computation,Period_3,9,4,44.06,43.2,12.8,9.3,2,8.7,56.7,2,85.3,44.44,Defaulter
STU0135,Female,20,MCA,Final Year,Third Semester,Theory of Computation,Period_4,10,4,44.06,43.2,13.8,9.3,2,8.7,57.6,2,61.9,40.0,Defaulter
STU0135,Female,20,MCA,Final Year,Third Semester,Software Engineering,Period_1,9,3,38.0,39.4,9.5,9.3,1,8.7,65.5,1,66.4,33.33,Defaulter
STU0135,Female,20,MCA,Final Year,Third Semester,Software Engineering,Period_2,9,5,38.0,39.4,13.8,9.3,0,8.7,59.9,0,62.5,55.56,Defaulter
STU0135,Female,20,MCA,Final Year,Third Semester,Software Engineering,Period_3,8,5,38.0,39.4,6.6,9.3,1,8.7,54.5,1,100.0,62.5,Defaulter
STU0135,Female,20,MCA,Final Year,Third Semester,Software Engineering,Period_4,10,6,38.0,39.4,7.6,9.3,0,8.7,56.2,1,84.8,60.0,Defaulter
STU0136,Male,21,MCA,Final Year,Third Semester,Data Structures & Algorithms,Period_1,12,7,58.55,65.2,15.0,12.3,1,2.2,53.0,3,82.8,58.33,Defaulter
STU0136,Male,21,MCA,Final Year,Third Semester,Data Structures & Algorithms,Period_2,10,7,58.55,65.2,13.4,12.3,0,2.2,58.9,6,48.1,70.0,Defaulter
STU0136,Male,21,MCA,Final Year,Third Semester,Data Structures & Algorithms,Period_3,11,7,58.55,65.2,16.9,12.3,0,2.2,53.4,1,65.5,63.64,Defaulter
STU0136,Male,21,MCA,Final Year,Third Semester,Data Structures & Algorithms,Period_4,10,5,58.55,65.2,12.2,12.3,2,2.2,51.4,3,95.3,50.0,Defaulter
STU0136,Male,21,MCA,Final Year,Third Semester,Database Management Systems,Period_1,9,2,49.93,34.9,8.6,12.3,1,2.2,59.5,2,98.2,22.22,Defaulter
STU0136,Male,21,MCA,Final Year,Third Semester,Database Management Systems,Period_2,11,3,49.93,34.9,1.6,12.3,2,2.2,47.1,1,61.1,27.27,Defaulter
STU0136,Male,21,MCA,Final Year,Third Semester,Database Management Systems,Period_3,12,6,49.93,34.9,5.5,12.3,2,2.2,61.5,2,58.8,50.0,Defaulter
STU0136,Male,21,MCA,Final Year,Third Semester,Database Management Systems,Period_4,12,2,49.93,34.9,2.5,12.3,0,2.2,57.3,3,65.1,16.67,Defaulter
STU0136,Male,21,MCA,Final Year,Third Semester,Computer Networks,Period_1,8,4,62.49,64.4,4.2,12.3,1,2.2,50.7,6,76.9,50.0,Defaulter
STU0136,Male,21,MCA,Final Year,Third Semester,Computer Networks,Period_2,11,7,62.49,64.4,13.7,12.3,1,2.2,56.9,3,79.5,63.64,Defaulter
STU0136,Male,21,MCA,Final Year,Third Semester,Computer Networks,Period_3,11,7,62.49,64.4,12.4,12.3,0,2.2,49.3,1,49.6,63.64,Defaulter
STU0136,Male,21,MCA,Final Year,Third Semester,Computer Networks,Period_4,11,7,62.49,64.4,13.2,12.3,1,2.2,55.7,3,74.3,63.64,Defaulter
STU0136,Male,21,MCA,Final Year,Third Semester,Theory of Computation,Period_1,12,5,46.5,41.3,3.8,12.3,0,2.2,55.8,4,76.6,41.67,Defaulter
STU0136,Male,21,MCA,Final Year,Third Semester,Theory of Computation,Period_2,11,5,46.5,41.3,13.5,12.3,2,2.2,55.1,1,68.6,45.45,Defaulter
STU0136,Male,21,MCA,Final Year,Third Semester,Theory of Computation,Period_3,8,6,46.5,41.3,4.6,12.3,0,2.2,59.6,1,45.9,75.0,Regular
STU0136,Male,21,MCA,Final Year,Third Semester,Theory of Computation,Period_4,8,5,46.5,41.3,13.2,12.3,2,2.2,57.0,1,62.5,62.5,Defaulter
STU0136,Male,21,MCA,Final Year,Third Semester,Software Engineering,Period_1,10,5,57.59,60.3,12.2,12.3,3,2.2,57.5,3,85.0,50.0,Defaulter
STU0136,Male,21,MCA,Final Year,Third Semester,Software Engineering,Period_2,12,6,57.59,60.3,6.1,12.3,1,2.2,52.0,2,68.0,50.0,Defaulter
STU0136,Male,21,MCA,Final Year,Third Semester,Software Engineering,Period_3,9,6,57.59,60.3,8.2,12.3,0,2.2,54.1,1,61.6,66.67,Defaulter
STU0136,Male,21,MCA,Final Year,Third Semester,Software Engineering,Period_4,9,3,57.59,60.3,14.9,12.3,1,2.2,51.5,1,48.2,33.33,Defaulter
STU0137,Female,20,MCA,Final Year,Third Semester,Data Structures & Algorithms,Period_1,9,5,71.75,64.8,12.1,14.3,1,3.2,63.9,0,74.2,55.56,Defaulter
STU0137,Female,20,MCA,Final Year,Third Semester,Data Structures & Algorithms,Period_2,12,10,71.75,64.8,16.0,14.3,3,3.2,69.3,3,37.4,83.33,Regular
STU0137,Female,20,MCA,Final Year,Third Semester,Data Structures & Algorithms,Period_3,10,8,71.75,64.8,13.7,14.3,0,3.2,71.1,3,71.5,80.0,Regular
STU0137,Female,20,MCA,Final Year,Third Semester,Data Structures & Algorithms,Period_4,9,6,71.75,64.8,13.6,14.3,2,3.2,68.9,3,51.0,66.67,Defaulter
STU0137,Female,20,MCA,Final Year,Third Semester,Database Management Systems,Period_1,12,9,79.23,65.3,9.7,14.3,3,3.2,73.0,2,84.1,75.0,Regular
STU0137,Female,20,MCA,Final Year,Third Semester,Database Management Systems,Period_2,8,5,79.23,65.3,15.0,14.3,3,3.2,74.5,2,68.1,62.5,Defaulter
STU0137,Female,20,MCA,Final Year,Third Semester,Database Management Systems,Period_3,11,7,79.23,65.3,20.1,14.3,1,3.2,77.4,3,46.6,63.64,Defaulter
STU0137,Female,20,MCA,Final Year,Third Semester,Database Management Systems,Period_4,11,8,79.23,65.3,11.8,14.3,1,3.2,64.4,2,71.3,72.73,Defaulter
STU0137,Female,20,MCA,Final Year,Third Semester,Computer Networks,Period_1,9,5,85.12,58.7,12.2,14.3,1,3.2,71.8,3,16.1,55.56,Defaulter
STU0137,Female,20,MCA,Final Year,Third Semester,Computer Networks,Period_2,9,7,85.12,58.7,20.7,14.3,3,3.2,70.0,1,84.0,77.78,Regular
STU0137,Female,20,MCA,Final Year,Third Semester,Computer Networks,Period_3,9,8,85.12,58.7,10.0,14.3,3,3.2,71.7,2,66.5,88.89,Regular
STU0137,Female,20,MCA,Final Year,Third Semester,Computer Networks,Period_4,12,8,85.12,58.7,19.3,14.3,0,3.2,65.5,3,76.9,66.67,Defaulter
STU0137,Female,20,MCA,Final Year,Third Semester,Theory of Computation,Period_1,10,8,84.71,51.6,15.4,14.3,0,3.2,66.5,0,42.1,80.0,Regular
STU0137,Female,20,MCA,Final Year,Third Semester,Theory of Computation,Period_2,11,10,84.71,51.6,11.6,14.3,1,3.2,68.7,1,73.2,90.91,Regular
STU0137,Female,20,MCA,Final Year,Third Semester,Theory of Computation,Period_3,8,7,84.71,51.6,17.8,14.3,0,3.2,74.8,2,40.4,87.5,Regular
STU0137,Female,20,MCA,Final Year,Third Semester,Theory of Computation,Period_4,8,6,84.71,51.6,13.2,14.3,1,3.2,62.8,5,42.1,75.0,Regular
STU0137,Female,20,MCA,Final Year,Third Semester,Software Engineering,Period_1,10,9,82.53,51.5,18.7,14.3,1,3.2,66.5,2,81.5,90.0,Regular
STU0137,Female,20,MCA,Final Year,Third Semester,Software Engineering,Period_2,11,9,82.53,51.5,13.7,14.3,2,3.2,69.3,3,68.8,81.82,Regular
STU0137,Female,20,MCA,Final Year,Third Semester,Software Engineering,Period_3,9,6,82.53,51.5,13.8,14.3,3,3.2,71.0,1,46.5,66.67,Defaulter
STU0137,Female,20,MCA,Final Year,Third Semester,Software Engineering,Period_4,9,8,82.53,51.5,19.1,14.3,0,3.2,69.5,2,65.9,88.89,Regular
STU0138,Male,25,MCA,Final Year,Third Semester,Data Structures & Algorithms,Period_1,12,7,54.78,40.2,8.3,9.7,3,11.9,51.5,3,66.1,58.33,Defaulter
STU0138,Male,25,MCA,Final Year,Third Semester,Data Structures & Algorithms,Period_2,11,6,54.78,40.2,7.8,9.7,1,11.9,44.2,0,77.3,54.55,Defaulter
STU0138,Male,25,MCA,Final Year,Third Semester,Data Structures & Algorithms,Period_3,11,5,54.78,40.2,0.9,9.7,2,11.9,50.7,4,58.7,45.45,Defaulter
STU0138,Male,25,MCA,Final Year,Third Semester,Data Structures & Algorithms,Period_4,8,4,54.78,40.2,12.2,9.7,3,11.9,52.7,2,47.9,50.0,Defaulter
STU0138,Male,25,MCA,Final Year,Third Semester,Database Management Systems,Period_1,8,5,38.0,49.1,9.3,9.7,0,11.9,46.6,5,90.0,62.5,Defaulter
STU0138,Male,25,MCA,Final Year,Third Semester,Database Management Systems,Period_2,12,4,38.0,49.1,9.0,9.7,1,11.9,46.2,3,50.5,33.33,Defaulter
STU0138,Male,25,MCA,Final Year,Third Semester,Database Management Systems,Period_3,8,4,38.0,49.1,7.3,9.7,1,11.9,42.6,0,69.2,50.0,Defaulter
STU0138,Male,25,MCA,Final Year,Third Semester,Database Management Systems,Period_4,10,3,38.0,49.1,0.0,9.7,0,11.9,47.4,2,55.1,30.0,Defaulter
STU0138,Male,25,MCA,Final Year,Third Semester,Computer Networks,Period_1,9,5,45.55,46.7,8.8,9.7,2,11.9,51.3,1,98.8,55.56,Defaulter
STU0138,Male,25,MCA,Final Year,Third Semester,Computer Networks,Period_2,11,5,45.55,46.7,15.2,9.7,0,11.9,43.2,2,88.6,45.45,Defaulter
STU0138,Male,25,MCA,Final Year,Third Semester,Computer Networks,Period_3,9,5,45.55,46.7,12.5,9.7,0,11.9,47.8,2,70.4,55.56,Defaulter
STU0138,Male,25,MCA,Final Year,Third Semester,Computer Networks,Period_4,12,5,45.55,46.7,9.2,9.7,1,11.9,38.9,5,87.0,41.67,Defaulter
STU0138,Male,25,MCA,Final Year,Third Semester,Theory of Computation,Period_1,9,3,38.0,51.8,4.1,9.7,0,11.9,46.0,1,75.6,33.33,Defaulter
STU0138,Male,25,MCA,Final Year,Third Semester,Theory of Computation,Period_2,11,5,38.0,51.8,14.3,9.7,0,11.9,51.2,1,51.3,45.45,Defaulter
STU0138,Male,25,MCA,Final Year,Third Semester,Theory of Computation,Period_3,8,3,38.0,51.8,7.7,9.7,2,11.9,50.3,1,80.5,37.5,Defaulter
STU0138,Male,25,MCA,Final Year,Third Semester,Theory of Computation,Period_4,8,3,38.0,51.8,7.6,9.7,0,11.9,46.8,3,100.0,37.5,Defaulter
STU0138,Male,25,MCA,Final Year,Third Semester,Software Engineering,Period_1,8,4,39.89,36.1,10.4,9.7,1,11.9,48.6,2,59.4,50.0,Defaulter
STU0138,Male,25,MCA,Final Year,Third Semester,Software Engineering,Period_2,12,6,39.89,36.1,15.5,9.7,2,11.9,39.1,1,41.7,50.0,Defaulter
STU0138,Male,25,MCA,Final Year,Third Semester,Software Engineering,Period_3,11,5,39.89,36.1,8.3,9.7,0,11.9,45.7,2,26.6,45.45,Defaulter
STU0138,Male,25,MCA,Final Year,Third Semester,Software Engineering,Period_4,12,6,39.89,36.1,11.5,9.7,2,11.9,46.2,2,56.8,50.0,Defaulter
STU0139,Male,21,MCA,Final Year,Third Semester,Data Structures & Algorithms,Period_1,12,9,60.9,78.8,13.0,16.1,1,12.7,80.8,3,61.2,75.0,Regular
STU0139,Male,21,MCA,Final Year,Third Semester,Data Structures & Algorithms,Period_2,9,8,60.9,78.8,20.3,16.1,1,12.7,78.2,0,83.6,88.89,Regular
STU0139,Male,21,MCA,Final Year,Third Semester,Data Structures & Algorithms,Period_3,12,6,60.9,78.8,7.4,16.1,1,12.7,72.3,0,89.6,50.0,Defaulter
STU0139,Male,21,MCA,Final Year,Third Semester,Data Structures & Algorithms,Period_4,12,7,60.9,78.8,10.3,16.1,0,12.7,73.3,0,37.8,58.33,Defaulter
STU0139,Male,21,MCA,Final Year,Third Semester,Database Management Systems,Period_1,12,9,72.63,58.4,14.7,16.1,1,12.7,72.2,3,62.7,75.0,Regular
STU0139,Male,21,MCA,Final Year,Third Semester,Database Management Systems,Period_2,9,8,72.63,58.4,18.8,16.1,3,12.7,77.0,3,64.3,88.89,Regular
STU0139,Male,21,MCA,Final Year,Third Semester,Database Management Systems,Period_3,8,7,72.63,58.4,19.0,16.1,0,12.7,82.5,2,70.5,87.5,Regular
STU0139,Male,21,MCA,Final Year,Third Semester,Database Management Systems,Period_4,10,7,72.63,58.4,17.5,16.1,0,12.7,81.4,1,75.9,70.0,Defaulter
STU0139,Male,21,MCA,Final Year,Third Semester,Computer Networks,Period_1,10,10,72.84,53.4,26.5,16.1,1,12.7,77.9,0,56.9,100.0,Regular
STU0139,Male,21,MCA,Final Year,Third Semester,Computer Networks,Period_2,10,8,72.84,53.4,11.8,16.1,1,12.7,73.6,2,59.1,80.0,Regular
STU0139,Male,21,MCA,Final Year,Third Semester,Computer Networks,Period_3,8,5,72.84,53.4,6.5,16.1,0,12.7,75.9,1,34.1,62.5,Defaulter
STU0139,Male,21,MCA,Final Year,Third Semester,Computer Networks,Period_4,10,8,72.84,53.4,14.9,16.1,0,12.7,74.6,3,90.9,80.0,Regular
STU0139,Male,21,MCA,Final Year,Third Semester,Theory of Computation,Period_1,10,8,74.46,80.9,12.0,16.1,0,12.7,76.5,2,77.9,80.0,Regular
STU0139,Male,21,MCA,Final Year,Third Semester,Theory of Computation,Period_2,12,8,74.46,80.9,9.8,16.1,1,12.7,78.6,1,83.5,66.67,Defaulter
STU0139,Male,21,MCA,Final Year,Third Semester,Theory of Computation,Period_3,12,9,74.46,80.9,18.4,16.1,0,12.7,77.8,3,77.8,75.0,Regular
STU0139,Male,21,MCA,Final Year,Third Semester,Theory of Computation,Period_4,11,7,74.46,80.9,14.3,16.1,0,12.7,85.3,2,68.1,63.64,Defaulter
STU0139,Male,21,MCA,Final Year,Third Semester,Software Engineering,Period_1,9,8,74.12,58.9,12.8,16.1,0,12.7,73.7,5,43.1,88.89,Regular
STU0139,Male,21,MCA,Final Year,Third Semester,Software Engineering,Period_2,9,7,74.12,58.9,14.7,16.1,1,12.7,74.2,1,74.1,77.78,Regular
STU0139,Male,21,MCA,Final Year,Third Semester,Software Engineering,Period_3,11,9,74.12,58.9,13.5,16.1,0,12.7,81.0,2,70.9,81.82,Regular
STU0139,Male,21,MCA,Final Year,Third Semester,Software Engineering,Period_4,9,7,74.12,58.9,10.7,16.1,1,12.7,78.7,2,67.8,77.78,Regular
STU0140,Male,23,MCA,Final Year,Third Semester,Data Structures & Algorithms,Period_1,10,4,55.02,53.9,10.8,9.5,1,8.3,51.2,0,63.6,40.0,Defaulter
STU0140,Male,23,MCA,Final Year,Third Semester,Data Structures & Algorithms,Period_2,9,4,55.02,53.9,6.4,9.5,0,8.3,46.2,5,70.2,44.44,Defaulter
STU0140,Male,23,MCA,Final Year,Third Semester,Data Structures & Algorithms,Period_3,10,5,55.02,53.9,10.5,9.5,3,8.3,48.5,2,84.1,50.0,Defaulter
STU0140,Male,23,MCA,Final Year,Third Semester,Data Structures & Algorithms,Period_4,8,4,55.02,53.9,14.0,9.5,1,8.3,42.7,1,67.9,50.0,Defaulter
STU0140,Male,23,MCA,Final Year,Third Semester,Database Management Systems,Period_1,12,5,52.06,69.6,5.4,9.5,0,8.3,50.2,0,50.8,41.67,Defaulter
STU0140,Male,23,MCA,Final Year,Third Semester,Database Management Systems,Period_2,10,2,52.06,69.6,0.0,9.5,3,8.3,45.9,2,45.8,20.0,Defaulter
STU0140,Male,23,MCA,Final Year,Third Semester,Database Management Systems,Period_3,10,6,52.06,69.6,11.4,9.5,2,8.3,49.4,5,55.4,60.0,Defaulter
STU0140,Male,23,MCA,Final Year,Third Semester,Database Management Systems,Period_4,8,3,52.06,69.6,2.3,9.5,0,8.3,51.9,2,100.0,37.5,Defaulter
STU0140,Male,23,MCA,Final Year,Third Semester,Computer Networks,Period_1,10,6,38.0,37.8,13.6,9.5,0,8.3,50.2,1,62.6,60.0,Defaulter
STU0140,Male,23,MCA,Final Year,Third Semester,Computer Networks,Period_2,11,6,38.0,37.8,8.7,9.5,2,8.3,47.0,2,79.3,54.55,Defaulter
STU0140,Male,23,MCA,Final Year,Third Semester,Computer Networks,Period_3,8,3,38.0,37.8,6.2,9.5,3,8.3,45.9,0,79.3,37.5,Defaulter
STU0140,Male,23,MCA,Final Year,Third Semester,Computer Networks,Period_4,9,4,38.0,37.8,7.2,9.5,0,8.3,49.3,2,77.3,44.44,Defaulter
STU0140,Male,23,MCA,Final Year,Third Semester,Theory of Computation,Period_1,9,4,42.98,41.0,9.0,9.5,0,8.3,44.1,1,75.4,44.44,Defaulter
STU0140,Male,23,MCA,Final Year,Third Semester,Theory of Computation,Period_2,12,5,42.98,41.0,7.3,9.5,0,8.3,42.7,0,86.3,41.67,Defaulter
STU0140,Male,23,MCA,Final Year,Third Semester,Theory of Computation,Period_3,11,4,42.98,41.0,3.0,9.5,0,8.3,47.4,2,98.2,36.36,Defaulter
STU0140,Male,23,MCA,Final Year,Third Semester,Theory of Computation,Period_4,11,4,42.98,41.0,1.0,9.5,0,8.3,48.0,1,68.8,36.36,Defaulter
STU0140,Male,23,MCA,Final Year,Third Semester,Software Engineering,Period_1,10,4,49.44,28.4,4.2,9.5,1,8.3,47.0,0,78.7,40.0,Defaulter
STU0140,Male,23,MCA,Final Year,Third Semester,Software Engineering,Period_2,11,7,49.44,28.4,11.5,9.5,0,8.3,48.0,4,82.4,63.64,Defaulter
STU0140,Male,23,MCA,Final Year,Third Semester,Software Engineering,Period_3,12,3,49.44,28.4,5.2,9.5,0,8.3,51.3,1,58.0,25.0,Defaulter
STU0140,Male,23,MCA,Final Year,Third Semester,Software Engineering,Period_4,10,7,49.44,28.4,12.1,9.5,0,8.3,50.2,2,51.0,70.0,Defaulter
STU0141,Male,22,MCA,Final Year,Third Semester,Data Structures & Algorithms,Period_1,9,5,54.16,68.8,6.9,12.6,3,4.0,78.7,1,62.8,55.56,Defaulter
STU0141,Male,22,MCA,Final Year,Third Semester,Data Structures & Algorithms,Period_2,12,4,54.16,68.8,5.4,12.6,3,4.0,74.8,3,62.9,33.33,Defaulter
STU0141,Male,22,MCA,Final Year,Third Semester,Data Structures & Algorithms,Period_3,11,9,54.16,68.8,17.3,12.6,1,4.0,77.7,0,66.2,81.82,Regular
STU0141,Male,22,MCA,Final Year,Third Semester,Data Structures & Algorithms,Period_4,12,7,54.16,68.8,7.8,12.6,1,4.0,74.8,2,83.0,58.33,Defaulter
STU0141,Male,22,MCA,Final Year,Third Semester,Database Management Systems,Period_1,11,5,45.26,60.2,12.4,12.6,3,4.0,78.5,3,55.1,45.45,Defaulter
STU0141,Male,22,MCA,Final Year,Third Semester,Database Management Systems,Period_2,9,5,45.26,60.2,9.3,12.6,1,4.0,77.4,0,73.1,55.56,Defaulter
STU0141,Male,22,MCA,Final Year,Third Semester,Database Management Systems,Period_3,9,4,45.26,60.2,8.4,12.6,1,4.0,79.2,3,68.8,44.44,Defaulter
STU0141,Male,22,MCA,Final Year,Third Semester,Database Management Systems,Period_4,12,6,45.26,60.2,3.6,12.6,1,4.0,74.0,2,90.1,50.0,Defaulter
STU0141,Male,22,MCA,Final Year,Third Semester,Computer Networks,Period_1,8,5,47.94,44.0,13.4,12.6,1,4.0,75.9,5,66.1,62.5,Defaulter
STU0141,Male,22,MCA,Final Year,Third Semester,Computer Networks,Period_2,9,3,47.94,44.0,3.5,12.6,1,4.0,71.1,2,51.0,33.33,Defaulter
STU0141,Male,22,MCA,Final Year,Third Semester,Computer Networks,Period_3,11,5,47.94,44.0,4.5,12.6,0,4.0,77.1,3,40.7,45.45,Defaulter
STU0141,Male,22,MCA,Final Year,Third Semester,Computer Networks,Period_4,11,3,47.94,44.0,1.1,12.6,0,4.0,72.6,3,80.2,27.27,Defaulter
STU0141,Male,22,MCA,Final Year,Third Semester,Theory of Computation,Period_1,10,6,46.71,41.0,12.6,12.6,0,4.0,82.2,1,47.1,60.0,Defaulter
STU0141,Male,22,MCA,Final Year,Third Semester,Theory of Computation,Period_2,10,4,46.71,41.0,6.1,12.6,3,4.0,75.6,1,71.3,40.0,Defaulter
STU0141,Male,22,MCA,Final Year,Third Semester,Theory of Computation,Period_3,9,5,46.71,41.0,6.0,12.6,2,4.0,75.1,0,80.4,55.56,Defaulter
STU0141,Male,22,MCA,Final Year,Third Semester,Theory of Computation,Period_4,10,3,46.71,41.0,5.2,12.6,0,4.0,75.1,1,80.1,30.0,Defaulter
STU0141,Male,22,MCA,Final Year,Third Semester,Software Engineering,Period_1,11,6,57.34,43.0,15.0,12.6,1,4.0,75.5,1,54.3,54.55,Defaulter
STU0141,Male,22,MCA,Final Year,Third Semester,Software Engineering,Period_2,10,5,57.34,43.0,8.7,12.6,0,4.0,78.2,0,72.3,50.0,Defaulter
STU0141,Male,22,MCA,Final Year,Third Semester,Software Engineering,Period_3,11,6,57.34,43.0,14.5,12.6,2,4.0,76.8,1,87.3,54.55,Defaulter
STU0141,Male,22,MCA,Final Year,Third Semester,Software Engineering,Period_4,8,3,57.34,43.0,2.9,12.6,0,4.0,71.5,1,51.4,37.5,Defaulter
STU0142,Female,23,MCA,Final Year,Third Semester,Data Structures & Algorithms,Period_1,10,7,74.08,62.0,14.1,18.2,1,14.0,79.2,1,82.8,70.0,Defaulter
STU0142,Female,23,MCA,Final Year,Third Semester,Data Structures & Algorithms,Period_2,8,8,74.08,62.0,26.4,18.2,2,14.0,87.1,1,70.9,100.0,Regular
STU0142,Female,23,MCA,Final Year,Third Semester,Data Structures & Algorithms,Period_3,11,10,74.08,62.0,15.5,18.2,0,14.0,78.5,2,44.4,90.91,Regular
STU0142,Female,23,MCA,Final Year,Third Semester,Data Structures & Algorithms,Period_4,10,10,74.08,62.0,23.8,18.2,0,14.0,80.4,3,65.8,100.0,Regular
STU0142,Female,23,MCA,Final Year,Third Semester,Database Management Systems,Period_1,10,9,87.59,72.6,18.9,18.2,4,14.0,77.5,1,76.2,90.0,Regular
STU0142,Female,23,MCA,Final Year,Third Semester,Database Management Systems,Period_2,10,7,87.59,72.6,11.6,18.2,2,14.0,81.5,1,48.5,70.0,Defaulter
STU0142,Female,23,MCA,Final Year,Third Semester,Database Management Systems,Period_3,10,10,87.59,72.6,22.2,18.2,0,14.0,88.7,0,81.8,100.0,Regular
STU0142,Female,23,MCA,Final Year,Third Semester,Database Management Systems,Period_4,8,7,87.59,72.6,15.0,18.2,0,14.0,76.8,2,73.4,87.5,Regular
STU0142,Female,23,MCA,Final Year,Third Semester,Computer Networks,Period_1,10,9,100.0,72.8,16.3,18.2,1,14.0,76.1,0,45.3,90.0,Regular
STU0142,Female,23,MCA,Final Year,Third Semester,Computer Networks,Period_2,8,8,100.0,72.8,18.3,18.2,4,14.0,84.4,1,92.8,100.0,Regular
STU0142,Female,23,MCA,Final Year,Third Semester,Computer Networks,Period_3,9,7,100.0,72.8,9.5,18.2,0,14.0,76.6,0,66.0,77.78,Regular
STU0142,Female,23,MCA,Final Year,Third Semester,Computer Networks,Period_4,8,7,100.0,72.8,18.9,18.2,0,14.0,78.6,3,52.2,87.5,Regular
STU0142,Female,23,MCA,Final Year,Third Semester,Theory of Computation,Period_1,11,11,100.0,56.6,27.1,18.2,1,14.0,82.3,0,66.6,100.0,Regular
STU0142,Female,23,MCA,Final Year,Third Semester,Theory of Computation,Period_2,11,7,100.0,56.6,12.7,18.2,2,14.0,78.0,2,73.9,63.64,Defaulter
STU0142,Female,23,MCA,Final Year,Third Semester,Theory of Computation,Period_3,9,8,100.0,56.6,14.8,18.2,1,14.0,77.2,0,30.0,88.89,Regular
STU0142,Female,23,MCA,Final Year,Third Semester,Theory of Computation,Period_4,10,10,100.0,56.6,29.6,18.2,0,14.0,78.9,1,72.5,100.0,Regular
STU0142,Female,23,MCA,Final Year,Third Semester,Software Engineering,Period_1,8,8,82.83,48.5,21.6,18.2,1,14.0,86.5,2,100.0,100.0,Regular
STU0142,Female,23,MCA,Final Year,Third Semester,Software Engineering,Period_2,11,10,82.83,48.5,17.2,18.2,3,14.0,82.9,3,70.2,90.91,Regular
STU0142,Female,23,MCA,Final Year,Third Semester,Software Engineering,Period_3,9,8,82.83,48.5,13.3,18.2,1,14.0,77.5,3,59.9,88.89,Regular
STU0142,Female,23,MCA,Final Year,Third Semester,Software Engineering,Period_4,12,12,82.83,48.5,22.1,18.2,0,14.0,85.2,1,62.0,100.0,Regular
STU0143,Male,21,MCA,Final Year,Third Semester,Data Structures & Algorithms,Period_1,12,10,77.54,29.0,17.0,9.1,3,2.5,68.5,2,73.5,83.33,Regular
STU0143,Male,21,MCA,Final Year,Third Semester,Data Structures & Algorithms,Period_2,9,7,77.54,29.0,16.6,9.1,1,2.5,65.1,2,84.7,77.78,Regular
STU0143,Male,21,MCA,Final Year,Third Semester,Data Structures & Algorithms,Period_3,9,5,77.54,29.0,16.2,9.1,0,2.5,69.2,2,52.0,55.56,Defaulter
STU0143,Male,21,MCA,Final Year,Third Semester,Data Structures & Algorithms,Period_4,12,6,77.54,29.0,8.3,9.1,1,2.5,68.6,3,26.4,50.0,Defaulter
STU0143,Male,21,MCA,Final Year,Third Semester,Database Management Systems,Period_1,11,8,72.59,47.6,9.1,9.1,1,2.5,70.3,0,70.1,72.73,Defaulter
STU0143,Male,21,MCA,Final Year,Third Semester,Database Management Systems,Period_2,11,6,72.59,47.6,22.6,9.1,2,2.5,69.7,2,55.6,54.55,Defaulter
STU0143,Male,21,MCA,Final Year,Third Semester,Database Management Systems,Period_3,8,6,72.59,47.6,13.6,9.1,2,2.5,67.6,1,78.2,75.0,Regular
STU0143,Male,21,MCA,Final Year,Third Semester,Database Management Systems,Period_4,8,6,72.59,47.6,12.8,9.1,0,2.5,66.7,4,61.1,75.0,Regular
STU0143,Male,21,MCA,Final Year,Third Semester,Computer Networks,Period_1,10,6,73.03,44.4,13.0,9.1,2,2.5,65.6,2,39.0,60.0,Defaulter
STU0143,Male,21,MCA,Final Year,Third Semester,Computer Networks,Period_2,10,7,73.03,44.4,12.2,9.1,1,2.5,67.6,0,75.9,70.0,Defaulter
STU0143,Male,21,MCA,Final Year,Third Semester,Computer Networks,Period_3,10,8,73.03,44.4,18.9,9.1,1,2.5,66.5,1,82.9,80.0,Regular
STU0143,Male,21,MCA,Final Year,Third Semester,Computer Networks,Period_4,9,6,73.03,44.4,9.8,9.1,0,2.5,72.3,1,63.3,66.67,Defaulter
STU0143,Male,21,MCA,Final Year,Third Semester,Theory of Computation,Period_1,9,7,87.52,46.4,19.1,9.1,1,2.5,75.2,1,85.3,77.78,Regular
STU0143,Male,21,MCA,Final Year,Third Semester,Theory of Computation,Period_2,8,7,87.52,46.4,15.3,9.1,1,2.5,68.8,1,67.9,87.5,Regular
STU0143,Male,21,MCA,Final Year,Third Semester,Theory of Computation,Period_3,10,7,87.52,46.4,8.9,9.1,1,2.5,72.8,2,49.2,70.0,Defaulter
STU0143,Male,21,MCA,Final Year,Third Semester,Theory of Computation,Period_4,9,9,87.52,46.4,25.5,9.1,0,2.5,70.0,1,70.9,100.0,Regular
STU0143,Male,21,MCA,Final Year,Third Semester,Software Engineering,Period_1,11,6,76.47,21.7,12.1,9.1,1,2.5,64.6,1,60.5,54.55,Defaulter
STU0143,Male,21,MCA,Final Year,Third Semester,Software Engineering,Period_2,10,7,76.47,21.7,14.3,9.1,1,2.5,71.1,2,55.6,70.0,Defaulter
STU0143,Male,21,MCA,Final Year,Third Semester,Software Engineering,Period_3,8,6,76.47,21.7,11.4,9.1,1,2.5,67.2,0,99.7,75.0,Regular
STU0143,Male,21,MCA,Final Year,Third Semester,Software Engineering,Period_4,12,9,76.47,21.7,18.4,9.1,0,2.5,68.5,2,59.0,75.0,Regular
STU0144,Female,21,MCA,Final Year,Third Semester,Data Structures & Algorithms,Period_1,10,9,92.07,43.8,15.8,13.6,0,11.5,76.8,1,45.7,90.0,Regular
STU0144,Female,21,MCA,Final Year,Third Semester,Data Structures & Algorithms,Period_2,9,8,92.07,43.8,19.8,13.6,3,11.5,78.8,6,67.4,88.89,Regular
STU0144,Female,21,MCA,Final Year,Third Semester,Data Structures & Algorithms,Period_3,11,9,92.07,43.8,18.3,13.6,2,11.5,75.1,1,54.8,81.82,Regular
STU0144,Female,21,MCA,Final Year,Third Semester,Data Structures & Algorithms,Period_4,10,8,92.07,43.8,11.7,13.6,0,11.5,77.8,2,74.1,80.0,Regular
STU0144,Female,21,MCA,Final Year,Third Semester,Database Management Systems,Period_1,10,9,74.61,55.9,12.7,13.6,1,11.5,75.8,1,44.5,90.0,Regular
STU0144,Female,21,MCA,Final Year,Third Semester,Database Management Systems,Period_2,12,9,74.61,55.9,10.7,13.6,1,11.5,75.8,0,54.7,75.0,Regular
STU0144,Female,21,MCA,Final Year,Third Semester,Database Management Systems,Period_3,11,8,74.61,55.9,16.1,13.6,1,11.5,74.5,0,59.6,72.73,Defaulter
STU0144,Female,21,MCA,Final Year,Third Semester,Database Management Systems,Period_4,9,8,74.61,55.9,15.0,13.6,1,11.5,75.0,5,29.0,88.89,Regular
STU0144,Female,21,MCA,Final Year,Third Semester,Computer Networks,Period_1,10,7,82.65,44.7,18.9,13.6,0,11.5,77.6,5,81.2,70.0,Defaulter
STU0144,Female,21,MCA,Final Year,Third Semester,Computer Networks,Period_2,10,8,82.65,44.7,14.1,13.6,1,11.5,73.6,2,93.9,80.0,Regular
STU0144,Female,21,MCA,Final Year,Third Semester,Computer Networks,Period_3,12,12,82.65,44.7,18.1,13.6,1,11.5,73.1,1,78.6,100.0,Regular
STU0144,Female,21,MCA,Final Year,Third Semester,Computer Networks,Period_4,9,7,82.65,44.7,7.6,13.6,1,11.5,81.6,5,84.4,77.78,Regular
STU0144,Female,21,MCA,Final Year,Third Semester,Theory of Computation,Period_1,12,10,90.79,66.5,14.6,13.6,3,11.5,76.4,2,63.4,83.33,Regular
STU0144,Female,21,MCA,Final Year,Third Semester,Theory of Computation,Period_2,12,9,90.79,66.5,14.8,13.6,0,11.5,71.5,0,73.5,75.0,Regular
STU0144,Female,21,MCA,Final Year,Third Semester,Theory of Computation,Period_3,10,6,90.79,66.5,13.2,13.6,0,11.5,73.2,0,63.0,60.0,Defaulter
STU0144,Female,21,MCA,Final Year,Third Semester,Theory of Computation,Period_4,8,6,90.79,66.5,18.4,13.6,2,11.5,76.4,2,54.7,75.0,Regular
STU0144,Female,21,MCA,Final Year,Third Semester,Software Engineering,Period_1,8,8,81.69,75.1,16.9,13.6,2,11.5,75.8,3,67.2,100.0,Regular
STU0144,Female,21,MCA,Final Year,Third Semester,Software Engineering,Period_2,9,9,81.69,75.1,9.2,13.6,1,11.5,74.3,1,72.8,100.0,Regular
STU0144,Female,21,MCA,Final Year,Third Semester,Software Engineering,Period_3,10,7,81.69,75.1,9.5,13.6,1,11.5,84.3,1,45.1,70.0,Defaulter
STU0144,Female,21,MCA,Final Year,Third Semester,Software Engineering,Period_4,11,9,81.69,75.1,15.6,13.6,0,11.5,79.0,6,78.5,81.82,Regular
STU0145,Male,21,MCA,Final Year,Third Semester,Data Structures & Algorithms,Period_1,11,10,90.34,68.9,18.3,15.5,1,1.8,85.9,2,77.9,90.91,Regular
STU0145,Male,21,MCA,Final Year,Third Semester,Data Structures & Algorithms,Period_2,10,10,90.34,68.9,23.9,15.5,0,1.8,86.7,3,55.4,100.0,Regular
STU0145,Male,21,MCA,Final Year,Third Semester,Data Structures & Algorithms,Period_3,9,8,90.34,68.9,8.9,15.5,1,1.8,85.4,2,96.1,88.89,Regular
STU0145,Male,21,MCA,Final Year,Third Semester,Data Structures & Algorithms,Period_4,10,9,90.34,68.9,18.1,15.5,0,1.8,88.5,1,66.2,90.0,Regular
STU0145,Male,21,MCA,Final Year,Third Semester,Database Management Systems,Period_1,9,7,87.44,60.8,14.6,15.5,1,1.8,82.2,3,97.9,77.78,Regular
STU0145,Male,21,MCA,Final Year,Third Semester,Database Management Systems,Period_2,9,9,87.44,60.8,25.4,15.5,2,1.8,77.5,1,56.8,100.0,Regular
STU0145,Male,21,MCA,Final Year,Third Semester,Database Management Systems,Period_3,8,8,87.44,60.8,20.7,15.5,2,1.8,91.7,3,44.8,100.0,Regular
STU0145,Male,21,MCA,Final Year,Third Semester,Database Management Systems,Period_4,12,12,87.44,60.8,16.9,15.5,1,1.8,89.1,2,77.1,100.0,Regular
STU0145,Male,21,MCA,Final Year,Third Semester,Computer Networks,Period_1,9,7,100.0,73.9,21.8,15.5,1,1.8,81.5,1,89.7,77.78,Regular
STU0145,Male,21,MCA,Final Year,Third Semester,Computer Networks,Period_2,10,8,100.0,73.9,15.0,15.5,4,1.8,89.3,3,67.3,80.0,Regular
STU0145,Male,21,MCA,Final Year,Third Semester,Computer Networks,Period_3,11,11,100.0,73.9,17.0,15.5,1,1.8,89.3,0,79.2,100.0,Regular
STU0145,Male,21,MCA,Final Year,Third Semester,Computer Networks,Period_4,11,10,100.0,73.9,15.2,15.5,1,1.8,83.0,0,68.1,90.91,Regular
STU0145,Male,21,MCA,Final Year,Third Semester,Theory of Computation,Period_1,10,8,97.42,61.0,14.2,15.5,1,1.8,83.9,0,80.7,80.0,Regular
STU0145,Male,21,MCA,Final Year,Third Semester,Theory of Computation,Period_2,9,9,97.42,61.0,17.9,15.5,0,1.8,87.9,1,87.3,100.0,Regular
STU0145,Male,21,MCA,Final Year,Third Semester,Theory of Computation,Period_3,10,10,97.42,61.0,19.2,15.5,2,1.8,89.9,2,76.8,100.0,Regular
STU0145,Male,21,MCA,Final Year,Third Semester,Theory of Computation,Period_4,9,8,97.42,61.0,13.9,15.5,1,1.8,80.4,2,63.6,88.89,Regular
STU0145,Male,21,MCA,Final Year,Third Semester,Software Engineering,Period_1,10,10,78.78,63.0,21.2,15.5,0,1.8,90.1,1,65.6,100.0,Regular
STU0145,Male,21,MCA,Final Year,Third Semester,Software Engineering,Period_2,12,12,78.78,63.0,21.8,15.5,2,1.8,86.8,1,63.6,100.0,Regular
STU0145,Male,21,MCA,Final Year,Third Semester,Software Engineering,Period_3,12,12,78.78,63.0,16.1,15.5,3,1.8,80.0,3,70.4,100.0,Regular
STU0145,Male,21,MCA,Final Year,Third Semester,Software Engineering,Period_4,11,9,78.78,63.0,9.7,15.5,1,1.8,89.4,1,96.1,81.82,Regular
STU0146,Male,25,MCA,Final Year,Third Semester,Data Structures & Algorithms,Period_1,10,3,45.65,59.5,3.9,14.7,0,16.4,53.9,1,65.9,30.0,Defaulter
STU0146,Male,25,MCA,Final Year,Third Semester,Data Structures & Algorithms,Period_2,12,4,45.65,59.5,1.1,14.7,0,16.4,52.4,2,69.9,33.33,Defaulter
STU0146,Male,25,MCA,Final Year,Third Semester,Data Structures & Algorithms,Period_3,11,6,45.65,59.5,5.9,14.7,0,16.4,56.8,3,62.7,54.55,Defaulter
STU0146,Male,25,MCA,Final Year,Third Semester,Data Structures & Algorithms,Period_4,11,6,45.65,59.5,13.6,14.7,1,16.4,52.7,1,82.8,54.55,Defaulter
STU0146,Male,25,MCA,Final Year,Third Semester,Database Management Systems,Period_1,12,6,47.15,50.5,11.2,14.7,1,16.4,51.5,1,97.4,50.0,Defaulter
STU0146,Male,25,MCA,Final Year,Third Semester,Database Management Systems,Period_2,12,2,47.15,50.5,0.0,14.7,2,16.4,49.6,0,74.9,16.67,Defaulter
STU0146,Male,25,MCA,Final Year,Third Semester,Database Management Systems,Period_3,9,5,47.15,50.5,11.3,14.7,0,16.4,52.9,3,86.6,55.56,Defaulter
STU0146,Male,25,MCA,Final Year,Third Semester,Database Management Systems,Period_4,9,3,47.15,50.5,9.9,14.7,1,16.4,44.4,3,52.4,33.33,Defaulter
STU0146,Male,25,MCA,Final Year,Third Semester,Computer Networks,Period_1,9,5,38.0,54.0,8.8,14.7,2,16.4,56.9,4,59.5,55.56,Defaulter
STU0146,Male,25,MCA,Final Year,Third Semester,Computer Networks,Period_2,12,4,38.0,54.0,6.7,14.7,2,16.4,53.8,4,47.3,33.33,Defaulter
STU0146,Male,25,MCA,Final Year,Third Semester,Computer Networks,Period_3,10,3,38.0,54.0,3.9,14.7,0,16.4,52.6,1,79.9,30.0,Defaulter
STU0146,Male,25,MCA,Final Year,Third Semester,Computer Networks,Period_4,12,5,38.0,54.0,7.5,14.7,0,16.4,46.8,2,77.4,41.67,Defaulter
STU0146,Male,25,MCA,Final Year,Third Semester,Theory of Computation,Period_1,9,4,44.99,64.4,8.7,14.7,1,16.4,47.6,3,38.1,44.44,Defaulter
STU0146,Male,25,MCA,Final Year,Third Semester,Theory of Computation,Period_2,10,4,44.99,64.4,11.7,14.7,0,16.4,53.4,3,76.3,40.0,Defaulter
STU0146,Male,25,MCA,Final Year,Third Semester,Theory of Computation,Period_3,9,0,44.99,64.4,0.0,14.7,3,16.4,53.8,0,69.4,0.0,Defaulter
STU0146,Male,25,MCA,Final Year,Third Semester,Theory of Computation,Period_4,11,7,44.99,64.4,15.2,14.7,0,16.4,52.0,3,51.6,63.64,Defaulter
STU0146,Male,25,MCA,Final Year,Third Semester,Software Engineering,Period_1,11,7,49.42,69.7,21.4,14.7,0,16.4,52.8,0,82.7,63.64,Defaulter
STU0146,Male,25,MCA,Final Year,Third Semester,Software Engineering,Period_2,12,4,49.42,69.7,11.2,14.7,1,16.4,48.0,2,60.0,33.33,Defaulter
STU0146,Male,25,MCA,Final Year,Third Semester,Software Engineering,Period_3,9,5,49.42,69.7,15.2,14.7,1,16.4,53.8,4,83.2,55.56,Defaulter
STU0146,Male,25,MCA,Final Year,Third Semester,Software Engineering,Period_4,9,5,49.42,69.7,15.1,14.7,0,16.4,56.9,0,61.5,55.56,Defaulter
STU0147,Male,25,MCA,Final Year,Third Semester,Data Structures & Algorithms,Period_1,11,10,82.76,66.2,21.5,17.8,0,15.7,88.3,1,100.0,90.91,Regular
STU0147,Male,25,MCA,Final Year,Third Semester,Data Structures & Algorithms,Period_2,11,9,82.76,66.2,20.1,17.8,2,15.7,91.2,2,88.4,81.82,Regular
STU0147,Male,25,MCA,Final Year,Third Semester,Data Structures & Algorithms,Period_3,11,11,82.76,66.2,22.9,17.8,2,15.7,94.1,0,74.6,100.0,Regular
STU0147,Male,25,MCA,Final Year,Third Semester,Data Structures & Algorithms,Period_4,8,8,82.76,66.2,25.2,17.8,0,15.7,96.1,1,49.2,100.0,Regular
STU0147,Male,25,MCA,Final Year,Third Semester,Database Management Systems,Period_1,11,9,99.79,46.2,15.6,17.8,1,15.7,92.0,1,67.8,81.82,Regular
STU0147,Male,25,MCA,Final Year,Third Semester,Database Management Systems,Period_2,11,11,99.79,46.2,11.9,17.8,2,15.7,81.7,1,81.6,100.0,Regular
STU0147,Male,25,MCA,Final Year,Third Semester,Database Management Systems,Period_3,8,5,99.79,46.2,11.0,17.8,2,15.7,91.6,2,66.5,62.5,Defaulter
STU0147,Male,25,MCA,Final Year,Third Semester,Database Management Systems,Period_4,11,7,99.79,46.2,7.3,17.8,2,15.7,83.2,1,72.8,63.64,Defaulter
STU0147,Male,25,MCA,Final Year,Third Semester,Computer Networks,Period_1,9,9,97.33,60.4,16.9,17.8,0,15.7,96.5,1,60.6,100.0,Regular
STU0147,Male,25,MCA,Final Year,Third Semester,Computer Networks,Period_2,12,9,97.33,60.4,13.2,17.8,1,15.7,93.4,1,52.4,75.0,Regular
STU0147,Male,25,MCA,Final Year,Third Semester,Computer Networks,Period_3,8,7,97.33,60.4,14.6,17.8,0,15.7,91.3,1,77.4,87.5,Regular
STU0147,Male,25,MCA,Final Year,Third Semester,Computer Networks,Period_4,12,11,97.33,60.4,20.9,17.8,0,15.7,87.9,0,49.9,91.67,Regular
STU0147,Male,25,MCA,Final Year,Third Semester,Theory of Computation,Period_1,9,9,99.72,68.2,16.1,17.8,0,15.7,85.3,0,60.5,100.0,Regular
STU0147,Male,25,MCA,Final Year,Third Semester,Theory of Computation,Period_2,9,8,99.72,68.2,12.9,17.8,0,15.7,88.0,3,92.2,88.89,Regular
STU0147,Male,25,MCA,Final Year,Third Semester,Theory of Computation,Period_3,10,10,99.72,68.2,23.8,17.8,3,15.7,95.1,4,77.0,100.0,Regular
STU0147,Male,25,MCA,Final Year,Third Semester,Theory of Computation,Period_4,12,12,99.72,68.2,21.3,17.8,1,15.7,90.7,1,92.6,100.0,Regular
STU0147,Male,25,MCA,Final Year,Third Semester,Software Engineering,Period_1,12,12,90.15,61.4,24.7,17.8,2,15.7,89.0,0,85.7,100.0,Regular
STU0147,Male,25,MCA,Final Year,Third Semester,Software Engineering,Period_2,11,9,90.15,61.4,21.1,17.8,0,15.7,91.2,3,76.1,81.82,Regular
STU0147,Male,25,MCA,Final Year,Third Semester,Software Engineering,Period_3,8,8,90.15,61.4,18.2,17.8,0,15.7,91.3,1,61.8,100.0,Regular
STU0147,Male,25,MCA,Final Year,Third Semester,Software Engineering,Period_4,12,9,90.15,61.4,18.5,17.8,1,15.7,85.9,2,64.5,75.0,Regular
STU0148,Male,24,MCA,Final Year,Third Semester,Data Structures & Algorithms,Period_1,9,7,78.35,53.7,18.3,12.7,0,10.1,68.8,1,76.0,77.78,Regular
STU0148,Male,24,MCA,Final Year,Third Semester,Data Structures & Algorithms,Period_2,10,6,78.35,53.7,22.1,12.7,0,10.1,65.6,5,69.3,60.0,Defaulter
STU0148,Male,24,MCA,Final Year,Third Semester,Data Structures & Algorithms,Period_3,11,9,78.35,53.7,14.5,12.7,0,10.1,64.9,1,74.9,81.82,Regular
STU0148,Male,24,MCA,Final Year,Third Semester,Data Structures & Algorithms,Period_4,11,9,78.35,53.7,14.2,12.7,2,10.1,71.6,1,76.2,81.82,Regular
STU0148,Male,24,MCA,Final Year,Third Semester,Database Management Systems,Period_1,11,6,67.66,49.6,11.7,12.7,3,10.1,65.0,2,100.0,54.55,Defaulter
STU0148,Male,24,MCA,Final Year,Third Semester,Database Management Systems,Period_2,8,7,67.66,49.6,14.6,12.7,1,10.1,69.9,1,75.9,87.5,Regular
STU0148,Male,24,MCA,Final Year,Third Semester,Database Management Systems,Period_3,8,5,67.66,49.6,14.5,12.7,2,10.1,69.4,2,61.4,62.5,Defaulter
STU0148,Male,24,MCA,Final Year,Third Semester,Database Management Systems,Period_4,9,6,67.66,49.6,16.9,12.7,2,10.1,73.0,1,86.5,66.67,Defaulter
STU0148,Male,24,MCA,Final Year,Third Semester,Computer Networks,Period_1,9,7,89.58,63.4,8.7,12.7,2,10.1,70.5,2,58.5,77.78,Regular
STU0148,Male,24,MCA,Final Year,Third Semester,Computer Networks,Period_2,12,8,89.58,63.4,10.9,12.7,1,10.1,74.5,4,71.6,66.67,Defaulter
STU0148,Male,24,MCA,Final Year,Third Semester,Computer Networks,Period_3,8,6,89.58,63.4,14.7,12.7,2,10.1,71.1,1,69.3,75.0,Regular
STU0148,Male,24,MCA,Final Year,Third Semester,Computer Networks,Period_4,9,6,89.58,63.4,7.0,12.7,0,10.1,63.8,0,71.1,66.67,Defaulter
STU0148,Male,24,MCA,Final Year,Third Semester,Theory of Computation,Period_1,8,5,67.81,57.2,12.4,12.7,0,10.1,70.3,3,71.6,62.5,Defaulter
STU0148,Male,24,MCA,Final Year,Third Semester,Theory of Computation,Period_2,12,9,67.81,57.2,16.1,12.7,1,10.1,69.9,1,80.6,75.0,Regular
STU0148,Male,24,MCA,Final Year,Third Semester,Theory of Computation,Period_3,10,9,67.81,57.2,13.3,12.7,2,10.1,71.3,3,80.2,90.0,Regular
STU0148,Male,24,MCA,Final Year,Third Semester,Theory of Computation,Period_4,10,8,67.81,57.2,16.0,12.7,1,10.1,66.3,2,78.1,80.0,Regular
STU0148,Male,24,MCA,Final Year,Third Semester,Software Engineering,Period_1,8,7,78.78,58.4,13.9,12.7,3,10.1,69.8,4,80.7,87.5,Regular
STU0148,Male,24,MCA,Final Year,Third Semester,Software Engineering,Period_2,10,8,78.78,58.4,15.2,12.7,0,10.1,70.9,2,65.9,80.0,Regular
STU0148,Male,24,MCA,Final Year,Third Semester,Software Engineering,Period_3,12,10,78.78,58.4,15.5,12.7,1,10.1,70.0,1,39.0,83.33,Regular
STU0148,Male,24,MCA,Final Year,Third Semester,Software Engineering,Period_4,12,9,78.78,58.4,10.4,12.7,2,10.1,71.3,3,74.9,75.0,Regular
STU0149,Other,20,MCA,Final Year,Third Semester,Data Structures & Algorithms,Period_1,12,5,75.84,64.1,9.2,12.0,3,5.9,62.8,1,72.6,41.67,Defaulter
STU0149,Other,20,MCA,Final Year,Third Semester,Data Structures & Algorithms,Period_2,10,5,75.84,64.1,12.2,12.0,2,5.9,66.3,4,79.1,50.0,Defaulter
STU0149,Other,20,MCA,Final Year,Third Semester,Data Structures & Algorithms,Period_3,12,8,75.84,64.1,8.6,12.0,2,5.9,61.9,0,44.8,66.67,Defaulter
STU0149,Other,20,MCA,Final Year,Third Semester,Data Structures & Algorithms,Period_4,10,7,75.84,64.1,11.8,12.0,0,5.9,62.8,3,47.3,70.0,Defaulter
STU0149,Other,20,MCA,Final Year,Third Semester,Database Management Systems,Period_1,9,7,64.54,76.9,13.3,12.0,1,5.9,68.0,3,78.7,77.78,Regular
STU0149,Other,20,MCA,Final Year,Third Semester,Database Management Systems,Period_2,11,9,64.54,76.9,23.8,12.0,0,5.9,59.6,0,63.3,81.82,Regular
STU0149,Other,20,MCA,Final Year,Third Semester,Database Management Systems,Period_3,8,5,64.54,76.9,11.3,12.0,0,5.9,61.2,0,71.0,62.5,Defaulter
STU0149,Other,20,MCA,Final Year,Third Semester,Database Management Systems,Period_4,9,5,64.54,76.9,11.5,12.0,1,5.9,60.1,2,68.2,55.56,Defaulter
STU0149,Other,20,MCA,Final Year,Third Semester,Computer Networks,Period_1,10,9,64.55,66.9,20.0,12.0,0,5.9,69.0,1,62.9,90.0,Regular
STU0149,Other,20,MCA,Final Year,Third Semester,Computer Networks,Period_2,11,7,64.55,66.9,14.7,12.0,2,5.9,61.9,2,54.1,63.64,Defaulter
STU0149,Other,20,MCA,Final Year,Third Semester,Computer Networks,Period_3,8,4,64.55,66.9,5.7,12.0,0,5.9,61.9,0,53.6,50.0,Defaulter
STU0149,Other,20,MCA,Final Year,Third Semester,Computer Networks,Period_4,10,7,64.55,66.9,10.9,12.0,1,5.9,61.4,3,85.0,70.0,Defaulter
STU0149,Other,20,MCA,Final Year,Third Semester,Theory of Computation,Period_1,11,8,57.98,38.3,18.8,12.0,3,5.9,62.2,2,86.1,72.73,Defaulter
STU0149,Other,20,MCA,Final Year,Third Semester,Theory of Computation,Period_2,10,5,57.98,38.3,15.1,12.0,1,5.9,60.0,3,64.7,50.0,Defaulter
STU0149,Other,20,MCA,Final Year,Third Semester,Theory of Computation,Period_3,8,6,57.98,38.3,6.4,12.0,3,5.9,63.6,2,54.1,75.0,Regular
STU0149,Other,20,MCA,Final Year,Third Semester,Theory of Computation,Period_4,12,6,57.98,38.3,6.1,12.0,0,5.9,62.4,1,36.9,50.0,Defaulter
STU0149,Other,20,MCA,Final Year,Third Semester,Software Engineering,Period_1,12,9,69.12,36.0,14.0,12.0,2,5.9,62.2,2,62.8,75.0,Regular
STU0149,Other,20,MCA,Final Year,Third Semester,Software Engineering,Period_2,12,8,69.12,36.0,16.9,12.0,2,5.9,64.5,4,61.7,66.67,Defaulter
STU0149,Other,20,MCA,Final Year,Third Semester,Software Engineering,Period_3,9,7,69.12,36.0,14.6,12.0,1,5.9,60.3,1,67.7,77.78,Regular
STU0149,Other,20,MCA,Final Year,Third Semester,Software Engineering,Period_4,12,8,69.12,36.0,9.1,12.0,1,5.9,66.8,3,81.5,66.67,Defaulter
STU0150,Male,22,MCA,Final Year,Third Semester,Data Structures & Algorithms,Period_1,11,7,64.79,74.3,7.5,17.3,1,8.8,78.5,0,84.9,63.64,Defaulter
STU0150,Male,22,MCA,Final Year,Third Semester,Data Structures & Algorithms,Period_2,10,7,64.79,74.3,14.2,17.3,0,8.8,82.2,3,37.4,70.0,Defaulter
STU0150,Male,22,MCA,Final Year,Third Semester,Data Structures & Algorithms,Period_3,8,4,64.79,74.3,8.8,17.3,2,8.8,85.2,1,43.0,50.0,Defaulter
STU0150,Male,22,MCA,Final Year,Third Semester,Data Structures & Algorithms,Period_4,8,5,64.79,74.3,15.2,17.3,1,8.8,88.1,3,86.5,62.5,Defaulter
STU0150,Male,22,MCA,Final Year,Third Semester,Database Management Systems,Period_1,9,8,56.82,51.1,28.0,17.3,1,8.8,78.4,3,52.0,88.89,Regular
STU0150,Male,22,MCA,Final Year,Third Semester,Database Management Systems,Period_2,10,8,56.82,51.1,12.1,17.3,0,8.8,81.9,2,74.9,80.0,Regular
STU0150,Male,22,MCA,Final Year,Third Semester,Database Management Systems,Period_3,10,6,56.82,51.1,8.3,17.3,2,8.8,82.2,1,64.1,60.0,Defaulter
STU0150,Male,22,MCA,Final Year,Third Semester,Database Management Systems,Period_4,11,7,56.82,51.1,11.6,17.3,1,8.8,83.9,1,80.3,63.64,Defaulter
STU0150,Male,22,MCA,Final Year,Third Semester,Computer Networks,Period_1,9,8,69.59,57.6,20.8,17.3,1,8.8,82.5,3,61.1,88.89,Regular
STU0150,Male,22,MCA,Final Year,Third Semester,Computer Networks,Period_2,9,5,69.59,57.6,3.6,17.3,1,8.8,78.8,1,87.6,55.56,Defaulter
STU0150,Male,22,MCA,Final Year,Third Semester,Computer Networks,Period_3,12,9,69.59,57.6,10.9,17.3,3,8.8,82.1,3,94.9,75.0,Regular
STU0150,Male,22,MCA,Final Year,Third Semester,Computer Networks,Period_4,9,5,69.59,57.6,5.7,17.3,1,8.8,83.6,1,64.1,55.56,Defaulter
STU0150,Male,22,MCA,Final Year,Third Semester,Theory of Computation,Period_1,10,5,75.75,65.4,10.8,17.3,0,8.8,81.1,0,66.5,50.0,Defaulter
STU0150,Male,22,MCA,Final Year,Third Semester,Theory of Computation,Period_2,11,10,75.75,65.4,21.9,17.3,1,8.8,81.0,0,72.1,90.91,Regular
STU0150,Male,22,MCA,Final Year,Third Semester,Theory of Computation,Period_3,8,5,75.75,65.4,14.6,17.3,0,8.8,79.8,3,39.0,62.5,Defaulter
STU0150,Male,22,MCA,Final Year,Third Semester,Theory of Computation,Period_4,8,6,75.75,65.4,22.8,17.3,1,8.8,81.7,3,84.4,75.0,Regular
STU0150,Male,22,MCA,Final Year,Third Semester,Software Engineering,Period_1,8,5,73.44,62.8,9.7,17.3,1,8.8,80.5,1,67.3,62.5,Defaulter
STU0150,Male,22,MCA,Final Year,Third Semester,Software Engineering,Period_2,11,5,73.44,62.8,7.9,17.3,1,8.8,83.5,3,70.6,45.45,Defaulter
STU0150,Male,22,MCA,Final Year,Third Semester,Software Engineering,Period_3,9,6,73.44,62.8,12.9,17.3,1,8.8,79.3,2,84.6,66.67,Defaulter
STU0150,Male,22,MCA,Final Year,Third Semester,Software Engineering,Period_4,11,8,73.44,62.8,15.5,17.3,1,8.8,82.2,3,35.0,72.73,Defaulter
STU0151,Female,25,MCA,Final Year,Third Semester,Data Structures & Algorithms,Period_1,11,11,90.05,70.3,13.6,16.9,0,14.0,76.2,3,60.5,100.0,Regular
STU0151,Female,25,MCA,Final Year,Third Semester,Data Structures & Algorithms,Period_2,10,9,90.05,70.3,17.1,16.9,0,14.0,73.4,1,26.5,90.0,Regular
STU0151,Female,25,MCA,Final Year,Third Semester,Data Structures & Algorithms,Period_3,8,8,90.05,70.3,10.3,16.9,0,14.0,77.5,1,70.6,100.0,Regular
STU0151,Female,25,MCA,Final Year,Third Semester,Data Structures & Algorithms,Period_4,11,9,90.05,70.3,17.5,16.9,1,14.0,74.5,3,69.9,81.82,Regular
STU0151,Female,25,MCA,Final Year,Third Semester,Database Management Systems,Period_1,12,5,98.89,67.7,8.8,16.9,0,14.0,68.1,3,61.7,41.67,Defaulter
STU0151,Female,25,MCA,Final Year,Third Semester,Database Management Systems,Period_2,8,7,98.89,67.7,18.8,16.9,1,14.0,71.6,4,73.2,87.5,Regular
STU0151,Female,25,MCA,Final Year,Third Semester,Database Management Systems,Period_3,11,11,98.89,67.7,22.5,16.9,0,14.0,72.0,1,62.0,100.0,Regular
STU0151,Female,25,MCA,Final Year,Third Semester,Database Management Systems,Period_4,12,11,98.89,67.7,10.6,16.9,2,14.0,77.2,3,73.2,91.67,Regular
STU0151,Female,25,MCA,Final Year,Third Semester,Computer Networks,Period_1,11,9,93.4,72.0,19.2,16.9,0,14.0,74.2,2,86.7,81.82,Regular
STU0151,Female,25,MCA,Final Year,Third Semester,Computer Networks,Period_2,8,7,93.4,72.0,19.0,16.9,1,14.0,73.9,0,62.1,87.5,Regular
STU0151,Female,25,MCA,Final Year,Third Semester,Computer Networks,Period_3,9,7,93.4,72.0,14.2,16.9,2,14.0,67.0,1,100.0,77.78,Regular
STU0151,Female,25,MCA,Final Year,Third Semester,Computer Networks,Period_4,8,6,93.4,72.0,18.8,16.9,0,14.0,77.1,2,42.5,75.0,Regular
STU0151,Female,25,MCA,Final Year,Third Semester,Theory of Computation,Period_1,9,8,78.08,68.6,22.1,16.9,0,14.0,70.9,0,37.7,88.89,Regular
STU0151,Female,25,MCA,Final Year,Third Semester,Theory of Computation,Period_2,11,9,78.08,68.6,15.2,16.9,0,14.0,74.4,2,18.9,81.82,Regular
STU0151,Female,25,MCA,Final Year,Third Semester,Theory of Computation,Period_3,11,11,78.08,68.6,14.9,16.9,0,14.0,73.5,2,80.9,100.0,Regular
STU0151,Female,25,MCA,Final Year,Third Semester,Theory of Computation,Period_4,9,8,78.08,68.6,14.8,16.9,0,14.0,78.2,1,61.2,88.89,Regular
STU0151,Female,25,MCA,Final Year,Third Semester,Software Engineering,Period_1,10,6,92.78,84.7,5.0,16.9,0,14.0,70.2,4,62.1,60.0,Defaulter
STU0151,Female,25,MCA,Final Year,Third Semester,Software Engineering,Period_2,8,8,92.78,84.7,15.9,16.9,1,14.0,70.2,2,56.9,100.0,Regular
STU0151,Female,25,MCA,Final Year,Third Semester,Software Engineering,Period_3,12,10,92.78,84.7,16.4,16.9,0,14.0,74.4,0,92.9,83.33,Regular
STU0151,Female,25,MCA,Final Year,Third Semester,Software Engineering,Period_4,10,10,92.78,84.7,20.7,16.9,2,14.0,72.9,2,76.5,100.0,Regular
STU0152,Male,20,MCA,Final Year,Third Semester,Data Structures & Algorithms,Period_1,8,6,70.17,77.7,15.9,14.1,3,19.8,77.5,0,100.0,75.0,Regular
STU0152,Male,20,MCA,Final Year,Third Semester,Data Structures & Algorithms,Period_2,8,5,70.17,77.7,14.6,14.1,3,19.8,67.8,4,55.1,62.5,Defaulter
STU0152,Male,20,MCA,Final Year,Third Semester,Data Structures & Algorithms,Period_3,9,4,70.17,77.7,8.8,14.1,3,19.8,80.4,0,91.8,44.44,Defaulter
STU0152,Male,20,MCA,Final Year,Third Semester,Data Structures & Algorithms,Period_4,8,7,70.17,77.7,15.2,14.1,1,19.8,80.5,4,77.9,87.5,Regular
STU0152,Male,20,MCA,Final Year,Third Semester,Database Management Systems,Period_1,11,6,73.25,43.7,13.9,14.1,1,19.8,72.9,1,58.1,54.55,Defaulter
STU0152,Male,20,MCA,Final Year,Third Semester,Database Management Systems,Period_2,9,7,73.25,43.7,6.9,14.1,2,19.8,70.6,1,36.0,77.78,Regular
STU0152,Male,20,MCA,Final Year,Third Semester,Database Management Systems,Period_3,9,9,73.25,43.7,16.8,14.1,1,19.8,80.0,3,70.8,100.0,Regular
STU0152,Male,20,MCA,Final Year,Third Semester,Database Management Systems,Period_4,10,7,73.25,43.7,9.1,14.1,0,19.8,77.4,2,85.8,70.0,Defaulter
STU0152,Male,20,MCA,Final Year,Third Semester,Computer Networks,Period_1,8,6,83.32,63.7,9.0,14.1,3,19.8,75.9,2,40.3,75.0,Regular
STU0152,Male,20,MCA,Final Year,Third Semester,Computer Networks,Period_2,11,10,83.32,63.7,8.5,14.1,1,19.8,78.8,2,64.1,90.91,Regular
STU0152,Male,20,MCA,Final Year,Third Semester,Computer Networks,Period_3,11,8,83.32,63.7,13.8,14.1,3,19.8,81.6,2,48.4,72.73,Defaulter
STU0152,Male,20,MCA,Final Year,Third Semester,Computer Networks,Period_4,11,7,83.32,63.7,10.6,14.1,3,19.8,77.9,3,79.1,63.64,Defaulter
STU0152,Male,20,MCA,Final Year,Third Semester,Theory of Computation,Period_1,8,7,78.73,69.8,15.4,14.1,4,19.8,73.0,0,96.4,87.5,Regular
STU0152,Male,20,MCA,Final Year,Third Semester,Theory of Computation,Period_2,11,9,78.73,69.8,19.0,14.1,1,19.8,76.7,2,75.6,81.82,Regular
STU0152,Male,20,MCA,Final Year,Third Semester,Theory of Computation,Period_3,12,12,78.73,69.8,20.5,14.1,2,19.8,71.8,1,56.2,100.0,Regular
STU0152,Male,20,MCA,Final Year,Third Semester,Theory of Computation,Period_4,11,11,78.73,69.8,18.1,14.1,0,19.8,74.5,0,92.3,100.0,Regular
STU0152,Male,20,MCA,Final Year,Third Semester,Software Engineering,Period_1,9,6,76.92,53.9,9.8,14.1,0,19.8,72.2,2,62.4,66.67,Defaulter
STU0152,Male,20,MCA,Final Year,Third Semester,Software Engineering,Period_2,12,10,76.92,53.9,10.7,14.1,1,19.8,79.4,2,87.2,83.33,Regular
STU0152,Male,20,MCA,Final Year,Third Semester,Software Engineering,Period_3,10,8,76.92,53.9,12.3,14.1,1,19.8,77.1,1,50.5,80.0,Regular
STU0152,Male,20,MCA,Final Year,Third Semester,Software Engineering,Period_4,10,8,76.92,53.9,17.7,14.1,3,19.8,72.6,0,100.0,80.0,Regular
STU0153,Male,23,MCA,Final Year,Third Semester,Data Structures & Algorithms,Period_1,11,8,68.73,44.3,9.2,13.4,2,3.8,57.0,3,68.2,72.73,Defaulter
STU0153,Male,23,MCA,Final Year,Third Semester,Data Structures & Algorithms,Period_2,11,7,68.73,44.3,11.4,13.4,1,3.8,58.9,1,66.2,63.64,Defaulter
STU0153,Male,23,MCA,Final Year,Third Semester,Data Structures & Algorithms,Period_3,12,12,68.73,44.3,19.9,13.4,2,3.8,59.1,4,60.8,100.0,Regular
STU0153,Male,23,MCA,Final Year,Third Semester,Data Structures & Algorithms,Period_4,10,6,68.73,44.3,7.2,13.4,1,3.8,60.1,0,55.6,60.0,Defaulter
STU0153,Male,23,MCA,Final Year,Third Semester,Database Management Systems,Period_1,12,8,76.24,69.0,10.6,13.4,1,3.8,61.8,0,45.5,66.67,Defaulter
STU0153,Male,23,MCA,Final Year,Third Semester,Database Management Systems,Period_2,9,5,76.24,69.0,16.8,13.4,0,3.8,48.8,0,67.5,55.56,Defaulter
STU0153,Male,23,MCA,Final Year,Third Semester,Database Management Systems,Period_3,9,6,76.24,69.0,16.4,13.4,1,3.8,57.4,1,79.7,66.67,Defaulter
STU0153,Male,23,MCA,Final Year,Third Semester,Database Management Systems,Period_4,12,6,76.24,69.0,17.5,13.4,2,3.8,66.0,3,87.7,50.0,Defaulter
STU0153,Male,23,MCA,Final Year,Third Semester,Computer Networks,Period_1,11,8,61.33,61.3,15.9,13.4,2,3.8,54.8,1,64.5,72.73,Defaulter
STU0153,Male,23,MCA,Final Year,Third Semester,Computer Networks,Period_2,12,6,61.33,61.3,16.3,13.4,2,3.8,53.3,4,85.2,50.0,Defaulter
STU0153,Male,23,MCA,Final Year,Third Semester,Computer Networks,Period_3,8,6,61.33,61.3,26.3,13.4,0,3.8,60.7,2,67.3,75.0,Regular
STU0153,Male,23,MCA,Final Year,Third Semester,Computer Networks,Period_4,10,8,61.33,61.3,10.8,13.4,0,3.8,57.6,4,71.1,80.0,Regular
STU0153,Male,23,MCA,Final Year,Third Semester,Theory of Computation,Period_1,10,7,70.48,48.9,14.7,13.4,2,3.8,62.0,3,83.4,70.0,Defaulter
STU0153,Male,23,MCA,Final Year,Third Semester,Theory of Computation,Period_2,9,5,70.48,48.9,8.6,13.4,2,3.8,54.2,0,37.3,55.56,Defaulter
STU0153,Male,23,MCA,Final Year,Third Semester,Theory of Computation,Period_3,8,5,70.48,48.9,6.3,13.4,3,3.8,52.6,0,65.6,62.5,Defaulter
STU0153,Male,23,MCA,Final Year,Third Semester,Theory of Computation,Period_4,9,6,70.48,48.9,7.9,13.4,0,3.8,49.1,4,77.2,66.67,Defaulter
STU0153,Male,23,MCA,Final Year,Third Semester,Software Engineering,Period_1,11,8,56.88,41.6,14.8,13.4,0,3.8,59.4,1,72.7,72.73,Defaulter
STU0153,Male,23,MCA,Final Year,Third Semester,Software Engineering,Period_2,8,6,56.88,41.6,19.1,13.4,0,3.8,60.7,0,77.7,75.0,Regular
STU0153,Male,23,MCA,Final Year,Third Semester,Software Engineering,Period_3,12,8,56.88,41.6,13.7,13.4,0,3.8,60.0,1,53.8,66.67,Defaulter
STU0153,Male,23,MCA,Final Year,Third Semester,Software Engineering,Period_4,12,7,56.88,41.6,13.5,13.4,4,3.8,55.1,3,69.4,58.33,Defaulter
STU0154,Female,25,MCA,Final Year,Third Semester,Data Structures & Algorithms,Period_1,12,10,100.0,46.1,12.4,17.0,0,9.9,71.5,3,79.9,83.33,Regular
STU0154,Female,25,MCA,Final Year,Third Semester,Data Structures & Algorithms,Period_2,12,11,100.0,46.1,18.4,17.0,3,9.9,69.3,0,60.2,91.67,Regular
STU0154,Female,25,MCA,Final Year,Third Semester,Data Structures & Algorithms,Period_3,8,7,100.0,46.1,17.4,17.0,0,9.9,73.4,2,88.4,87.5,Regular
STU0154,Female,25,MCA,Final Year,Third Semester,Data Structures & Algorithms,Period_4,8,7,100.0,46.1,20.9,17.0,1,9.9,75.5,3,37.4,87.5,Regular
STU0154,Female,25,MCA,Final Year,Third Semester,Database Management Systems,Period_1,10,10,95.77,78.7,15.9,17.0,0,9.9,68.4,2,90.9,100.0,Regular
STU0154,Female,25,MCA,Final Year,Third Semester,Database Management Systems,Period_2,8,7,95.77,78.7,18.1,17.0,0,9.9,76.8,3,52.8,87.5,Regular
STU0154,Female,25,MCA,Final Year,Third Semester,Database Management Systems,Period_3,9,8,95.77,78.7,8.2,17.0,1,9.9,73.0,4,91.8,88.89,Regular
STU0154,Female,25,MCA,Final Year,Third Semester,Database Management Systems,Period_4,10,9,95.77,78.7,18.7,17.0,1,9.9,71.7,0,78.2,90.0,Regular
STU0154,Female,25,MCA,Final Year,Third Semester,Computer Networks,Period_1,12,12,89.81,75.7,17.7,17.0,2,9.9,78.1,0,79.8,100.0,Regular
STU0154,Female,25,MCA,Final Year,Third Semester,Computer Networks,Period_2,9,8,89.81,75.7,15.4,17.0,2,9.9,69.7,5,53.0,88.89,Regular
STU0154,Female,25,MCA,Final Year,Third Semester,Computer Networks,Period_3,8,7,89.81,75.7,22.9,17.0,1,9.9,79.4,1,81.5,87.5,Regular
STU0154,Female,25,MCA,Final Year,Third Semester,Computer Networks,Period_4,12,10,89.81,75.7,15.3,17.0,0,9.9,77.4,4,53.1,83.33,Regular
STU0154,Female,25,MCA,Final Year,Third Semester,Theory of Computation,Period_1,10,7,94.67,71.5,11.9,17.0,0,9.9,69.8,3,60.0,70.0,Defaulter
STU0154,Female,25,MCA,Final Year,Third Semester,Theory of Computation,Period_2,11,11,94.67,71.5,23.5,17.0,0,9.9,76.6,2,90.7,100.0,Regular
STU0154,Female,25,MCA,Final Year,Third Semester,Theory of Computation,Period_3,12,12,94.67,71.5,22.6,17.0,1,9.9,72.8,1,44.4,100.0,Regular
STU0154,Female,25,MCA,Final Year,Third Semester,Theory of Computation,Period_4,10,10,94.67,71.5,25.5,17.0,0,9.9,78.5,2,70.0,100.0,Regular
STU0154,Female,25,MCA,Final Year,Third Semester,Software Engineering,Period_1,10,10,100.0,64.7,14.3,17.0,3,9.9,77.4,3,76.8,100.0,Regular
STU0154,Female,25,MCA,Final Year,Third Semester,Software Engineering,Period_2,11,10,100.0,64.7,16.7,17.0,1,9.9,72.1,2,82.3,90.91,Regular
STU0154,Female,25,MCA,Final Year,Third Semester,Software Engineering,Period_3,12,10,100.0,64.7,11.3,17.0,3,9.9,78.5,2,63.5,83.33,Regular
STU0154,Female,25,MCA,Final Year,Third Semester,Software Engineering,Period_4,11,11,100.0,64.7,21.2,17.0,1,9.9,79.5,2,42.1,100.0,Regular
STU0155,Male,22,MCA,Final Year,Third Semester,Data Structures & Algorithms,Period_1,8,4,64.91,30.7,17.3,11.3,0,9.2,74.1,5,25.5,50.0,Defaulter
STU0155,Male,22,MCA,Final Year,Third Semester,Data Structures & Algorithms,Period_2,9,6,64.91,30.7,13.1,11.3,0,9.2,72.7,3,50.6,66.67,Defaulter
STU0155,Male,22,MCA,Final Year,Third Semester,Data Structures & Algorithms,Period_3,9,5,64.91,30.7,7.7,11.3,0,9.2,66.0,5,62.5,55.56,Defaulter
STU0155,Male,22,MCA,Final Year,Third Semester,Data Structures & Algorithms,Period_4,9,5,64.91,30.7,9.6,11.3,1,9.2,62.8,0,55.2,55.56,Defaulter
STU0155,Male,22,MCA,Final Year,Third Semester,Database Management Systems,Period_1,12,8,67.26,60.2,16.6,11.3,0,9.2,69.9,0,77.2,66.67,Defaulter
STU0155,Male,22,MCA,Final Year,Third Semester,Database Management Systems,Period_2,12,6,67.26,60.2,9.1,11.3,0,9.2,71.3,0,66.1,50.0,Defaulter
STU0155,Male,22,MCA,Final Year,Third Semester,Database Management Systems,Period_3,11,7,67.26,60.2,3.0,11.3,0,9.2,68.6,2,83.4,63.64,Defaulter
STU0155,Male,22,MCA,Final Year,Third Semester,Database Management Systems,Period_4,11,7,67.26,60.2,9.3,11.3,1,9.2,68.3,3,70.9,63.64,Defaulter
STU0155,Male,22,MCA,Final Year,Third Semester,Computer Networks,Period_1,12,8,63.42,46.7,15.7,11.3,1,9.2,64.5,0,85.2,66.67,Defaulter
STU0155,Male,22,MCA,Final Year,Third Semester,Computer Networks,Period_2,10,5,63.42,46.7,10.4,11.3,1,9.2,67.8,2,67.2,50.0,Defaulter
STU0155,Male,22,MCA,Final Year,Third Semester,Computer Networks,Period_3,11,5,63.42,46.7,7.3,11.3,5,9.2,70.2,2,96.1,45.45,Defaulter
STU0155,Male,22,MCA,Final Year,Third Semester,Computer Networks,Period_4,11,8,63.42,46.7,17.7,11.3,0,9.2,72.1,6,86.4,72.73,Defaulter
STU0155,Male,22,MCA,Final Year,Third Semester,Theory of Computation,Period_1,9,5,66.54,58.8,2.4,11.3,2,9.2,73.4,3,67.1,55.56,Defaulter
STU0155,Male,22,MCA,Final Year,Third Semester,Theory of Computation,Period_2,10,5,66.54,58.8,10.7,11.3,0,9.2,65.7,4,58.2,50.0,Defaulter
STU0155,Male,22,MCA,Final Year,Third Semester,Theory of Computation,Period_3,12,6,66.54,58.8,10.2,11.3,5,9.2,65.0,1,66.5,50.0,Defaulter
STU0155,Male,22,MCA,Final Year,Third Semester,Theory of Computation,Period_4,10,7,66.54,58.8,9.5,11.3,1,9.2,68.0,0,59.3,70.0,Defaulter
STU0155,Male,22,MCA,Final Year,Third Semester,Software Engineering,Period_1,11,6,62.09,51.6,10.2,11.3,0,9.2,61.9,0,65.9,54.55,Defaulter
STU0155,Male,22,MCA,Final Year,Third Semester,Software Engineering,Period_2,12,5,62.09,51.6,3.6,11.3,2,9.2,66.4,2,83.5,41.67,Defaulter
STU0155,Male,22,MCA,Final Year,Third Semester,Software Engineering,Period_3,10,5,62.09,51.6,1.7,11.3,3,9.2,71.7,2,66.2,50.0,Defaulter
STU0155,Male,22,MCA,Final Year,Third Semester,Software Engineering,Period_4,9,8,62.09,51.6,14.8,11.3,1,9.2,66.2,2,87.8,88.89,Regular
STU0156,Male,21,MCA,Final Year,Third Semester,Data Structures & Algorithms,Period_1,8,4,46.4,44.2,7.2,12.8,3,2.9,45.5,1,51.0,50.0,Defaulter
STU0156,Male,21,MCA,Final Year,Third Semester,Data Structures & Algorithms,Period_2,12,4,46.4,44.2,3.5,12.8,2,2.9,45.4,2,81.2,33.33,Defaulter
STU0156,Male,21,MCA,Final Year,Third Semester,Data Structures & Algorithms,Period_3,8,5,46.4,44.2,13.9,12.8,0,2.9,42.5,0,59.7,62.5,Defaulter
STU0156,Male,21,MCA,Final Year,Third Semester,Data Structures & Algorithms,Period_4,9,6,46.4,44.2,13.0,12.8,0,2.9,46.1,2,46.7,66.67,Defaulter
STU0156,Male,21,MCA,Final Year,Third Semester,Database Management Systems,Period_1,9,4,61.05,80.6,3.0,12.8,1,2.9,48.1,1,70.2,44.44,Defaulter
STU0156,Male,21,MCA,Final Year,Third Semester,Database Management Systems,Period_2,9,5,61.05,80.6,5.6,12.8,0,2.9,48.7,0,51.8,55.56,Defaulter
STU0156,Male,21,MCA,Final Year,Third Semester,Database Management Systems,Period_3,9,2,61.05,80.6,1.1,12.8,0,2.9,46.5,0,41.1,22.22,Defaulter
STU0156,Male,21,MCA,Final Year,Third Semester,Database Management Systems,Period_4,9,4,61.05,80.6,15.8,12.8,0,2.9,48.1,1,85.3,44.44,Defaulter
STU0156,Male,21,MCA,Final Year,Third Semester,Computer Networks,Period_1,8,5,56.67,69.1,9.4,12.8,2,2.9,50.2,4,70.1,62.5,Defaulter
STU0156,Male,21,MCA,Final Year,Third Semester,Computer Networks,Period_2,10,6,56.67,69.1,15.3,12.8,3,2.9,48.8,4,61.1,60.0,Defaulter
STU0156,Male,21,MCA,Final Year,Third Semester,Computer Networks,Period_3,11,5,56.67,69.1,3.2,12.8,2,2.9,46.6,1,43.2,45.45,Defaulter
STU0156,Male,21,MCA,Final Year,Third Semester,Computer Networks,Period_4,9,6,56.67,69.1,13.6,12.8,1,2.9,48.7,2,55.1,66.67,Defaulter
STU0156,Male,21,MCA,Final Year,Third Semester,Theory of Computation,Period_1,11,7,38.0,48.8,10.6,12.8,2,2.9,47.1,1,96.1,63.64,Defaulter
STU0156,Male,21,MCA,Final Year,Third Semester,Theory of Computation,Period_2,12,6,38.0,48.8,8.6,12.8,4,2.9,49.3,2,73.8,50.0,Defaulter
STU0156,Male,21,MCA,Final Year,Third Semester,Theory of Computation,Period_3,9,5,38.0,48.8,8.6,12.8,1,2.9,43.8,4,98.3,55.56,Defaulter
STU0156,Male,21,MCA,Final Year,Third Semester,Theory of Computation,Period_4,8,4,38.0,48.8,10.8,12.8,1,2.9,49.3,0,92.4,50.0,Defaulter
STU0156,Male,21,MCA,Final Year,Third Semester,Software Engineering,Period_1,10,5,40.62,62.5,11.0,12.8,1,2.9,41.8,0,71.8,50.0,Defaulter
STU0156,Male,21,MCA,Final Year,Third Semester,Software Engineering,Period_2,12,9,40.62,62.5,12.7,12.8,0,2.9,53.5,3,100.0,75.0,Regular
STU0156,Male,21,MCA,Final Year,Third Semester,Software Engineering,Period_3,10,5,40.62,62.5,9.5,12.8,0,2.9,48.9,1,74.4,50.0,Defaulter
STU0156,Male,21,MCA,Final Year,Third Semester,Software Engineering,Period_4,12,6,40.62,62.5,11.4,12.8,1,2.9,49.2,2,41.6,50.0,Defaulter
STU0157,Male,22,MCA,Final Year,Third Semester,Data Structures & Algorithms,Period_1,9,6,72.84,63.2,12.9,14.9,2,13.9,68.8,0,71.9,66.67,Defaulter
STU0157,Male,22,MCA,Final Year,Third Semester,Data Structures & Algorithms,Period_2,9,8,72.84,63.2,18.1,14.9,2,13.9,67.8,1,100.0,88.89,Regular
STU0157,Male,22,MCA,Final Year,Third Semester,Data Structures & Algorithms,Period_3,9,6,72.84,63.2,8.0,14.9,2,13.9,68.0,2,83.9,66.67,Defaulter
STU0157,Male,22,MCA,Final Year,Third Semester,Data Structures & Algorithms,Period_4,11,7,72.84,63.2,12.3,14.9,1,13.9,70.6,1,82.2,63.64,Defaulter
STU0157,Male,22,MCA,Final Year,Third Semester,Database Management Systems,Period_1,10,9,77.88,36.4,18.1,14.9,1,13.9,72.1,1,93.4,90.0,Regular
STU0157,Male,22,MCA,Final Year,Third Semester,Database Management Systems,Period_2,10,7,77.88,36.4,7.4,14.9,4,13.9,68.0,1,47.5,70.0,Defaulter
STU0157,Male,22,MCA,Final Year,Third Semester,Database Management Systems,Period_3,9,5,77.88,36.4,8.5,14.9,1,13.9,71.6,3,56.4,55.56,Defaulter
STU0157,Male,22,MCA,Final Year,Third Semester,Database Management Systems,Period_4,11,7,77.88,36.4,14.0,14.9,1,13.9,63.4,2,65.9,63.64,Defaulter
STU0157,Male,22,MCA,Final Year,Third Semester,Computer Networks,Period_1,9,7,71.48,62.7,10.1,14.9,0,13.9,68.7,3,24.0,77.78,Regular
STU0157,Male,22,MCA,Final Year,Third Semester,Computer Networks,Period_2,11,5,71.48,62.7,7.8,14.9,2,13.9,64.2,0,100.0,45.45,Defaulter
STU0157,Male,22,MCA,Final Year,Third Semester,Computer Networks,Period_3,9,8,71.48,62.7,20.7,14.9,1,13.9,66.8,3,31.2,88.89,Regular
STU0157,Male,22,MCA,Final Year,Third Semester,Computer Networks,Period_4,9,7,71.48,62.7,17.7,14.9,2,13.9,69.9,0,52.3,77.78,Regular
STU0157,Male,22,MCA,Final Year,Third Semester,Theory of Computation,Period_1,12,12,77.51,54.0,12.4,14.9,1,13.9,70.8,0,47.0,100.0,Regular
STU0157,Male,22,MCA,Final Year,Third Semester,Theory of Computation,Period_2,10,6,77.51,54.0,21.5,14.9,0,13.9,64.5,5,77.7,60.0,Defaulter
STU0157,Male,22,MCA,Final Year,Third Semester,Theory of Computation,Period_3,12,8,77.51,54.0,14.3,14.9,2,13.9,69.3,4,50.7,66.67,Defaulter
STU0157,Male,22,MCA,Final Year,Third Semester,Theory of Computation,Period_4,12,7,77.51,54.0,13.7,14.9,1,13.9,71.2,2,58.4,58.33,Defaulter
STU0157,Male,22,MCA,Final Year,Third Semester,Software Engineering,Period_1,11,7,71.71,54.4,7.8,14.9,0,13.9,64.2,1,76.6,63.64,Defaulter
STU0157,Male,22,MCA,Final Year,Third Semester,Software Engineering,Period_2,10,5,71.71,54.4,11.4,14.9,1,13.9,68.4,1,87.9,50.0,Defaulter
STU0157,Male,22,MCA,Final Year,Third Semester,Software Engineering,Period_3,8,6,71.71,54.4,16.1,14.9,2,13.9,67.3,2,64.8,75.0,Regular
STU0157,Male,22,MCA,Final Year,Third Semester,Software Engineering,Period_4,12,9,71.71,54.4,16.9,14.9,0,13.9,65.7,0,70.4,75.0,Regular
STU0158,Male,23,MCA,Final Year,Third Semester,Data Structures & Algorithms,Period_1,9,9,81.68,52.5,16.4,15.1,0,10.2,73.2,5,54.8,100.0,Regular
STU0158,Male,23,MCA,Final Year,Third Semester,Data Structures & Algorithms,Period_2,9,9,81.68,52.5,20.4,15.1,0,10.2,74.3,1,38.9,100.0,Regular
STU0158,Male,23,MCA,Final Year,Third Semester,Data Structures & Algorithms,Period_3,12,11,81.68,52.5,24.3,15.1,0,10.2,81.4,4,57.3,91.67,Regular
STU0158,Male,23,MCA,Final Year,Third Semester,Data Structures & Algorithms,Period_4,9,7,81.68,52.5,19.5,15.1,4,10.2,76.5,2,66.7,77.78,Regular
STU0158,Male,23,MCA,Final Year,Third Semester,Database Management Systems,Period_1,9,7,96.0,50.2,14.6,15.1,1,10.2,83.5,7,62.2,77.78,Regular
STU0158,Male,23,MCA,Final Year,Third Semester,Database Management Systems,Period_2,9,8,96.0,50.2,15.5,15.1,0,10.2,78.5,2,72.1,88.89,Regular
STU0158,Male,23,MCA,Final Year,Third Semester,Database Management Systems,Period_3,9,6,96.0,50.2,13.9,15.1,2,10.2,80.0,0,51.1,66.67,Defaulter
STU0158,Male,23,MCA,Final Year,Third Semester,Database Management Systems,Period_4,10,9,96.0,50.2,17.6,15.1,1,10.2,76.3,1,57.6,90.0,Regular
STU0158,Male,23,MCA,Final Year,Third Semester,Computer Networks,Period_1,10,9,87.39,52.2,16.4,15.1,1,10.2,68.7,2,60.3,90.0,Regular
STU0158,Male,23,MCA,Final Year,Third Semester,Computer Networks,Period_2,12,10,87.39,52.2,14.3,15.1,0,10.2,78.1,2,58.8,83.33,Regular
STU0158,Male,23,MCA,Final Year,Third Semester,Computer Networks,Period_3,8,8,87.39,52.2,18.0,15.1,2,10.2,79.0,4,81.3,100.0,Regular
STU0158,Male,23,MCA,Final Year,Third Semester,Computer Networks,Period_4,8,8,87.39,52.2,19.7,15.1,1,10.2,76.1,2,70.8,100.0,Regular
STU0158,Male,23,MCA,Final Year,Third Semester,Theory of Computation,Period_1,8,8,84.33,65.2,11.1,15.1,1,10.2,77.0,3,52.6,100.0,Regular
STU0158,Male,23,MCA,Final Year,Third Semester,Theory of Computation,Period_2,8,6,84.33,65.2,19.2,15.1,1,10.2,84.4,1,90.6,75.0,Regular
STU0158,Male,23,MCA,Final Year,Third Semester,Theory of Computation,Period_3,8,8,84.33,65.2,18.0,15.1,0,10.2,76.7,3,62.5,100.0,Regular
STU0158,Male,23,MCA,Final Year,Third Semester,Theory of Computation,Period_4,12,10,84.33,65.2,11.9,15.1,2,10.2,76.2,1,40.4,83.33,Regular
STU0158,Male,23,MCA,Final Year,Third Semester,Software Engineering,Period_1,11,8,83.41,71.9,13.9,15.1,0,10.2,78.1,1,72.2,72.73,Defaulter
STU0158,Male,23,MCA,Final Year,Third Semester,Software Engineering,Period_2,9,9,83.41,71.9,12.0,15.1,0,10.2,76.9,3,59.8,100.0,Regular
STU0158,Male,23,MCA,Final Year,Third Semester,Software Engineering,Period_3,10,10,83.41,71.9,17.2,15.1,2,10.2,77.9,3,67.9,100.0,Regular
STU0158,Male,23,MCA,Final Year,Third Semester,Software Engineering,Period_4,10,8,83.41,71.9,5.9,15.1,2,10.2,83.1,2,65.7,80.0,Regular
STU0159,Female,24,MCA,Final Year,Third Semester,Data Structures & Algorithms,Period_1,9,9,81.08,65.9,16.6,16.8,1,36.9,66.9,0,63.8,100.0,Regular
STU0159,Female,24,MCA,Final Year,Third Semester,Data Structures & Algorithms,Period_2,12,11,81.08,65.9,15.8,16.8,0,36.9,68.4,2,40.2,91.67,Regular
STU0159,Female,24,MCA,Final Year,Third Semester,Data Structures & Algorithms,Period_3,10,8,81.08,65.9,24.8,16.8,1,36.9,71.4,4,43.2,80.0,Regular
STU0159,Female,24,MCA,Final Year,Third Semester,Data Structures & Algorithms,Period_4,10,7,81.08,65.9,9.4,16.8,1,36.9,63.9,1,58.2,70.0,Defaulter
STU0159,Female,24,MCA,Final Year,Third Semester,Database Management Systems,Period_1,9,7,85.62,55.2,10.8,16.8,2,36.9,68.0,2,43.9,77.78,Regular
STU0159,Female,24,MCA,Final Year,Third Semester,Database Management Systems,Period_2,11,10,85.62,55.2,15.0,16.8,0,36.9,67.5,1,83.9,90.91,Regular
STU0159,Female,24,MCA,Final Year,Third Semester,Database Management Systems,Period_3,12,10,85.62,55.2,13.9,16.8,1,36.9,68.0,3,63.0,83.33,Regular
STU0159,Female,24,MCA,Final Year,Third Semester,Database Management Systems,Period_4,10,5,85.62,55.2,9.3,16.8,1,36.9,67.6,2,83.2,50.0,Defaulter
STU0159,Female,24,MCA,Final Year,Third Semester,Computer Networks,Period_1,8,7,86.36,74.1,10.6,16.8,0,36.9,64.5,5,84.3,87.5,Regular
STU0159,Female,24,MCA,Final Year,Third Semester,Computer Networks,Period_2,9,7,86.36,74.1,9.2,16.8,2,36.9,69.5,3,99.2,77.78,Regular
STU0159,Female,24,MCA,Final Year,Third Semester,Computer Networks,Period_3,12,12,86.36,74.1,17.8,16.8,2,36.9,70.7,3,82.6,100.0,Regular
STU0159,Female,24,MCA,Final Year,Third Semester,Computer Networks,Period_4,8,7,86.36,74.1,13.7,16.8,2,36.9,68.9,2,72.2,87.5,Regular
STU0159,Female,24,MCA,Final Year,Third Semester,Theory of Computation,Period_1,10,7,90.61,64.9,10.8,16.8,3,36.9,71.8,2,85.9,70.0,Defaulter
STU0159,Female,24,MCA,Final Year,Third Semester,Theory of Computation,Period_2,9,9,90.61,64.9,24.3,16.8,1,36.9,66.2,4,71.6,100.0,Regular
STU0159,Female,24,MCA,Final Year,Third Semester,Theory of Computation,Period_3,9,8,90.61,64.9,9.0,16.8,0,36.9,64.8,1,74.7,88.89,Regular
STU0159,Female,24,MCA,Final Year,Third Semester,Theory of Computation,Period_4,12,12,90.61,64.9,20.3,16.8,5,36.9,65.2,1,32.0,100.0,Regular
STU0159,Female,24,MCA,Final Year,Third Semester,Software Engineering,Period_1,9,7,85.68,58.2,12.6,16.8,0,36.9,62.3,2,80.7,77.78,Regular
STU0159,Female,24,MCA,Final Year,Third Semester,Software Engineering,Period_2,8,7,85.68,58.2,19.5,16.8,1,36.9,62.7,0,86.7,87.5,Regular
STU0159,Female,24,MCA,Final Year,Third Semester,Software Engineering,Period_3,10,7,85.68,58.2,7.4,16.8,1,36.9,68.6,0,41.8,70.0,Defaulter
STU0159,Female,24,MCA,Final Year,Third Semester,Software Engineering,Period_4,12,11,85.68,58.2,14.9,16.8,1,36.9,72.6,3,64.6,91.67,Regular
STU0160,Male,24,MCA,Final Year,Third Semester,Data Structures & Algorithms,Period_1,12,5,49.43,37.0,10.8,9.1,1,2.1,54.8,3,85.4,41.67,Defaulter
STU0160,Male,24,MCA,Final Year,Third Semester,Data Structures & Algorithms,Period_2,11,6,49.43,37.0,17.4,9.1,1,2.1,55.1,0,49.6,54.55,Defaulter
STU0160,Male,24,MCA,Final Year,Third Semester,Data Structures & Algorithms,Period_3,9,4,49.43,37.0,7.8,9.1,1,2.1,57.4,3,58.4,44.44,Defaulter
STU0160,Male,24,MCA,Final Year,Third Semester,Data Structures & Algorithms,Period_4,10,6,49.43,37.0,11.3,9.1,1,2.1,56.6,3,59.5,60.0,Defaulter
STU0160,Male,24,MCA,Final Year,Third Semester,Database Management Systems,Period_1,12,7,57.79,33.4,1.6,9.1,1,2.1,66.2,1,90.1,58.33,Defaulter
STU0160,Male,24,MCA,Final Year,Third Semester,Database Management Systems,Period_2,9,6,57.79,33.4,7.3,9.1,1,2.1,56.5,3,86.8,66.67,Defaulter
STU0160,Male,24,MCA,Final Year,Third Semester,Database Management Systems,Period_3,12,10,57.79,33.4,16.6,9.1,2,2.1,59.8,2,58.0,83.33,Regular
STU0160,Male,24,MCA,Final Year,Third Semester,Database Management Systems,Period_4,12,8,57.79,33.4,13.8,9.1,3,2.1,52.9,0,65.3,66.67,Defaulter
STU0160,Male,24,MCA,Final Year,Third Semester,Computer Networks,Period_1,12,6,41.58,31.0,11.9,9.1,0,2.1,60.1,1,83.0,50.0,Defaulter
STU0160,Male,24,MCA,Final Year,Third Semester,Computer Networks,Period_2,8,5,41.58,31.0,10.3,9.1,2,2.1,56.8,3,68.9,62.5,Defaulter
STU0160,Male,24,MCA,Final Year,Third Semester,Computer Networks,Period_3,10,6,41.58,31.0,14.2,9.1,0,2.1,61.9,2,44.8,60.0,Defaulter
STU0160,Male,24,MCA,Final Year,Third Semester,Computer Networks,Period_4,8,4,41.58,31.0,10.3,9.1,1,2.1,56.1,1,43.8,50.0,Defaulter
STU0160,Male,24,MCA,Final Year,Third Semester,Theory of Computation,Period_1,9,5,52.79,39.6,16.7,9.1,2,2.1,54.1,3,61.8,55.56,Defaulter
STU0160,Male,24,MCA,Final Year,Third Semester,Theory of Computation,Period_2,10,6,52.79,39.6,12.7,9.1,1,2.1,59.0,2,89.7,60.0,Defaulter
STU0160,Male,24,MCA,Final Year,Third Semester,Theory of Computation,Period_3,9,4,52.79,39.6,11.3,9.1,4,2.1,61.5,0,89.0,44.44,Defaulter
STU0160,Male,24,MCA,Final Year,Third Semester,Theory of Computation,Period_4,8,3,52.79,39.6,8.5,9.1,1,2.1,63.9,1,80.0,37.5,Defaulter
STU0160,Male,24,MCA,Final Year,Third Semester,Software Engineering,Period_1,9,5,58.37,57.7,11.0,9.1,0,2.1,61.1,4,76.7,55.56,Defaulter
STU0160,Male,24,MCA,Final Year,Third Semester,Software Engineering,Period_2,9,5,58.37,57.7,16.0,9.1,3,2.1,59.4,1,56.8,55.56,Defaulter
STU0160,Male,24,MCA,Final Year,Third Semester,Software Engineering,Period_3,8,4,58.37,57.7,11.0,9.1,1,2.1,57.0,1,64.5,50.0,Defaulter
STU0160,Male,24,MCA,Final Year,Third Semester,Software Engineering,Period_4,8,5,58.37,57.7,13.5,9.1,3,2.1,59.0,3,60.0,62.5,Defaulter
STU0161,Female,22,MCA,Final Year,Third Semester,Data Structures & Algorithms,Period_1,10,7,66.28,75.7,14.2,11.3,1,11.1,74.8,4,61.7,70.0,Defaulter
STU0161,Female,22,MCA,Final Year,Third Semester,Data Structures & Algorithms,Period_2,9,6,66.28,75.7,16.9,11.3,2,11.1,67.8,2,90.3,66.67,Defaulter
STU0161,Female,22,MCA,Final Year,Third Semester,Data Structures & Algorithms,Period_3,10,5,66.28,75.7,5.5,11.3,1,11.1,67.9,1,71.7,50.0,Defaulter
STU0161,Female,22,MCA,Final Year,Third Semester,Data Structures & Algorithms,Period_4,10,4,66.28,75.7,7.4,11.3,1,11.1,74.9,0,44.8,40.0,Defaulter
STU0161,Female,22,MCA,Final Year,Third Semester,Database Management Systems,Period_1,11,7,57.12,33.0,12.3,11.3,0,11.1,68.8,4,53.1,63.64,Defaulter
STU0161,Female,22,MCA,Final Year,Third Semester,Database Management Systems,Period_2,9,7,57.12,33.0,12.6,11.3,4,11.1,69.7,4,68.1,77.78,Regular
STU0161,Female,22,MCA,Final Year,Third Semester,Database Management Systems,Period_3,8,5,57.12,33.0,13.2,11.3,1,11.1,70.1,3,72.1,62.5,Defaulter
STU0161,Female,22,MCA,Final Year,Third Semester,Database Management Systems,Period_4,11,8,57.12,33.0,14.5,11.3,0,11.1,65.7,2,46.3,72.73,Defaulter
STU0161,Female,22,MCA,Final Year,Third Semester,Computer Networks,Period_1,10,7,56.43,64.0,7.1,11.3,0,11.1,75.1,1,77.2,70.0,Defaulter
STU0161,Female,22,MCA,Final Year,Third Semester,Computer Networks,Period_2,8,6,56.43,64.0,19.7,11.3,1,11.1,79.8,1,87.7,75.0,Regular
STU0161,Female,22,MCA,Final Year,Third Semester,Computer Networks,Period_3,9,5,56.43,64.0,6.6,11.3,3,11.1,78.2,1,19.7,55.56,Defaulter
STU0161,Female,22,MCA,Final Year,Third Semester,Computer Networks,Period_4,12,9,56.43,64.0,12.6,11.3,0,11.1,71.3,1,60.2,75.0,Regular
STU0161,Female,22,MCA,Final Year,Third Semester,Theory of Computation,Period_1,10,5,63.96,46.7,10.5,11.3,0,11.1,71.3,2,70.4,50.0,Defaulter
STU0161,Female,22,MCA,Final Year,Third Semester,Theory of Computation,Period_2,12,8,63.96,46.7,14.7,11.3,0,11.1,73.5,1,65.8,66.67,Defaulter
STU0161,Female,22,MCA,Final Year,Third Semester,Theory of Computation,Period_3,12,6,63.96,46.7,15.0,11.3,1,11.1,71.0,0,69.9,50.0,Defaulter
STU0161,Female,22,MCA,Final Year,Third Semester,Theory of Computation,Period_4,11,5,63.96,46.7,7.5,11.3,2,11.1,72.2,3,84.4,45.45,Defaulter
STU0161,Female,22,MCA,Final Year,Third Semester,Software Engineering,Period_1,11,6,69.05,66.9,13.9,11.3,1,11.1,73.4,1,49.8,54.55,Defaulter
STU0161,Female,22,MCA,Final Year,Third Semester,Software Engineering,Period_2,8,6,69.05,66.9,13.2,11.3,0,11.1,69.3,1,70.1,75.0,Regular
STU0161,Female,22,MCA,Final Year,Third Semester,Software Engineering,Period_3,12,8,69.05,66.9,11.9,11.3,2,11.1,69.7,4,82.2,66.67,Defaulter
STU0161,Female,22,MCA,Final Year,Third Semester,Software Engineering,Period_4,12,10,69.05,66.9,15.1,11.3,1,11.1,75.4,0,76.4,83.33,Regular
STU0162,Female,20,MCA,Final Year,Third Semester,Data Structures & Algorithms,Period_1,9,9,79.95,44.3,18.7,14.8,4,5.1,87.2,2,79.2,100.0,Regular
STU0162,Female,20,MCA,Final Year,Third Semester,Data Structures & Algorithms,Period_2,8,5,79.95,44.3,13.0,14.8,0,5.1,80.7,1,68.7,62.5,Defaulter
STU0162,Female,20,MCA,Final Year,Third Semester,Data Structures & Algorithms,Period_3,10,7,79.95,44.3,16.9,14.8,0,5.1,83.6,4,33.9,70.0,Defaulter
STU0162,Female,20,MCA,Final Year,Third Semester,Data Structures & Algorithms,Period_4,10,9,79.95,44.3,26.3,14.8,2,5.1,80.5,0,65.6,90.0,Regular
STU0162,Female,20,MCA,Final Year,Third Semester,Database Management Systems,Period_1,9,6,84.04,53.3,25.1,14.8,2,5.1,77.4,1,90.6,66.67,Defaulter
STU0162,Female,20,MCA,Final Year,Third Semester,Database Management Systems,Period_2,11,7,84.04,53.3,5.2,14.8,0,5.1,87.4,1,61.3,63.64,Defaulter
STU0162,Female,20,MCA,Final Year,Third Semester,Database Management Systems,Period_3,11,8,84.04,53.3,12.9,14.8,2,5.1,86.1,3,60.5,72.73,Defaulter
STU0162,Female,20,MCA,Final Year,Third Semester,Database Management Systems,Period_4,10,10,84.04,53.3,24.7,14.8,1,5.1,77.7,1,44.8,100.0,Regular
STU0162,Female,20,MCA,Final Year,Third Semester,Computer Networks,Period_1,9,8,75.53,75.7,12.3,14.8,1,5.1,80.7,1,78.4,88.89,Regular
STU0162,Female,20,MCA,Final Year,Third Semester,Computer Networks,Period_2,9,8,75.53,75.7,13.0,14.8,1,5.1,87.6,2,67.1,88.89,Regular
STU0162,Female,20,MCA,Final Year,Third Semester,Computer Networks,Period_3,12,11,75.53,75.7,16.5,14.8,1,5.1,84.5,2,60.8,91.67,Regular
STU0162,Female,20,MCA,Final Year,Third Semester,Computer Networks,Period_4,8,6,75.53,75.7,9.2,14.8,0,5.1,84.0,3,99.5,75.0,Regular
STU0162,Female,20,MCA,Final Year,Third Semester,Theory of Computation,Period_1,9,6,78.91,53.1,12.3,14.8,0,5.1,83.1,1,35.2,66.67,Defaulter
STU0162,Female,20,MCA,Final Year,Third Semester,Theory of Computation,Period_2,10,9,78.91,53.1,15.2,14.8,0,5.1,84.6,3,86.0,90.0,Regular
STU0162,Female,20,MCA,Final Year,Third Semester,Theory of Computation,Period_3,11,10,78.91,53.1,17.7,14.8,1,5.1,76.7,5,100.0,90.91,Regular
STU0162,Female,20,MCA,Final Year,Third Semester,Theory of Computation,Period_4,12,9,78.91,53.1,16.4,14.8,2,5.1,81.9,2,30.7,75.0,Regular
STU0162,Female,20,MCA,Final Year,Third Semester,Software Engineering,Period_1,9,8,70.4,64.5,17.2,14.8,3,5.1,86.4,3,30.4,88.89,Regular
STU0162,Female,20,MCA,Final Year,Third Semester,Software Engineering,Period_2,12,12,70.4,64.5,21.1,14.8,1,5.1,86.5,2,89.0,100.0,Regular
STU0162,Female,20,MCA,Final Year,Third Semester,Software Engineering,Period_3,9,7,70.4,64.5,18.1,14.8,1,5.1,78.6,0,72.6,77.78,Regular
STU0162,Female,20,MCA,Final Year,Third Semester,Software Engineering,Period_4,11,9,70.4,64.5,16.0,14.8,0,5.1,83.7,3,48.8,81.82,Regular
STU0163,Female,22,MCA,Final Year,Third Semester,Data Structures & Algorithms,Period_1,8,6,99.22,42.3,7.2,16.8,0,6.7,94.6,3,83.4,75.0,Regular
STU0163,Female,22,MCA,Final Year,Third Semester,Data Structures & Algorithms,Period_2,9,9,99.22,42.3,11.0,16.8,0,6.7,89.0,7,78.6,100.0,Regular
STU0163,Female,22,MCA,Final Year,Third Semester,Data Structures & Algorithms,Period_3,8,7,99.22,42.3,13.3,16.8,3,6.7,94.5,2,57.8,87.5,Regular
STU0163,Female,22,MCA,Final Year,Third Semester,Data Structures & Algorithms,Period_4,12,8,99.22,42.3,12.0,16.8,1,6.7,89.9,1,65.4,66.67,Defaulter
STU0163,Female,22,MCA,Final Year,Third Semester,Database Management Systems,Period_1,11,9,93.85,54.6,14.9,16.8,0,6.7,100.0,3,43.8,81.82,Regular
STU0163,Female,22,MCA,Final Year,Third Semester,Database Management Systems,Period_2,9,7,93.85,54.6,13.8,16.8,0,6.7,89.6,0,86.5,77.78,Regular
STU0163,Female,22,MCA,Final Year,Third Semester,Database Management Systems,Period_3,12,9,93.85,54.6,11.3,16.8,0,6.7,95.8,3,82.2,75.0,Regular
STU0163,Female,22,MCA,Final Year,Third Semester,Database Management Systems,Period_4,10,9,93.85,54.6,11.6,16.8,2,6.7,95.7,2,68.6,90.0,Regular
STU0163,Female,22,MCA,Final Year,Third Semester,Computer Networks,Period_1,11,10,90.3,49.3,15.6,16.8,2,6.7,95.9,0,55.6,90.91,Regular
STU0163,Female,22,MCA,Final Year,Third Semester,Computer Networks,Period_2,10,10,90.3,49.3,19.1,16.8,1,6.7,95.2,4,41.6,100.0,Regular
STU0163,Female,22,MCA,Final Year,Third Semester,Computer Networks,Period_3,10,8,90.3,49.3,14.3,16.8,0,6.7,100.0,1,54.8,80.0,Regular
STU0163,Female,22,MCA,Final Year,Third Semester,Computer Networks,Period_4,8,8,90.3,49.3,18.4,16.8,2,6.7,100.0,1,67.8,100.0,Regular
STU0163,Female,22,MCA,Final Year,Third Semester,Theory of Computation,Period_1,12,7,94.09,57.6,20.0,16.8,2,6.7,98.3,1,38.1,58.33,Defaulter
STU0163,Female,22,MCA,Final Year,Third Semester,Theory of Computation,Period_2,12,9,94.09,57.6,15.5,16.8,2,6.7,97.0,2,57.6,75.0,Regular
STU0163,Female,22,MCA,Final Year,Third Semester,Theory of Computation,Period_3,12,12,94.09,57.6,23.2,16.8,2,6.7,88.9,3,84.4,100.0,Regular
STU0163,Female,22,MCA,Final Year,Third Semester,Theory of Computation,Period_4,11,10,94.09,57.6,20.6,16.8,0,6.7,100.0,2,53.7,90.91,Regular
STU0163,Female,22,MCA,Final Year,Third Semester,Software Engineering,Period_1,9,9,89.12,59.7,16.8,16.8,2,6.7,94.8,4,58.6,100.0,Regular
STU0163,Female,22,MCA,Final Year,Third Semester,Software Engineering,Period_2,12,8,89.12,59.7,8.4,16.8,1,6.7,93.2,0,51.4,66.67,Defaulter
STU0163,Female,22,MCA,Final Year,Third Semester,Software Engineering,Period_3,9,7,89.12,59.7,10.5,16.8,0,6.7,93.4,2,61.0,77.78,Regular
STU0163,Female,22,MCA,Final Year,Third Semester,Software Engineering,Period_4,12,10,89.12,59.7,11.4,16.8,1,6.7,100.0,2,69.7,83.33,Regular
STU0164,Male,22,MCA,Final Year,Third Semester,Data Structures & Algorithms,Period_1,12,11,100.0,53.0,18.0,15.0,0,0.7,70.7,4,90.3,91.67,Regular
STU0164,Male,22,MCA,Final Year,Third Semester,Data Structures & Algorithms,Period_2,9,9,100.0,53.0,17.6,15.0,0,0.7,72.5,0,92.0,100.0,Regular
STU0164,Male,22,MCA,Final Year,Third Semester,Data Structures & Algorithms,Period_3,11,11,100.0,53.0,26.1,15.0,2,0.7,75.4,1,69.8,100.0,Regular
STU0164,Male,22,MCA,Final Year,Third Semester,Data Structures & Algorithms,Period_4,12,9,100.0,53.0,16.4,15.0,0,0.7,69.4,0,69.2,75.0,Regular
STU0164,Male,22,MCA,Final Year,Third Semester,Database Management Systems,Period_1,9,8,83.16,61.9,15.4,15.0,5,0.7,66.6,1,68.6,88.89,Regular
STU0164,Male,22,MCA,Final Year,Third Semester,Database Management Systems,Period_2,9,8,83.16,61.9,24.5,15.0,1,0.7,74.4,4,94.3,88.89,Regular
STU0164,Male,22,MCA,Final Year,Third Semester,Database Management Systems,Period_3,9,7,83.16,61.9,13.6,15.0,0,0.7,71.6,2,49.6,77.78,Regular
STU0164,Male,22,MCA,Final Year,Third Semester,Database Management Systems,Period_4,10,10,83.16,61.9,18.8,15.0,1,0.7,76.0,2,59.4,100.0,Regular
STU0164,Male,22,MCA,Final Year,Third Semester,Computer Networks,Period_1,8,5,96.2,78.2,14.3,15.0,5,0.7,71.8,4,70.2,62.5,Defaulter
STU0164,Male,22,MCA,Final Year,Third Semester,Computer Networks,Period_2,12,10,96.2,78.2,17.0,15.0,2,0.7,75.0,0,74.2,83.33,Regular
STU0164,Male,22,MCA,Final Year,Third Semester,Computer Networks,Period_3,11,9,96.2,78.2,19.5,15.0,3,0.7,71.7,3,86.4,81.82,Regular
STU0164,Male,22,MCA,Final Year,Third Semester,Computer Networks,Period_4,11,9,96.2,78.2,11.2,15.0,1,0.7,72.9,3,81.6,81.82,Regular
STU0164,Male,22,MCA,Final Year,Third Semester,Theory of Computation,Period_1,12,11,80.28,62.5,15.0,15.0,0,0.7,75.7,2,77.9,91.67,Regular
STU0164,Male,22,MCA,Final Year,Third Semester,Theory of Computation,Period_2,10,9,80.28,62.5,17.5,15.0,0,0.7,73.5,3,89.0,90.0,Regular
STU0164,Male,22,MCA,Final Year,Third Semester,Theory of Computation,Period_3,12,11,80.28,62.5,20.8,15.0,1,0.7,74.6,1,69.7,91.67,Regular
STU0164,Male,22,MCA,Final Year,Third Semester,Theory of Computation,Period_4,8,8,80.28,62.5,24.1,15.0,1,0.7,73.3,3,75.0,100.0,Regular
STU0164,Male,22,MCA,Final Year,Third Semester,Software Engineering,Period_1,10,8,75.05,64.2,11.2,15.0,0,0.7,68.9,1,41.9,80.0,Regular
STU0164,Male,22,MCA,Final Year,Third Semester,Software Engineering,Period_2,12,12,75.05,64.2,17.7,15.0,2,0.7,73.6,4,69.4,100.0,Regular
STU0164,Male,22,MCA,Final Year,Third Semester,Software Engineering,Period_3,8,7,75.05,64.2,22.3,15.0,0,0.7,73.0,0,69.9,87.5,Regular
STU0164,Male,22,MCA,Final Year,Third Semester,Software Engineering,Period_4,10,9,75.05,64.2,22.6,15.0,2,0.7,75.7,1,60.1,90.0,Regular
STU0165,Male,20,MCA,Final Year,Third Semester,Data Structures & Algorithms,Period_1,10,10,99.88,69.0,19.3,16.9,3,20.9,80.4,3,57.9,100.0,Regular
STU0165,Male,20,MCA,Final Year,Third Semester,Data Structures & Algorithms,Period_2,11,10,99.88,69.0,17.5,16.9,0,20.9,83.2,5,37.1,90.91,Regular
STU0165,Male,20,MCA,Final Year,Third Semester,Data Structures & Algorithms,Period_3,9,7,99.88,69.0,18.7,16.9,0,20.9,78.4,3,67.8,77.78,Regular
STU0165,Male,20,MCA,Final Year,Third Semester,Data Structures & Algorithms,Period_4,9,9,99.88,69.0,21.6,16.9,1,20.9,85.2,2,45.1,100.0,Regular
STU0165,Male,20,MCA,Final Year,Third Semester,Database Management Systems,Period_1,12,12,100.0,52.1,17.3,16.9,1,20.9,80.8,2,65.5,100.0,Regular
STU0165,Male,20,MCA,Final Year,Third Semester,Database Management Systems,Period_2,9,9,100.0,52.1,26.1,16.9,0,20.9,88.3,2,70.2,100.0,Regular
STU0165,Male,20,MCA,Final Year,Third Semester,Database Management Systems,Period_3,12,12,100.0,52.1,20.0,16.9,3,20.9,88.0,0,87.9,100.0,Regular
STU0165,Male,20,MCA,Final Year,Third Semester,Database Management Systems,Period_4,11,11,100.0,52.1,16.9,16.9,2,20.9,82.7,3,75.7,100.0,Regular
STU0165,Male,20,MCA,Final Year,Third Semester,Computer Networks,Period_1,11,11,96.34,74.9,18.8,16.9,0,20.9,84.5,0,86.1,100.0,Regular
STU0165,Male,20,MCA,Final Year,Third Semester,Computer Networks,Period_2,10,10,96.34,74.9,25.7,16.9,1,20.9,82.5,1,62.7,100.0,Regular
STU0165,Male,20,MCA,Final Year,Third Semester,Computer Networks,Period_3,11,11,96.34,74.9,18.2,16.9,0,20.9,81.5,2,58.4,100.0,Regular
STU0165,Male,20,MCA,Final Year,Third Semester,Computer Networks,Period_4,9,9,96.34,74.9,18.9,16.9,1,20.9,87.8,2,43.0,100.0,Regular
STU0165,Male,20,MCA,Final Year,Third Semester,Theory of Computation,Period_1,12,12,100.0,66.9,17.2,16.9,0,20.9,81.5,2,85.3,100.0,Regular
STU0165,Male,20,MCA,Final Year,Third Semester,Theory of Computation,Period_2,10,9,100.0,66.9,17.5,16.9,0,20.9,80.3,0,77.1,90.0,Regular
STU0165,Male,20,MCA,Final Year,Third Semester,Theory of Computation,Period_3,9,9,100.0,66.9,18.2,16.9,3,20.9,82.8,1,94.6,100.0,Regular
STU0165,Male,20,MCA,Final Year,Third Semester,Theory of Computation,Period_4,11,11,100.0,66.9,19.0,16.9,0,20.9,82.7,1,76.6,100.0,Regular
STU0165,Male,20,MCA,Final Year,Third Semester,Software Engineering,Period_1,10,8,89.67,76.1,8.8,16.9,1,20.9,80.8,2,64.1,80.0,Regular
STU0165,Male,20,MCA,Final Year,Third Semester,Software Engineering,Period_2,12,12,89.67,76.1,22.7,16.9,4,20.9,88.5,2,67.4,100.0,Regular
STU0165,Male,20,MCA,Final Year,Third Semester,Software Engineering,Period_3,9,9,89.67,76.1,17.3,16.9,1,20.9,82.7,3,59.8,100.0,Regular
STU0165,Male,20,MCA,Final Year,Third Semester,Software Engineering,Period_4,9,9,89.67,76.1,11.0,16.9,0,20.9,89.1,0,100.0,100.0,Regular
STU0166,Female,25,MCA,Final Year,Third Semester,Data Structures & Algorithms,Period_1,11,5,60.45,41.2,13.4,11.2,0,5.2,82.1,2,50.0,45.45,Defaulter
STU0166,Female,25,MCA,Final Year,Third Semester,Data Structures & Algorithms,Period_2,12,4,60.45,41.2,6.1,11.2,0,5.2,80.8,4,77.6,33.33,Defaulter
STU0166,Female,25,MCA,Final Year,Third Semester,Data Structures & Algorithms,Period_3,10,8,60.45,41.2,15.2,11.2,3,5.2,82.4,1,38.6,80.0,Regular
STU0166,Female,25,MCA,Final Year,Third Semester,Data Structures & Algorithms,Period_4,10,8,60.45,41.2,15.7,11.2,1,5.2,88.9,2,65.3,80.0,Regular
STU0166,Female,25,MCA,Final Year,Third Semester,Database Management Systems,Period_1,8,5,62.16,59.1,12.0,11.2,1,5.2,80.7,1,100.0,62.5,Defaulter
STU0166,Female,25,MCA,Final Year,Third Semester,Database Management Systems,Period_2,9,5,62.16,59.1,7.6,11.2,1,5.2,87.2,5,64.3,55.56,Defaulter
STU0166,Female,25,MCA,Final Year,Third Semester,Database Management Systems,Period_3,11,9,62.16,59.1,17.5,11.2,0,5.2,86.3,3,90.0,81.82,Regular
STU0166,Female,25,MCA,Final Year,Third Semester,Database Management Systems,Period_4,12,7,62.16,59.1,8.0,11.2,1,5.2,84.7,0,53.5,58.33,Defaulter
STU0166,Female,25,MCA,Final Year,Third Semester,Computer Networks,Period_1,8,5,75.11,50.5,9.7,11.2,0,5.2,85.4,2,88.8,62.5,Defaulter
STU0166,Female,25,MCA,Final Year,Third Semester,Computer Networks,Period_2,11,7,75.11,50.5,8.6,11.2,3,5.2,88.9,3,70.8,63.64,Defaulter
STU0166,Female,25,MCA,Final Year,Third Semester,Computer Networks,Period_3,9,6,75.11,50.5,17.2,11.2,1,5.2,81.4,0,82.3,66.67,Defaulter
STU0166,Female,25,MCA,Final Year,Third Semester,Computer Networks,Period_4,8,7,75.11,50.5,19.9,11.2,0,5.2,84.5,5,78.3,87.5,Regular
STU0166,Female,25,MCA,Final Year,Third Semester,Theory of Computation,Period_1,8,6,67.71,63.7,16.5,11.2,2,5.2,79.9,2,60.3,75.0,Regular
STU0166,Female,25,MCA,Final Year,Third Semester,Theory of Computation,Period_2,9,7,67.71,63.7,11.7,11.2,1,5.2,88.9,1,69.5,77.78,Regular
STU0166,Female,25,MCA,Final Year,Third Semester,Theory of Computation,Period_3,9,5,67.71,63.7,0.8,11.2,1,5.2,82.4,3,72.7,55.56,Defaulter
STU0166,Female,25,MCA,Final Year,Third Semester,Theory of Computation,Period_4,11,7,67.71,63.7,16.9,11.2,1,5.2,84.9,1,51.3,63.64,Defaulter
STU0166,Female,25,MCA,Final Year,Third Semester,Software Engineering,Period_1,12,9,63.94,50.4,18.7,11.2,0,5.2,81.3,2,74.8,75.0,Regular
STU0166,Female,25,MCA,Final Year,Third Semester,Software Engineering,Period_2,12,9,63.94,50.4,14.4,11.2,1,5.2,83.3,4,86.4,75.0,Regular
STU0166,Female,25,MCA,Final Year,Third Semester,Software Engineering,Period_3,9,7,63.94,50.4,15.0,11.2,0,5.2,80.5,3,78.3,77.78,Regular
STU0166,Female,25,MCA,Final Year,Third Semester,Software Engineering,Period_4,10,8,63.94,50.4,2.9,11.2,1,5.2,79.0,5,91.5,80.0,Regular
STU0167,Female,20,MCA,Final Year,Third Semester,Data Structures & Algorithms,Period_1,12,12,92.41,65.1,17.5,15.4,1,21.3,89.6,2,61.6,100.0,Regular
STU0167,Female,20,MCA,Final Year,Third Semester,Data Structures & Algorithms,Period_2,8,8,92.41,65.1,11.9,15.4,2,21.3,88.1,2,54.5,100.0,Regular
STU0167,Female,20,MCA,Final Year,Third Semester,Data Structures & Algorithms,Period_3,12,10,92.41,65.1,13.9,15.4,0,21.3,88.2,2,53.1,83.33,Regular
STU0167,Female,20,MCA,Final Year,Third Semester,Data Structures & Algorithms,Period_4,10,9,92.41,65.1,19.3,15.4,1,21.3,84.8,0,91.9,90.0,Regular
STU0167,Female,20,MCA,Final Year,Third Semester,Database Management Systems,Period_1,11,10,100.0,80.0,17.2,15.4,2,21.3,92.1,2,65.3,90.91,Regular
STU0167,Female,20,MCA,Final Year,Third Semester,Database Management Systems,Period_2,12,12,100.0,80.0,24.8,15.4,1,21.3,93.4,2,59.2,100.0,Regular
STU0167,Female,20,MCA,Final Year,Third Semester,Database Management Systems,Period_3,9,7,100.0,80.0,12.4,15.4,1,21.3,90.9,2,74.8,77.78,Regular
STU0167,Female,20,MCA,Final Year,Third Semester,Database Management Systems,Period_4,11,11,100.0,80.0,17.1,15.4,3,21.3,92.9,2,66.0,100.0,Regular
STU0167,Female,20,MCA,Final Year,Third Semester,Computer Networks,Period_1,12,10,89.55,57.3,13.2,15.4,0,21.3,89.5,2,55.7,83.33,Regular
STU0167,Female,20,MCA,Final Year,Third Semester,Computer Networks,Period_2,11,10,89.55,57.3,15.4,15.4,1,21.3,92.6,3,67.9,90.91,Regular
STU0167,Female,20,MCA,Final Year,Third Semester,Computer Networks,Period_3,8,6,89.55,57.3,11.1,15.4,3,21.3,85.6,3,63.2,75.0,Regular
STU0167,Female,20,MCA,Final Year,Third Semester,Computer Networks,Period_4,12,11,89.55,57.3,16.0,15.4,1,21.3,94.4,3,69.0,91.67,Regular
STU0167,Female,20,MCA,Final Year,Third Semester,Theory of Computation,Period_1,9,7,79.09,76.0,4.6,15.4,2,21.3,91.4,4,84.1,77.78,Regular
STU0167,Female,20,MCA,Final Year,Third Semester,Theory of Computation,Period_2,9,9,79.09,76.0,19.4,15.4,1,21.3,89.3,4,79.3,100.0,Regular
STU0167,Female,20,MCA,Final Year,Third Semester,Theory of Computation,Period_3,12,10,79.09,76.0,15.7,15.4,2,21.3,95.1,1,75.2,83.33,Regular
STU0167,Female,20,MCA,Final Year,Third Semester,Theory of Computation,Period_4,9,9,79.09,76.0,24.0,15.4,0,21.3,85.3,1,92.6,100.0,Regular
STU0167,Female,20,MCA,Final Year,Third Semester,Software Engineering,Period_1,11,10,83.14,65.0,21.2,15.4,3,21.3,90.5,2,59.6,90.91,Regular
STU0167,Female,20,MCA,Final Year,Third Semester,Software Engineering,Period_2,10,10,83.14,65.0,14.2,15.4,1,21.3,85.8,2,74.0,100.0,Regular
STU0167,Female,20,MCA,Final Year,Third Semester,Software Engineering,Period_3,10,10,83.14,65.0,14.8,15.4,0,21.3,89.6,1,86.7,100.0,Regular
STU0167,Female,20,MCA,Final Year,Third Semester,Software Engineering,Period_4,8,8,83.14,65.0,20.3,15.4,0,21.3,89.0,2,78.4,100.0,Regular
STU0168,Male,25,MCA,Final Year,Third Semester,Data Structures & Algorithms,Period_1,8,7,86.24,52.9,20.4,19.3,1,15.7,82.8,2,66.4,87.5,Regular
STU0168,Male,25,MCA,Final Year,Third Semester,Data Structures & Algorithms,Period_2,12,12,86.24,52.9,19.7,19.3,0,15.7,86.9,1,66.3,100.0,Regular
STU0168,Male,25,MCA,Final Year,Third Semester,Data Structures & Algorithms,Period_3,11,11,86.24,52.9,23.3,19.3,2,15.7,85.0,3,81.2,100.0,Regular
STU0168,Male,25,MCA,Final Year,Third Semester,Data Structures & Algorithms,Period_4,11,9,86.24,52.9,16.8,19.3,1,15.7,87.3,1,67.2,81.82,Regular
STU0168,Male,25,MCA,Final Year,Third Semester,Database Management Systems,Period_1,12,11,95.15,70.7,12.5,19.3,0,15.7,91.3,1,100.0,91.67,Regular
STU0168,Male,25,MCA,Final Year,Third Semester,Database Management Systems,Period_2,10,9,95.15,70.7,20.9,19.3,0,15.7,85.8,0,75.1,90.0,Regular
STU0168,Male,25,MCA,Final Year,Third Semester,Database Management Systems,Period_3,10,7,95.15,70.7,15.6,19.3,1,15.7,88.0,2,67.6,70.0,Defaulter
STU0168,Male,25,MCA,Final Year,Third Semester,Database Management Systems,Period_4,11,8,95.15,70.7,11.8,19.3,0,15.7,82.4,2,60.5,72.73,Defaulter
STU0168,Male,25,MCA,Final Year,Third Semester,Computer Networks,Period_1,9,9,87.96,70.5,16.0,19.3,1,15.7,90.0,1,66.6,100.0,Regular
STU0168,Male,25,MCA,Final Year,Third Semester,Computer Networks,Period_2,9,8,87.96,70.5,16.7,19.3,0,15.7,86.0,0,82.4,88.89,Regular
STU0168,Male,25,MCA,Final Year,Third Semester,Computer Networks,Period_3,8,7,87.96,70.5,18.9,19.3,0,15.7,90.6,3,62.6,87.5,Regular
STU0168,Male,25,MCA,Final Year,Third Semester,Computer Networks,Period_4,10,9,87.96,70.5,21.9,19.3,0,15.7,80.9,0,65.7,90.0,Regular
STU0168,Male,25,MCA,Final Year,Third Semester,Theory of Computation,Period_1,10,8,83.42,50.6,14.7,19.3,0,15.7,90.3,1,57.0,80.0,Regular
STU0168,Male,25,MCA,Final Year,Third Semester,Theory of Computation,Period_2,8,6,83.42,50.6,13.6,19.3,0,15.7,93.1,4,67.6,75.0,Regular
STU0168,Male,25,MCA,Final Year,Third Semester,Theory of Computation,Period_3,12,9,83.42,50.6,6.9,19.3,4,15.7,86.6,0,68.4,75.0,Regular
STU0168,Male,25,MCA,Final Year,Third Semester,Theory of Computation,Period_4,10,8,83.42,50.6,18.1,19.3,2,15.7,82.1,0,95.9,80.0,Regular
STU0168,Male,25,MCA,Final Year,Third Semester,Software Engineering,Period_1,8,8,80.98,79.1,21.8,19.3,0,15.7,89.8,1,70.5,100.0,Regular
STU0168,Male,25,MCA,Final Year,Third Semester,Software Engineering,Period_2,9,9,80.98,79.1,17.9,19.3,0,15.7,87.9,5,49.0,100.0,Regular
STU0168,Male,25,MCA,Final Year,Third Semester,Software Engineering,Period_3,11,9,80.98,79.1,12.7,19.3,2,15.7,89.2,3,64.3,81.82,Regular
STU0168,Male,25,MCA,Final Year,Third Semester,Software Engineering,Period_4,8,7,80.98,79.1,8.3,19.3,2,15.7,90.4,4,85.9,87.5,Regular
STU0169,Male,23,MCA,Final Year,Third Semester,Data Structures & Algorithms,Period_1,12,8,49.04,36.7,9.6,8.5,2,2.1,60.0,2,72.7,66.67,Defaulter
STU0169,Male,23,MCA,Final Year,Third Semester,Data Structures & Algorithms,Period_2,10,6,49.04,36.7,11.2,8.5,0,2.1,61.9,0,33.7,60.0,Defaulter
STU0169,Male,23,MCA,Final Year,Third Semester,Data Structures & Algorithms,Period_3,9,6,49.04,36.7,10.8,8.5,0,2.1,55.2,3,49.3,66.67,Defaulter
STU0169,Male,23,MCA,Final Year,Third Semester,Data Structures & Algorithms,Period_4,9,3,49.04,36.7,4.4,8.5,1,2.1,70.7,4,80.4,33.33,Defaulter
STU0169,Male,23,MCA,Final Year,Third Semester,Database Management Systems,Period_1,9,4,46.1,58.1,6.9,8.5,1,2.1,64.5,2,90.0,44.44,Defaulter
STU0169,Male,23,MCA,Final Year,Third Semester,Database Management Systems,Period_2,11,7,46.1,58.1,15.6,8.5,0,2.1,61.8,1,44.7,63.64,Defaulter
STU0169,Male,23,MCA,Final Year,Third Semester,Database Management Systems,Period_3,12,5,46.1,58.1,4.0,8.5,1,2.1,64.0,1,73.4,41.67,Defaulter
STU0169,Male,23,MCA,Final Year,Third Semester,Database Management Systems,Period_4,8,6,46.1,58.1,20.6,8.5,1,2.1,60.9,1,92.1,75.0,Regular
STU0169,Male,23,MCA,Final Year,Third Semester,Computer Networks,Period_1,12,5,38.0,30.6,5.4,8.5,1,2.1,56.9,0,70.8,41.67,Defaulter
STU0169,Male,23,MCA,Final Year,Third Semester,Computer Networks,Period_2,10,7,38.0,30.6,13.9,8.5,0,2.1,64.0,3,51.1,70.0,Defaulter
STU0169,Male,23,MCA,Final Year,Third Semester,Computer Networks,Period_3,9,6,38.0,30.6,13.2,8.5,4,2.1,56.6,2,81.2,66.67,Defaulter
STU0169,Male,23,MCA,Final Year,Third Semester,Computer Networks,Period_4,10,7,38.0,30.6,25.8,8.5,1,2.1,66.8,4,62.5,70.0,Defaulter
STU0169,Male,23,MCA,Final Year,Third Semester,Theory of Computation,Period_1,12,7,43.68,22.0,12.4,8.5,1,2.1,52.6,4,90.6,58.33,Defaulter
STU0169,Male,23,MCA,Final Year,Third Semester,Theory of Computation,Period_2,11,7,43.68,22.0,11.8,8.5,1,2.1,61.8,2,45.3,63.64,Defaulter
STU0169,Male,23,MCA,Final Year,Third Semester,Theory of Computation,Period_3,11,8,43.68,22.0,13.5,8.5,1,2.1,65.4,3,59.4,72.73,Defaulter
STU0169,Male,23,MCA,Final Year,Third Semester,Theory of Computation,Period_4,8,4,43.68,22.0,13.9,8.5,1,2.1,61.8,3,75.2,50.0,Defaulter
STU0169,Male,23,MCA,Final Year,Third Semester,Software Engineering,Period_1,12,8,44.01,26.7,10.3,8.5,0,2.1,66.5,1,29.0,66.67,Defaulter
STU0169,Male,23,MCA,Final Year,Third Semester,Software Engineering,Period_2,11,5,44.01,26.7,15.2,8.5,1,2.1,57.2,2,51.3,45.45,Defaulter
STU0169,Male,23,MCA,Final Year,Third Semester,Software Engineering,Period_3,12,4,44.01,26.7,0.0,8.5,1,2.1,59.0,3,65.4,33.33,Defaulter
STU0169,Male,23,MCA,Final Year,Third Semester,Software Engineering,Period_4,11,6,44.01,26.7,9.8,8.5,2,2.1,57.5,0,70.2,54.55,Defaulter
STU0170,Male,24,MCA,Final Year,Third Semester,Data Structures & Algorithms,Period_1,9,8,77.8,72.4,23.1,14.5,0,4.7,67.6,2,79.2,88.89,Regular
STU0170,Male,24,MCA,Final Year,Third Semester,Data Structures & Algorithms,Period_2,9,6,77.8,72.4,12.0,14.5,1,4.7,68.0,3,73.0,66.67,Defaulter
STU0170,Male,24,MCA,Final Year,Third Semester,Data Structures & Algorithms,Period_3,12,10,77.8,72.4,18.1,14.5,2,4.7,77.2,3,45.4,83.33,Regular
STU0170,Male,24,MCA,Final Year,Third Semester,Data Structures & Algorithms,Period_4,11,10,77.8,72.4,17.2,14.5,1,4.7,73.5,4,69.2,90.91,Regular
STU0170,Male,24,MCA,Final Year,Third Semester,Database Management Systems,Period_1,9,8,73.15,47.2,12.7,14.5,1,4.7,68.0,1,59.2,88.89,Regular
STU0170,Male,24,MCA,Final Year,Third Semester,Database Management Systems,Period_2,11,7,73.15,47.2,0.0,14.5,0,4.7,76.8,1,58.0,63.64,Defaulter
STU0170,Male,24,MCA,Final Year,Third Semester,Database Management Systems,Period_3,9,7,73.15,47.2,11.5,14.5,1,4.7,77.8,2,95.6,77.78,Regular
STU0170,Male,24,MCA,Final Year,Third Semester,Database Management Systems,Period_4,12,11,73.15,47.2,5.9,14.5,0,4.7,73.0,2,69.4,91.67,Regular
STU0170,Male,24,MCA,Final Year,Third Semester,Computer Networks,Period_1,9,5,70.64,57.0,20.9,14.5,1,4.7,68.2,0,71.9,55.56,Defaulter
STU0170,Male,24,MCA,Final Year,Third Semester,Computer Networks,Period_2,9,6,70.64,57.0,12.5,14.5,1,4.7,71.4,2,71.7,66.67,Defaulter
STU0170,Male,24,MCA,Final Year,Third Semester,Computer Networks,Period_3,8,4,70.64,57.0,7.0,14.5,1,4.7,70.8,1,76.5,50.0,Defaulter
STU0170,Male,24,MCA,Final Year,Third Semester,Computer Networks,Period_4,11,8,70.64,57.0,12.9,14.5,0,4.7,65.8,1,54.2,72.73,Defaulter
STU0170,Male,24,MCA,Final Year,Third Semester,Theory of Computation,Period_1,8,4,57.05,78.0,7.1,14.5,0,4.7,67.7,2,75.7,50.0,Defaulter
STU0170,Male,24,MCA,Final Year,Third Semester,Theory of Computation,Period_2,10,6,57.05,78.0,14.9,14.5,3,4.7,77.5,1,86.3,60.0,Defaulter
STU0170,Male,24,MCA,Final Year,Third Semester,Theory of Computation,Period_3,12,7,57.05,78.0,9.8,14.5,0,4.7,70.3,3,51.8,58.33,Defaulter
STU0170,Male,24,MCA,Final Year,Third Semester,Theory of Computation,Period_4,10,8,57.05,78.0,9.1,14.5,1,4.7,71.1,2,78.0,80.0,Regular
STU0170,Male,24,MCA,Final Year,Third Semester,Software Engineering,Period_1,12,6,56.73,72.1,19.4,14.5,1,4.7,68.7,1,73.9,50.0,Defaulter
STU0170,Male,24,MCA,Final Year,Third Semester,Software Engineering,Period_2,8,6,56.73,72.1,8.1,14.5,2,4.7,72.2,2,90.3,75.0,Regular
STU0170,Male,24,MCA,Final Year,Third Semester,Software Engineering,Period_3,10,6,56.73,72.1,10.4,14.5,2,4.7,71.8,3,54.4,60.0,Defaulter
STU0170,Male,24,MCA,Final Year,Third Semester,Software Engineering,Period_4,9,8,56.73,72.1,26.5,14.5,0,4.7,73.9,3,91.5,88.89,Regular
STU0171,Female,20,MCA,Final Year,Third Semester,Data Structures & Algorithms,Period_1,10,6,51.59,31.0,10.8,9.6,1,7.9,58.6,2,91.2,60.0,Defaulter
STU0171,Female,20,MCA,Final Year,Third Semester,Data Structures & Algorithms,Period_2,12,6,51.59,31.0,18.8,9.6,2,7.9,58.7,4,58.0,50.0,Defaulter
STU0171,Female,20,MCA,Final Year,Third Semester,Data Structures & Algorithms,Period_3,11,10,51.59,31.0,20.0,9.6,0,7.9,64.7,4,94.6,90.91,Regular
STU0171,Female,20,MCA,Final Year,Third Semester,Data Structures & Algorithms,Period_4,8,6,51.59,31.0,19.2,9.6,2,7.9,57.1,1,59.4,75.0,Regular
STU0171,Female,20,MCA,Final Year,Third Semester,Database Management Systems,Period_1,11,7,57.51,60.5,18.3,9.6,0,7.9,66.0,1,59.3,63.64,Defaulter
STU0171,Female,20,MCA,Final Year,Third Semester,Database Management Systems,Period_2,11,5,57.51,60.5,15.7,9.6,0,7.9,61.5,4,68.7,45.45,Defaulter
STU0171,Female,20,MCA,Final Year,Third Semester,Database Management Systems,Period_3,10,7,57.51,60.5,22.2,9.6,1,7.9,60.6,2,71.6,70.0,Defaulter
STU0171,Female,20,MCA,Final Year,Third Semester,Database Management Systems,Period_4,8,6,57.51,60.5,18.8,9.6,1,7.9,57.9,2,69.0,75.0,Regular
STU0171,Female,20,MCA,Final Year,Third Semester,Computer Networks,Period_1,8,6,47.97,27.8,10.7,9.6,1,7.9,63.4,2,54.5,75.0,Regular
STU0171,Female,20,MCA,Final Year,Third Semester,Computer Networks,Period_2,9,7,47.97,27.8,18.7,9.6,1,7.9,62.2,2,69.2,77.78,Regular
STU0171,Female,20,MCA,Final Year,Third Semester,Computer Networks,Period_3,11,7,47.97,27.8,13.0,9.6,1,7.9,60.4,0,69.1,63.64,Defaulter
STU0171,Female,20,MCA,Final Year,Third Semester,Computer Networks,Period_4,9,5,47.97,27.8,17.1,9.6,2,7.9,55.8,3,75.9,55.56,Defaulter
STU0171,Female,20,MCA,Final Year,Third Semester,Theory of Computation,Period_1,11,7,60.01,32.2,11.4,9.6,0,7.9,58.2,5,46.1,63.64,Defaulter
STU0171,Female,20,MCA,Final Year,Third Semester,Theory of Computation,Period_2,12,9,60.01,32.2,17.5,9.6,1,7.9,56.9,0,77.8,75.0,Regular
STU0171,Female,20,MCA,Final Year,Third Semester,Theory of Computation,Period_3,12,6,60.01,32.2,12.9,9.6,2,7.9,56.2,2,80.6,50.0,Defaulter
STU0171,Female,20,MCA,Final Year,Third Semester,Theory of Computation,Period_4,9,6,60.01,32.2,10.0,9.6,1,7.9,66.7,1,39.3,66.67,Defaulter
STU0171,Female,20,MCA,Final Year,Third Semester,Software Engineering,Period_1,12,8,52.05,45.8,4.9,9.6,2,7.9,59.9,5,69.7,66.67,Defaulter
STU0171,Female,20,MCA,Final Year,Third Semester,Software Engineering,Period_2,11,6,52.05,45.8,13.6,9.6,0,7.9,60.8,2,58.7,54.55,Defaulter
STU0171,Female,20,MCA,Final Year,Third Semester,Software Engineering,Period_3,10,5,52.05,45.8,8.1,9.6,1,7.9,56.5,1,40.9,50.0,Defaulter
STU0171,Female,20,MCA,Final Year,Third Semester,Software Engineering,Period_4,10,5,52.05,45.8,15.6,9.6,0,7.9,61.1,1,34.6,50.0,Defaulter
STU0172,Female,24,MCA,Final Year,Third Semester,Data Structures & Algorithms,Period_1,11,8,70.45,45.8,8.8,11.7,0,8.4,69.8,4,48.0,72.73,Defaulter
STU0172,Female,24,MCA,Final Year,Third Semester,Data Structures & Algorithms,Period_2,10,4,70.45,45.8,8.4,11.7,2,8.4,60.4,1,70.4,40.0,Defaulter
STU0172,Female,24,MCA,Final Year,Third Semester,Data Structures & Algorithms,Period_3,9,7,70.45,45.8,17.3,11.7,2,8.4,60.0,2,66.6,77.78,Regular
STU0172,Female,24,MCA,Final Year,Third Semester,Data Structures & Algorithms,Period_4,10,6,70.45,45.8,15.8,11.7,0,8.4,61.9,4,53.2,60.0,Defaulter
STU0172,Female,24,MCA,Final Year,Third Semester,Database Management Systems,Period_1,11,5,70.93,43.0,3.6,11.7,1,8.4,60.7,4,70.4,45.45,Defaulter
STU0172,Female,24,MCA,Final Year,Third Semester,Database Management Systems,Period_2,9,5,70.93,43.0,12.2,11.7,1,8.4,63.5,1,14.3,55.56,Defaulter
STU0172,Female,24,MCA,Final Year,Third Semester,Database Management Systems,Period_3,8,3,70.93,43.0,9.6,11.7,1,8.4,67.8,2,78.1,37.5,Defaulter
STU0172,Female,24,MCA,Final Year,Third Semester,Database Management Systems,Period_4,10,6,70.93,43.0,10.8,11.7,0,8.4,61.9,6,82.1,60.0,Defaulter
STU0172,Female,24,MCA,Final Year,Third Semester,Computer Networks,Period_1,10,6,62.01,43.0,13.6,11.7,2,8.4,57.0,0,59.7,60.0,Defaulter
STU0172,Female,24,MCA,Final Year,Third Semester,Computer Networks,Period_2,9,4,62.01,43.0,5.3,11.7,0,8.4,54.8,3,64.6,44.44,Defaulter
STU0172,Female,24,MCA,Final Year,Third Semester,Computer Networks,Period_3,12,9,62.01,43.0,15.1,11.7,1,8.4,64.7,3,71.4,75.0,Regular
STU0172,Female,24,MCA,Final Year,Third Semester,Computer Networks,Period_4,9,7,62.01,43.0,13.5,11.7,2,8.4,58.8,5,58.9,77.78,Regular
STU0172,Female,24,MCA,Final Year,Third Semester,Theory of Computation,Period_1,10,6,64.26,43.0,14.9,11.7,2,8.4,66.2,1,100.0,60.0,Defaulter
STU0172,Female,24,MCA,Final Year,Third Semester,Theory of Computation,Period_2,12,10,64.26,43.0,4.5,11.7,0,8.4,69.0,5,86.2,83.33,Regular
STU0172,Female,24,MCA,Final Year,Third Semester,Theory of Computation,Period_3,12,9,64.26,43.0,16.7,11.7,1,8.4,65.9,2,63.0,75.0,Regular
STU0172,Female,24,MCA,Final Year,Third Semester,Theory of Computation,Period_4,10,7,64.26,43.0,16.2,11.7,2,8.4,68.9,2,88.8,70.0,Defaulter
STU0172,Female,24,MCA,Final Year,Third Semester,Software Engineering,Period_1,11,7,65.54,51.3,13.7,11.7,2,8.4,63.7,1,75.8,63.64,Defaulter
STU0172,Female,24,MCA,Final Year,Third Semester,Software Engineering,Period_2,12,6,65.54,51.3,16.9,11.7,1,8.4,62.6,2,43.0,50.0,Defaulter
STU0172,Female,24,MCA,Final Year,Third Semester,Software Engineering,Period_3,12,4,65.54,51.3,4.4,11.7,3,8.4,57.1,0,56.8,33.33,Defaulter
STU0172,Female,24,MCA,Final Year,Third Semester,Software Engineering,Period_4,8,5,65.54,51.3,18.0,11.7,2,8.4,67.2,0,68.3,62.5,Defaulter
STU0173,Female,25,MCA,Final Year,Third Semester,Data Structures & Algorithms,Period_1,9,7,100.0,73.0,13.7,17.8,0,3.6,63.3,5,33.8,77.78,Regular
STU0173,Female,25,MCA,Final Year,Third Semester,Data Structures & Algorithms,Period_2,10,10,100.0,73.0,18.9,17.8,1,3.6,66.4,0,57.5,100.0,Regular
STU0173,Female,25,MCA,Final Year,Third Semester,Data Structures & Algorithms,Period_3,9,6,100.0,73.0,12.2,17.8,2,3.6,66.3,1,100.0,66.67,Defaulter
STU0173,Female,25,MCA,Final Year,Third Semester,Data Structures & Algorithms,Period_4,12,10,100.0,73.0,17.1,17.8,1,3.6,65.7,1,49.8,83.33,Regular
STU0173,Female,25,MCA,Final Year,Third Semester,Database Management Systems,Period_1,10,9,98.37,51.0,11.0,17.8,0,3.6,63.0,1,91.3,90.0,Regular
STU0173,Female,25,MCA,Final Year,Third Semester,Database Management Systems,Period_2,9,9,98.37,51.0,16.4,17.8,1,3.6,66.5,1,55.8,100.0,Regular
STU0173,Female,25,MCA,Final Year,Third Semester,Database Management Systems,Period_3,9,7,98.37,51.0,15.2,17.8,0,3.6,66.2,0,56.4,77.78,Regular
STU0173,Female,25,MCA,Final Year,Third Semester,Database Management Systems,Period_4,9,8,98.37,51.0,14.0,17.8,0,3.6,67.4,3,80.6,88.89,Regular
STU0173,Female,25,MCA,Final Year,Third Semester,Computer Networks,Period_1,9,9,93.3,68.2,16.1,17.8,1,3.6,70.0,1,45.7,100.0,Regular
STU0173,Female,25,MCA,Final Year,Third Semester,Computer Networks,Period_2,8,7,93.3,68.2,17.7,17.8,2,3.6,71.8,2,72.7,87.5,Regular
STU0173,Female,25,MCA,Final Year,Third Semester,Computer Networks,Period_3,8,8,93.3,68.2,14.1,17.8,2,3.6,60.6,2,73.6,100.0,Regular
STU0173,Female,25,MCA,Final Year,Third Semester,Computer Networks,Period_4,12,11,93.3,68.2,17.4,17.8,0,3.6,57.6,2,89.6,91.67,Regular
STU0173,Female,25,MCA,Final Year,Third Semester,Theory of Computation,Period_1,9,9,100.0,55.9,14.8,17.8,2,3.6,67.6,1,85.3,100.0,Regular
STU0173,Female,25,MCA,Final Year,Third Semester,Theory of Computation,Period_2,8,6,100.0,55.9,15.8,17.8,1,3.6,66.3,6,40.1,75.0,Regular
STU0173,Female,25,MCA,Final Year,Third Semester,Theory of Computation,Period_3,12,11,100.0,55.9,10.8,17.8,1,3.6,65.8,0,65.7,91.67,Regular
STU0173,Female,25,MCA,Final Year,Third Semester,Theory of Computation,Period_4,9,9,100.0,55.9,24.0,17.8,0,3.6,65.7,0,45.7,100.0,Regular
STU0173,Female,25,MCA,Final Year,Third Semester,Software Engineering,Period_1,12,11,92.17,60.8,16.9,17.8,3,3.6,58.2,3,61.0,91.67,Regular
STU0173,Female,25,MCA,Final Year,Third Semester,Software Engineering,Period_2,12,12,92.17,60.8,19.1,17.8,1,3.6,63.8,2,93.3,100.0,Regular
STU0173,Female,25,MCA,Final Year,Third Semester,Software Engineering,Period_3,10,10,92.17,60.8,5.2,17.8,1,3.6,69.2,2,70.1,100.0,Regular
STU0173,Female,25,MCA,Final Year,Third Semester,Software Engineering,Period_4,12,12,92.17,60.8,21.3,17.8,1,3.6,67.1,3,68.6,100.0,Regular
STU0174,Female,22,MCA,Final Year,Third Semester,Data Structures & Algorithms,Period_1,8,2,48.87,61.5,0.9,13.2,2,19.2,58.7,3,70.2,25.0,Defaulter
STU0174,Female,22,MCA,Final Year,Third Semester,Data Structures & Algorithms,Period_2,10,5,48.87,61.5,9.8,13.2,0,19.2,53.8,0,65.5,50.0,Defaulter
STU0174,Female,22,MCA,Final Year,Third Semester,Data Structures & Algorithms,Period_3,11,5,48.87,61.5,11.5,13.2,3,19.2,52.5,3,65.1,45.45,Defaulter
STU0174,Female,22,MCA,Final Year,Third Semester,Data Structures & Algorithms,Period_4,11,7,48.87,61.5,7.9,13.2,0,19.2,57.6,1,66.7,63.64,Defaulter
STU0174,Female,22,MCA,Final Year,Third Semester,Database Management Systems,Period_1,8,5,52.72,57.8,14.2,13.2,0,19.2,56.8,1,79.9,62.5,Defaulter
STU0174,Female,22,MCA,Final Year,Third Semester,Database Management Systems,Period_2,12,9,52.72,57.8,15.7,13.2,1,19.2,59.9,1,73.8,75.0,Regular
STU0174,Female,22,MCA,Final Year,Third Semester,Database Management Systems,Period_3,11,7,52.72,57.8,4.0,13.2,0,19.2,51.5,0,61.1,63.64,Defaulter
STU0174,Female,22,MCA,Final Year,Third Semester,Database Management Systems,Period_4,10,3,52.72,57.8,1.8,13.2,3,19.2,54.4,1,87.1,30.0,Defaulter
STU0174,Female,22,MCA,Final Year,Third Semester,Computer Networks,Period_1,8,3,46.45,59.1,5.8,13.2,3,19.2,52.2,4,70.2,37.5,Defaulter
STU0174,Female,22,MCA,Final Year,Third Semester,Computer Networks,Period_2,8,4,46.45,59.1,10.1,13.2,2,19.2,60.6,2,80.7,50.0,Defaulter
STU0174,Female,22,MCA,Final Year,Third Semester,Computer Networks,Period_3,8,3,46.45,59.1,2.9,13.2,1,19.2,57.4,2,82.0,37.5,Defaulter
STU0174,Female,22,MCA,Final Year,Third Semester,Computer Networks,Period_4,11,5,46.45,59.1,13.7,13.2,1,19.2,56.7,1,76.5,45.45,Defaulter
STU0174,Female,22,MCA,Final Year,Third Semester,Theory of Computation,Period_1,10,4,50.23,68.9,5.3,13.2,1,19.2,60.5,1,40.1,40.0,Defaulter
STU0174,Female,22,MCA,Final Year,Third Semester,Theory of Computation,Period_2,12,5,50.23,68.9,12.6,13.2,2,19.2,56.2,0,63.3,41.67,Defaulter
STU0174,Female,22,MCA,Final Year,Third Semester,Theory of Computation,Period_3,12,7,50.23,68.9,16.0,13.2,2,19.2,58.3,4,58.9,58.33,Defaulter
STU0174,Female,22,MCA,Final Year,Third Semester,Theory of Computation,Period_4,12,3,50.23,68.9,9.5,13.2,0,19.2,54.9,1,51.9,25.0,Defaulter
STU0174,Female,22,MCA,Final Year,Third Semester,Software Engineering,Period_1,12,5,39.17,48.1,2.2,13.2,2,19.2,61.6,1,77.7,41.67,Defaulter
STU0174,Female,22,MCA,Final Year,Third Semester,Software Engineering,Period_2,8,3,39.17,48.1,12.0,13.2,2,19.2,55.5,1,92.3,37.5,Defaulter
STU0174,Female,22,MCA,Final Year,Third Semester,Software Engineering,Period_3,8,5,39.17,48.1,12.1,13.2,1,19.2,55.2,2,81.1,62.5,Defaulter
STU0174,Female,22,MCA,Final Year,Third Semester,Software Engineering,Period_4,11,5,39.17,48.1,9.8,13.2,1,19.2,52.1,2,45.3,45.45,Defaulter
STU0175,Female,22,MCA,Final Year,Third Semester,Data Structures & Algorithms,Period_1,11,7,59.71,46.6,11.0,11.4,1,1.2,66.4,4,53.8,63.64,Defaulter
STU0175,Female,22,MCA,Final Year,Third Semester,Data Structures & Algorithms,Period_2,8,7,59.71,46.6,21.6,11.4,3,1.2,61.6,2,91.7,87.5,Regular
STU0175,Female,22,MCA,Final Year,Third Semester,Data Structures & Algorithms,Period_3,12,9,59.71,46.6,6.0,11.4,0,1.2,71.1,2,77.2,75.0,Regular
STU0175,Female,22,MCA,Final Year,Third Semester,Data Structures & Algorithms,Period_4,12,9,59.71,46.6,16.4,11.4,0,1.2,65.7,4,54.5,75.0,Regular
STU0175,Female,22,MCA,Final Year,Third Semester,Database Management Systems,Period_1,12,8,65.42,41.9,16.5,11.4,3,1.2,63.1,1,71.9,66.67,Defaulter
STU0175,Female,22,MCA,Final Year,Third Semester,Database Management Systems,Period_2,10,5,65.42,41.9,8.0,11.4,1,1.2,66.8,1,84.6,50.0,Defaulter
STU0175,Female,22,MCA,Final Year,Third Semester,Database Management Systems,Period_3,9,5,65.42,41.9,9.8,11.4,1,1.2,68.9,2,61.9,55.56,Defaulter
STU0175,Female,22,MCA,Final Year,Third Semester,Database Management Systems,Period_4,8,6,65.42,41.9,12.6,11.4,1,1.2,70.0,1,62.7,75.0,Regular
STU0175,Female,22,MCA,Final Year,Third Semester,Computer Networks,Period_1,9,6,74.39,52.8,16.8,11.4,3,1.2,72.2,1,79.4,66.67,Defaulter
STU0175,Female,22,MCA,Final Year,Third Semester,Computer Networks,Period_2,11,5,74.39,52.8,11.5,11.4,2,1.2,65.7,2,91.2,45.45,Defaulter
STU0175,Female,22,MCA,Final Year,Third Semester,Computer Networks,Period_3,11,8,74.39,52.8,13.6,11.4,1,1.2,69.7,4,63.7,72.73,Defaulter
STU0175,Female,22,MCA,Final Year,Third Semester,Computer Networks,Period_4,10,6,74.39,52.8,7.8,11.4,1,1.2,60.8,4,75.6,60.0,Defaulter
STU0175,Female,22,MCA,Final Year,Third Semester,Theory of Computation,Period_1,12,7,81.31,47.2,12.5,11.4,1,1.2,65.6,2,83.7,58.33,Defaulter
STU0175,Female,22,MCA,Final Year,Third Semester,Theory of Computation,Period_2,9,5,81.31,47.2,5.0,11.4,1,1.2,69.4,3,39.5,55.56,Defaulter
STU0175,Female,22,MCA,Final Year,Third Semester,Theory of Computation,Period_3,8,6,81.31,47.2,20.9,11.4,0,1.2,64.9,2,53.7,75.0,Regular
STU0175,Female,22,MCA,Final Year,Third Semester,Theory of Computation,Period_4,11,10,81.31,47.2,20.5,11.4,2,1.2,68.1,4,17.4,90.91,Regular
STU0175,Female,22,MCA,Final Year,Third Semester,Software Engineering,Period_1,10,7,77.86,39.9,8.5,11.4,3,1.2,67.1,0,64.0,70.0,Defaulter
STU0175,Female,22,MCA,Final Year,Third Semester,Software Engineering,Period_2,11,6,77.86,39.9,10.6,11.4,1,1.2,72.9,1,70.6,54.55,Defaulter
STU0175,Female,22,MCA,Final Year,Third Semester,Software Engineering,Period_3,10,7,77.86,39.9,9.7,11.4,2,1.2,69.8,0,52.1,70.0,Defaulter
STU0175,Female,22,MCA,Final Year,Third Semester,Software Engineering,Period_4,9,5,77.86,39.9,10.8,11.4,0,1.2,69.1,2,100.0,55.56,Defaulter
STU0176,Male,22,MCA,Final Year,Third Semester,Data Structures & Algorithms,Period_1,9,5,74.74,52.4,9.7,15.6,0,2.4,61.7,8,63.1,55.56,Defaulter
STU0176,Male,22,MCA,Final Year,Third Semester,Data Structures & Algorithms,Period_2,8,4,74.74,52.4,5.2,15.6,3,2.4,65.2,2,55.1,50.0,Defaulter
STU0176,Male,22,MCA,Final Year,Third Semester,Data Structures & Algorithms,Period_3,12,10,74.74,52.4,15.6,15.6,0,2.4,63.8,1,78.7,83.33,Regular
STU0176,Male,22,MCA,Final Year,Third Semester,Data Structures & Algorithms,Period_4,10,7,74.74,52.4,14.3,15.6,2,2.4,67.1,4,80.3,70.0,Defaulter
STU0176,Male,22,MCA,Final Year,Third Semester,Database Management Systems,Period_1,8,5,55.12,69.5,11.3,15.6,1,2.4,62.0,2,81.5,62.5,Defaulter
STU0176,Male,22,MCA,Final Year,Third Semester,Database Management Systems,Period_2,9,8,55.12,69.5,15.8,15.6,1,2.4,64.0,1,73.7,88.89,Regular
STU0176,Male,22,MCA,Final Year,Third Semester,Database Management Systems,Period_3,8,6,55.12,69.5,12.1,15.6,1,2.4,72.1,0,52.6,75.0,Regular
STU0176,Male,22,MCA,Final Year,Third Semester,Database Management Systems,Period_4,10,7,55.12,69.5,8.6,15.6,2,2.4,59.4,2,87.8,70.0,Defaulter
STU0176,Male,22,MCA,Final Year,Third Semester,Computer Networks,Period_1,10,6,63.88,48.9,11.8,15.6,1,2.4,66.2,1,54.5,60.0,Defaulter
STU0176,Male,22,MCA,Final Year,Third Semester,Computer Networks,Period_2,9,8,63.88,48.9,16.5,15.6,1,2.4,64.9,5,77.2,88.89,Regular
STU0176,Male,22,MCA,Final Year,Third Semester,Computer Networks,Period_3,12,9,63.88,48.9,8.6,15.6,1,2.4,65.3,0,64.9,75.0,Regular
STU0176,Male,22,MCA,Final Year,Third Semester,Computer Networks,Period_4,8,6,63.88,48.9,4.9,15.6,0,2.4,67.3,2,93.9,75.0,Regular
STU0176,Male,22,MCA,Final Year,Third Semester,Theory of Computation,Period_1,11,7,63.69,54.5,11.7,15.6,1,2.4,70.2,3,67.4,63.64,Defaulter
STU0176,Male,22,MCA,Final Year,Third Semester,Theory of Computation,Period_2,10,9,63.69,54.5,22.4,15.6,1,2.4,61.3,2,50.7,90.0,Regular
STU0176,Male,22,MCA,Final Year,Third Semester,Theory of Computation,Period_3,9,8,63.69,54.5,16.0,15.6,2,2.4,66.9,2,50.8,88.89,Regular
STU0176,Male,22,MCA,Final Year,Third Semester,Theory of Computation,Period_4,9,6,63.69,54.5,13.4,15.6,1,2.4,67.2,5,73.6,66.67,Defaulter
STU0176,Male,22,MCA,Final Year,Third Semester,Software Engineering,Period_1,10,8,81.34,67.8,13.7,15.6,2,2.4,68.1,0,62.7,80.0,Regular
STU0176,Male,22,MCA,Final Year,Third Semester,Software Engineering,Period_2,12,6,81.34,67.8,11.1,15.6,1,2.4,66.0,2,82.0,50.0,Defaulter
STU0176,Male,22,MCA,Final Year,Third Semester,Software Engineering,Period_3,12,7,81.34,67.8,9.6,15.6,0,2.4,68.5,2,49.0,58.33,Defaulter
STU0176,Male,22,MCA,Final Year,Third Semester,Software Engineering,Period_4,8,6,81.34,67.8,15.5,15.6,1,2.4,71.0,0,53.0,75.0,Regular
STU0177,Female,24,MCA,Final Year,Third Semester,Data Structures & Algorithms,Period_1,9,8,90.37,65.3,17.6,16.5,0,6.0,81.9,2,61.9,88.89,Regular
STU0177,Female,24,MCA,Final Year,Third Semester,Data Structures & Algorithms,Period_2,10,9,90.37,65.3,18.1,16.5,3,6.0,82.3,0,73.5,90.0,Regular
STU0177,Female,24,MCA,Final Year,Third Semester,Data Structures & Algorithms,Period_3,10,7,90.37,65.3,4.2,16.5,0,6.0,83.4,2,55.5,70.0,Defaulter
STU0177,Female,24,MCA,Final Year,Third Semester,Data Structures & Algorithms,Period_4,9,6,90.37,65.3,14.7,16.5,1,6.0,89.6,2,97.8,66.67,Defaulter
STU0177,Female,24,MCA,Final Year,Third Semester,Database Management Systems,Period_1,9,9,82.41,64.5,20.8,16.5,1,6.0,85.7,6,84.7,100.0,Regular
STU0177,Female,24,MCA,Final Year,Third Semester,Database Management Systems,Period_2,10,4,82.41,64.5,7.8,16.5,2,6.0,82.5,0,59.5,40.0,Defaulter
STU0177,Female,24,MCA,Final Year,Third Semester,Database Management Systems,Period_3,12,9,82.41,64.5,11.2,16.5,2,6.0,84.0,2,100.0,75.0,Regular
STU0177,Female,24,MCA,Final Year,Third Semester,Database Management Systems,Period_4,10,7,82.41,64.5,7.2,16.5,1,6.0,82.4,5,36.6,70.0,Defaulter
STU0177,Female,24,MCA,Final Year,Third Semester,Computer Networks,Period_1,11,9,69.61,56.7,21.9,16.5,0,6.0,83.1,2,54.1,81.82,Regular
STU0177,Female,24,MCA,Final Year,Third Semester,Computer Networks,Period_2,11,11,69.61,56.7,12.8,16.5,1,6.0,86.0,3,65.3,100.0,Regular
STU0177,Female,24,MCA,Final Year,Third Semester,Computer Networks,Period_3,9,5,69.61,56.7,7.0,16.5,2,6.0,82.1,3,51.0,55.56,Defaulter
STU0177,Female,24,MCA,Final Year,Third Semester,Computer Networks,Period_4,8,4,69.61,56.7,7.4,16.5,0,6.0,85.2,2,79.5,50.0,Defaulter
STU0177,Female,24,MCA,Final Year,Third Semester,Theory of Computation,Period_1,12,9,74.33,76.5,9.8,16.5,2,6.0,84.6,2,74.2,75.0,Regular
STU0177,Female,24,MCA,Final Year,Third Semester,Theory of Computation,Period_2,8,7,74.33,76.5,9.5,16.5,2,6.0,85.8,4,74.8,87.5,Regular
STU0177,Female,24,MCA,Final Year,Third Semester,Theory of Computation,Period_3,11,11,74.33,76.5,19.8,16.5,0,6.0,94.7,2,72.8,100.0,Regular
STU0177,Female,24,MCA,Final Year,Third Semester,Theory of Computation,Period_4,9,9,74.33,76.5,16.5,16.5,1,6.0,86.7,3,68.9,100.0,Regular
STU0177,Female,24,MCA,Final Year,Third Semester,Software Engineering,Period_1,11,9,82.42,50.8,19.3,16.5,2,6.0,87.0,1,98.4,81.82,Regular
STU0177,Female,24,MCA,Final Year,Third Semester,Software Engineering,Period_2,8,6,82.42,50.8,17.2,16.5,0,6.0,86.2,1,86.5,75.0,Regular
STU0177,Female,24,MCA,Final Year,Third Semester,Software Engineering,Period_3,11,8,82.42,50.8,9.5,16.5,2,6.0,88.2,3,70.0,72.73,Defaulter
STU0177,Female,24,MCA,Final Year,Third Semester,Software Engineering,Period_4,11,10,82.42,50.8,15.0,16.5,1,6.0,83.2,1,57.2,90.91,Regular
STU0178,Male,25,MCA,Final Year,Third Semester,Data Structures & Algorithms,Period_1,10,9,67.45,46.8,11.5,10.6,0,4.8,54.0,1,53.4,90.0,Regular
STU0178,Male,25,MCA,Final Year,Third Semester,Data Structures & Algorithms,Period_2,8,8,67.45,46.8,16.4,10.6,1,4.8,61.5,2,76.3,100.0,Regular
STU0178,Male,25,MCA,Final Year,Third Semester,Data Structures & Algorithms,Period_3,10,6,67.45,46.8,11.5,10.6,0,4.8,47.9,3,70.6,60.0,Defaulter
STU0178,Male,25,MCA,Final Year,Third Semester,Data Structures & Algorithms,Period_4,9,6,67.45,46.8,18.0,10.6,2,4.8,49.3,2,74.3,66.67,Defaulter
STU0178,Male,25,MCA,Final Year,Third Semester,Database Management Systems,Period_1,10,7,59.69,45.1,8.6,10.6,2,4.8,55.6,6,72.0,70.0,Defaulter
STU0178,Male,25,MCA,Final Year,Third Semester,Database Management Systems,Period_2,12,7,59.69,45.1,10.7,10.6,1,4.8,50.5,1,76.7,58.33,Defaulter
STU0178,Male,25,MCA,Final Year,Third Semester,Database Management Systems,Period_3,8,5,59.69,45.1,9.3,10.6,0,4.8,54.1,0,84.7,62.5,Defaulter
STU0178,Male,25,MCA,Final Year,Third Semester,Database Management Systems,Period_4,12,6,59.69,45.1,8.9,10.6,0,4.8,50.0,0,55.0,50.0,Defaulter
STU0178,Male,25,MCA,Final Year,Third Semester,Computer Networks,Period_1,8,4,57.91,59.1,13.8,10.6,0,4.8,54.3,3,59.2,50.0,Defaulter
STU0178,Male,25,MCA,Final Year,Third Semester,Computer Networks,Period_2,12,6,57.91,59.1,8.4,10.6,1,4.8,55.1,2,55.8,50.0,Defaulter
STU0178,Male,25,MCA,Final Year,Third Semester,Computer Networks,Period_3,8,3,57.91,59.1,6.4,10.6,1,4.8,58.0,2,59.1,37.5,Defaulter
STU0178,Male,25,MCA,Final Year,Third Semester,Computer Networks,Period_4,11,7,57.91,59.1,11.6,10.6,2,4.8,52.1,2,78.2,63.64,Defaulter
STU0178,Male,25,MCA,Final Year,Third Semester,Theory of Computation,Period_1,11,6,56.93,39.6,15.0,10.6,1,4.8,56.1,1,61.9,54.55,Defaulter
STU0178,Male,25,MCA,Final Year,Third Semester,Theory of Computation,Period_2,9,7,56.93,39.6,13.3,10.6,2,4.8,55.7,0,92.7,77.78,Regular
STU0178,Male,25,MCA,Final Year,Third Semester,Theory of Computation,Period_3,10,7,56.93,39.6,11.2,10.6,0,4.8,45.5,1,84.1,70.0,Defaulter
STU0178,Male,25,MCA,Final Year,Third Semester,Theory of Computation,Period_4,11,6,56.93,39.6,3.5,10.6,1,4.8,53.4,1,92.7,54.55,Defaulter
STU0178,Male,25,MCA,Final Year,Third Semester,Software Engineering,Period_1,12,9,63.71,54.2,11.4,10.6,1,4.8,53.5,1,64.4,75.0,Regular
STU0178,Male,25,MCA,Final Year,Third Semester,Software Engineering,Period_2,11,8,63.71,54.2,14.5,10.6,1,4.8,47.1,1,61.7,72.73,Defaulter
STU0178,Male,25,MCA,Final Year,Third Semester,Software Engineering,Period_3,11,7,63.71,54.2,11.9,10.6,1,4.8,52.2,0,79.5,63.64,Defaulter
STU0178,Male,25,MCA,Final Year,Third Semester,Software Engineering,Period_4,12,5,63.71,54.2,15.1,10.6,2,4.8,49.6,3,88.4,41.67,Defaulter
STU0179,Female,20,MCA,Final Year,Third Semester,Data Structures & Algorithms,Period_1,12,12,73.47,54.6,19.1,18.3,2,14.4,80.1,1,75.8,100.0,Regular
STU0179,Female,20,MCA,Final Year,Third Semester,Data Structures & Algorithms,Period_2,11,10,73.47,54.6,12.2,18.3,2,14.4,76.6,0,50.7,90.91,Regular
STU0179,Female,20,MCA,Final Year,Third Semester,Data Structures & Algorithms,Period_3,9,8,73.47,54.6,19.4,18.3,1,14.4,68.0,3,60.7,88.89,Regular
STU0179,Female,20,MCA,Final Year,Third Semester,Data Structures & Algorithms,Period_4,10,10,73.47,54.6,25.7,18.3,1,14.4,74.8,2,35.9,100.0,Regular
STU0179,Female,20,MCA,Final Year,Third Semester,Database Management Systems,Period_1,10,9,96.79,70.3,12.8,18.3,3,14.4,79.2,5,78.9,90.0,Regular
STU0179,Female,20,MCA,Final Year,Third Semester,Database Management Systems,Period_2,9,8,96.79,70.3,18.4,18.3,0,14.4,78.0,1,78.4,88.89,Regular
STU0179,Female,20,MCA,Final Year,Third Semester,Database Management Systems,Period_3,12,12,96.79,70.3,24.5,18.3,2,14.4,67.7,1,73.1,100.0,Regular
STU0179,Female,20,MCA,Final Year,Third Semester,Database Management Systems,Period_4,11,11,96.79,70.3,19.1,18.3,1,14.4,75.6,1,77.9,100.0,Regular
STU0179,Female,20,MCA,Final Year,Third Semester,Computer Networks,Period_1,9,9,91.72,56.0,21.8,18.3,0,14.4,73.8,2,66.6,100.0,Regular
STU0179,Female,20,MCA,Final Year,Third Semester,Computer Networks,Period_2,9,9,91.72,56.0,20.3,18.3,1,14.4,74.7,2,91.7,100.0,Regular
STU0179,Female,20,MCA,Final Year,Third Semester,Computer Networks,Period_3,9,7,91.72,56.0,14.3,18.3,3,14.4,74.8,3,62.9,77.78,Regular
STU0179,Female,20,MCA,Final Year,Third Semester,Computer Networks,Period_4,8,6,91.72,56.0,20.2,18.3,1,14.4,72.9,1,62.9,75.0,Regular
STU0179,Female,20,MCA,Final Year,Third Semester,Theory of Computation,Period_1,9,8,100.0,70.5,19.4,18.3,0,14.4,74.1,1,86.3,88.89,Regular
STU0179,Female,20,MCA,Final Year,Third Semester,Theory of Computation,Period_2,10,8,100.0,70.5,7.8,18.3,0,14.4,74.6,2,84.5,80.0,Regular
STU0179,Female,20,MCA,Final Year,Third Semester,Theory of Computation,Period_3,8,7,100.0,70.5,14.4,18.3,0,14.4,66.8,2,86.8,87.5,Regular
STU0179,Female,20,MCA,Final Year,Third Semester,Theory of Computation,Period_4,10,10,100.0,70.5,16.0,18.3,0,14.4,73.8,2,72.3,100.0,Regular
STU0179,Female,20,MCA,Final Year,Third Semester,Software Engineering,Period_1,10,10,100.0,57.3,16.2,18.3,0,14.4,71.0,2,62.5,100.0,Regular
STU0179,Female,20,MCA,Final Year,Third Semester,Software Engineering,Period_2,10,10,100.0,57.3,19.0,18.3,0,14.4,72.4,4,70.8,100.0,Regular
STU0179,Female,20,MCA,Final Year,Third Semester,Software Engineering,Period_3,11,10,100.0,57.3,19.3,18.3,0,14.4,78.9,1,73.0,90.91,Regular
STU0179,Female,20,MCA,Final Year,Third Semester,Software Engineering,Period_4,8,7,100.0,57.3,18.1,18.3,1,14.4,75.9,5,74.3,87.5,Regular
STU0180,Female,22,MCA,Final Year,Third Semester,Data Structures & Algorithms,Period_1,9,6,80.52,55.8,19.8,12.7,1,31.1,76.5,6,37.2,66.67,Defaulter
STU0180,Female,22,MCA,Final Year,Third Semester,Data Structures & Algorithms,Period_2,11,9,80.52,55.8,13.9,12.7,1,31.1,78.2,2,93.0,81.82,Regular
STU0180,Female,22,MCA,Final Year,Third Semester,Data Structures & Algorithms,Period_3,11,8,80.52,55.8,17.9,12.7,0,31.1,76.2,1,52.9,72.73,Defaulter
STU0180,Female,22,MCA,Final Year,Third Semester,Data Structures & Algorithms,Period_4,11,10,80.52,55.8,18.2,12.7,0,31.1,76.2,2,51.8,90.91,Regular
STU0180,Female,22,MCA,Final Year,Third Semester,Database Management Systems,Period_1,11,7,82.02,18.5,8.2,12.7,0,31.1,77.9,2,59.0,63.64,Defaulter
STU0180,Female,22,MCA,Final Year,Third Semester,Database Management Systems,Period_2,10,10,82.02,18.5,23.8,12.7,1,31.1,73.8,2,69.6,100.0,Regular
STU0180,Female,22,MCA,Final Year,Third Semester,Database Management Systems,Period_3,12,9,82.02,18.5,11.6,12.7,0,31.1,72.0,0,100.0,75.0,Regular
STU0180,Female,22,MCA,Final Year,Third Semester,Database Management Systems,Period_4,10,7,82.02,18.5,14.5,12.7,1,31.1,77.1,4,84.0,70.0,Defaulter
STU0180,Female,22,MCA,Final Year,Third Semester,Computer Networks,Period_1,9,8,92.82,42.1,12.1,12.7,2,31.1,77.2,2,75.1,88.89,Regular
STU0180,Female,22,MCA,Final Year,Third Semester,Computer Networks,Period_2,11,8,92.82,42.1,16.9,12.7,3,31.1,83.1,1,62.1,72.73,Defaulter
STU0180,Female,22,MCA,Final Year,Third Semester,Computer Networks,Period_3,9,8,92.82,42.1,13.6,12.7,1,31.1,81.9,4,69.4,88.89,Regular
STU0180,Female,22,MCA,Final Year,Third Semester,Computer Networks,Period_4,10,10,92.82,42.1,23.0,12.7,0,31.1,76.7,0,75.3,100.0,Regular
STU0180,Female,22,MCA,Final Year,Third Semester,Theory of Computation,Period_1,11,9,72.34,74.9,11.0,12.7,0,31.1,74.6,0,81.4,81.82,Regular
STU0180,Female,22,MCA,Final Year,Third Semester,Theory of Computation,Period_2,9,9,72.34,74.9,24.6,12.7,1,31.1,71.9,5,60.6,100.0,Regular
STU0180,Female,22,MCA,Final Year,Third Semester,Theory of Computation,Period_3,12,11,72.34,74.9,8.4,12.7,0,31.1,84.0,4,79.9,91.67,Regular
STU0180,Female,22,MCA,Final Year,Third Semester,Theory of Computation,Period_4,9,6,72.34,74.9,15.5,12.7,1,31.1,78.0,1,52.9,66.67,Defaulter
STU0180,Female,22,MCA,Final Year,Third Semester,Software Engineering,Period_1,12,8,90.94,63.4,8.4,12.7,1,31.1,82.0,0,53.7,66.67,Defaulter
STU0180,Female,22,MCA,Final Year,Third Semester,Software Engineering,Period_2,11,11,90.94,63.4,17.4,12.7,1,31.1,77.4,1,69.2,100.0,Regular
STU0180,Female,22,MCA,Final Year,Third Semester,Software Engineering,Period_3,8,7,90.94,63.4,18.6,12.7,0,31.1,81.3,2,73.5,87.5,Regular
STU0180,Female,22,MCA,Final Year,Third Semester,Software Engineering,Period_4,8,8,90.94,63.4,13.5,12.7,2,31.1,80.7,1,48.5,100.0,Regular
STU0181,Male,21,MCA,Final Year,Third Semester,Data Structures & Algorithms,Period_1,10,10,90.24,67.9,21.1,15.4,2,45.1,81.1,1,51.0,100.0,Regular
STU0181,Male,21,MCA,Final Year,Third Semester,Data Structures & Algorithms,Period_2,9,8,90.24,67.9,20.9,15.4,1,45.1,68.2,3,67.5,88.89,Regular
STU0181,Male,21,MCA,Final Year,Third Semester,Data Structures & Algorithms,Period_3,11,10,90.24,67.9,17.5,15.4,0,45.1,73.4,1,68.9,90.91,Regular
STU0181,Male,21,MCA,Final Year,Third Semester,Data Structures & Algorithms,Period_4,9,7,90.24,67.9,18.2,15.4,2,45.1,69.4,2,54.3,77.78,Regular
STU0181,Male,21,MCA,Final Year,Third Semester,Database Management Systems,Period_1,8,5,100.0,75.0,14.7,15.4,1,45.1,72.1,2,65.6,62.5,Defaulter
STU0181,Male,21,MCA,Final Year,Third Semester,Database Management Systems,Period_2,12,12,100.0,75.0,19.6,15.4,0,45.1,70.5,0,65.0,100.0,Regular
STU0181,Male,21,MCA,Final Year,Third Semester,Database Management Systems,Period_3,10,10,100.0,75.0,16.9,15.4,3,45.1,73.6,1,83.9,100.0,Regular
STU0181,Male,21,MCA,Final Year,Third Semester,Database Management Systems,Period_4,12,12,100.0,75.0,22.1,15.4,1,45.1,72.9,3,28.1,100.0,Regular
STU0181,Male,21,MCA,Final Year,Third Semester,Computer Networks,Period_1,10,5,88.93,56.9,8.4,15.4,1,45.1,67.3,1,96.0,50.0,Defaulter
STU0181,Male,21,MCA,Final Year,Third Semester,Computer Networks,Period_2,12,10,88.93,56.9,13.1,15.4,2,45.1,73.2,3,47.7,83.33,Regular
STU0181,Male,21,MCA,Final Year,Third Semester,Computer Networks,Period_3,9,7,88.93,56.9,20.7,15.4,1,45.1,77.7,0,72.7,77.78,Regular
STU0181,Male,21,MCA,Final Year,Third Semester,Computer Networks,Period_4,8,7,88.93,56.9,14.9,15.4,0,45.1,64.7,0,91.5,87.5,Regular
STU0181,Male,21,MCA,Final Year,Third Semester,Theory of Computation,Period_1,11,11,84.72,71.8,24.9,15.4,1,45.1,74.4,3,69.5,100.0,Regular
STU0181,Male,21,MCA,Final Year,Third Semester,Theory of Computation,Period_2,11,10,84.72,71.8,23.8,15.4,3,45.1,72.4,4,80.1,90.91,Regular
STU0181,Male,21,MCA,Final Year,Third Semester,Theory of Computation,Period_3,10,9,84.72,71.8,8.9,15.4,2,45.1,72.6,1,62.7,90.0,Regular
STU0181,Male,21,MCA,Final Year,Third Semester,Theory of Computation,Period_4,8,8,84.72,71.8,19.5,15.4,0,45.1,71.9,2,80.5,100.0,Regular
STU0181,Male,21,MCA,Final Year,Third Semester,Software Engineering,Period_1,11,9,75.15,56.9,8.8,15.4,1,45.1,73.6,3,72.0,81.82,Regular
STU0181,Male,21,MCA,Final Year,Third Semester,Software Engineering,Period_2,12,12,75.15,56.9,19.7,15.4,1,45.1,71.1,2,60.5,100.0,Regular
STU0181,Male,21,MCA,Final Year,Third Semester,Software Engineering,Period_3,10,7,75.15,56.9,20.9,15.4,2,45.1,73.2,2,60.6,70.0,Defaulter
STU0181,Male,21,MCA,Final Year,Third Semester,Software Engineering,Period_4,11,11,75.15,56.9,22.1,15.4,2,45.1,72.7,3,63.9,100.0,Regular
STU0182,Male,21,MCA,Final Year,Third Semester,Data Structures & Algorithms,Period_1,11,5,49.57,43.9,15.2,11.3,0,0.6,50.4,4,73.4,45.45,Defaulter
STU0182,Male,21,MCA,Final Year,Third Semester,Data Structures & Algorithms,Period_2,12,7,49.57,43.9,16.8,11.3,2,0.6,46.4,1,79.5,58.33,Defaulter
STU0182,Male,21,MCA,Final Year,Third Semester,Data Structures & Algorithms,Period_3,9,4,49.57,43.9,11.1,11.3,0,0.6,56.0,0,55.1,44.44,Defaulter
STU0182,Male,21,MCA,Final Year,Third Semester,Data Structures & Algorithms,Period_4,9,3,49.57,43.9,1.4,11.3,2,0.6,43.1,2,42.2,33.33,Defaulter
STU0182,Male,21,MCA,Final Year,Third Semester,Database Management Systems,Period_1,8,2,55.46,55.8,7.9,11.3,0,0.6,51.5,5,83.6,25.0,Defaulter
STU0182,Male,21,MCA,Final Year,Third Semester,Database Management Systems,Period_2,8,3,55.46,55.8,7.8,11.3,3,0.6,47.9,4,78.0,37.5,Defaulter
STU0182,Male,21,MCA,Final Year,Third Semester,Database Management Systems,Period_3,10,6,55.46,55.8,10.2,11.3,0,0.6,50.7,0,64.2,60.0,Defaulter
STU0182,Male,21,MCA,Final Year,Third Semester,Database Management Systems,Period_4,10,3,55.46,55.8,13.2,11.3,2,0.6,50.7,1,90.4,30.0,Defaulter
STU0182,Male,21,MCA,Final Year,Third Semester,Computer Networks,Period_1,9,3,38.0,30.2,4.1,11.3,3,0.6,46.1,1,47.2,33.33,Defaulter
STU0182,Male,21,MCA,Final Year,Third Semester,Computer Networks,Period_2,11,5,38.0,30.2,8.6,11.3,3,0.6,46.9,0,80.0,45.45,Defaulter
STU0182,Male,21,MCA,Final Year,Third Semester,Computer Networks,Period_3,8,3,38.0,30.2,2.2,11.3,0,0.6,47.3,1,72.2,37.5,Defaulter
STU0182,Male,21,MCA,Final Year,Third Semester,Computer Networks,Period_4,10,7,38.0,30.2,10.8,11.3,1,0.6,54.0,3,57.7,70.0,Defaulter
STU0182,Male,21,MCA,Final Year,Third Semester,Theory of Computation,Period_1,11,5,47.96,42.2,0.0,11.3,1,0.6,46.9,0,61.0,45.45,Defaulter
STU0182,Male,21,MCA,Final Year,Third Semester,Theory of Computation,Period_2,12,6,47.96,42.2,8.8,11.3,1,0.6,48.7,2,74.1,50.0,Defaulter
STU0182,Male,21,MCA,Final Year,Third Semester,Theory of Computation,Period_3,8,4,47.96,42.2,11.2,11.3,1,0.6,49.9,1,90.7,50.0,Defaulter
STU0182,Male,21,MCA,Final Year,Third Semester,Theory of Computation,Period_4,12,4,47.96,42.2,7.2,11.3,1,0.6,50.4,1,64.1,33.33,Defaulter
STU0182,Male,21,MCA,Final Year,Third Semester,Software Engineering,Period_1,9,4,41.97,47.4,11.5,11.3,2,0.6,46.3,2,56.6,44.44,Defaulter
STU0182,Male,21,MCA,Final Year,Third Semester,Software Engineering,Period_2,12,7,41.97,47.4,5.8,11.3,0,0.6,45.7,4,82.2,58.33,Defaulter
STU0182,Male,21,MCA,Final Year,Third Semester,Software Engineering,Period_3,12,6,41.97,47.4,0.0,11.3,1,0.6,45.9,3,72.1,50.0,Defaulter
STU0182,Male,21,MCA,Final Year,Third Semester,Software Engineering,Period_4,12,6,41.97,47.4,9.0,11.3,2,0.6,52.9,3,55.9,50.0,Defaulter
STU0183,Male,20,MCA,Final Year,Third Semester,Data Structures & Algorithms,Period_1,11,10,77.89,64.9,13.0,15.1,1,3.7,79.6,3,66.2,90.91,Regular
STU0183,Male,20,MCA,Final Year,Third Semester,Data Structures & Algorithms,Period_2,10,7,77.89,64.9,16.3,15.1,1,3.7,76.6,2,51.6,70.0,Defaulter
STU0183,Male,20,MCA,Final Year,Third Semester,Data Structures & Algorithms,Period_3,12,11,77.89,64.9,18.0,15.1,2,3.7,77.3,1,34.0,91.67,Regular
STU0183,Male,20,MCA,Final Year,Third Semester,Data Structures & Algorithms,Period_4,12,12,77.89,64.9,21.3,15.1,2,3.7,77.9,2,88.2,100.0,Regular
STU0183,Male,20,MCA,Final Year,Third Semester,Database Management Systems,Period_1,8,7,95.77,76.8,16.5,15.1,1,3.7,77.4,3,67.6,87.5,Regular
STU0183,Male,20,MCA,Final Year,Third Semester,Database Management Systems,Period_2,8,7,95.77,76.8,22.1,15.1,1,3.7,73.2,2,51.6,87.5,Regular
STU0183,Male,20,MCA,Final Year,Third Semester,Database Management Systems,Period_3,11,8,95.77,76.8,15.0,15.1,1,3.7,72.0,0,45.0,72.73,Defaulter
STU0183,Male,20,MCA,Final Year,Third Semester,Database Management Systems,Period_4,10,8,95.77,76.8,14.4,15.1,1,3.7,73.2,2,76.3,80.0,Regular
STU0183,Male,20,MCA,Final Year,Third Semester,Computer Networks,Period_1,11,10,99.85,66.9,17.2,15.1,1,3.7,78.2,4,69.3,90.91,Regular
STU0183,Male,20,MCA,Final Year,Third Semester,Computer Networks,Period_2,11,10,99.85,66.9,12.2,15.1,0,3.7,79.8,2,61.6,90.91,Regular
STU0183,Male,20,MCA,Final Year,Third Semester,Computer Networks,Period_3,9,9,99.85,66.9,12.9,15.1,0,3.7,75.4,1,79.4,100.0,Regular
STU0183,Male,20,MCA,Final Year,Third Semester,Computer Networks,Period_4,11,11,99.85,66.9,18.6,15.1,1,3.7,74.7,1,68.1,100.0,Regular
STU0183,Male,20,MCA,Final Year,Third Semester,Theory of Computation,Period_1,12,12,87.99,54.4,14.7,15.1,1,3.7,76.1,1,79.9,100.0,Regular
STU0183,Male,20,MCA,Final Year,Third Semester,Theory of Computation,Period_2,12,10,87.99,54.4,5.6,15.1,1,3.7,80.2,3,78.7,83.33,Regular
STU0183,Male,20,MCA,Final Year,Third Semester,Theory of Computation,Period_3,10,8,87.99,54.4,16.5,15.1,1,3.7,71.6,2,93.1,80.0,Regular
STU0183,Male,20,MCA,Final Year,Third Semester,Theory of Computation,Period_4,9,7,87.99,54.4,16.5,15.1,0,3.7,76.7,4,93.2,77.78,Regular
STU0183,Male,20,MCA,Final Year,Third Semester,Software Engineering,Period_1,12,11,100.0,66.5,14.5,15.1,2,3.7,70.1,2,70.6,91.67,Regular
STU0183,Male,20,MCA,Final Year,Third Semester,Software Engineering,Period_2,12,11,100.0,66.5,24.3,15.1,0,3.7,80.2,0,82.2,91.67,Regular
STU0183,Male,20,MCA,Final Year,Third Semester,Software Engineering,Period_3,8,7,100.0,66.5,13.3,15.1,0,3.7,79.2,1,79.0,87.5,Regular
STU0183,Male,20,MCA,Final Year,Third Semester,Software Engineering,Period_4,12,11,100.0,66.5,16.8,15.1,2,3.7,76.4,0,70.9,91.67,Regular
STU0184,Male,23,MCA,Final Year,Third Semester,Data Structures & Algorithms,Period_1,12,7,75.62,45.3,10.1,9.9,1,20.8,63.8,1,93.3,58.33,Defaulter
STU0184,Male,23,MCA,Final Year,Third Semester,Data Structures & Algorithms,Period_2,11,10,75.62,45.3,17.0,9.9,1,20.8,67.0,1,74.1,90.91,Regular
STU0184,Male,23,MCA,Final Year,Third Semester,Data Structures & Algorithms,Period_3,9,4,75.62,45.3,11.0,9.9,0,20.8,69.5,4,71.0,44.44,Defaulter
STU0184,Male,23,MCA,Final Year,Third Semester,Data Structures & Algorithms,Period_4,11,9,75.62,45.3,22.5,9.9,0,20.8,67.6,3,58.9,81.82,Regular
STU0184,Male,23,MCA,Final Year,Third Semester,Database Management Systems,Period_1,12,7,61.86,43.7,13.8,9.9,1,20.8,66.4,4,60.3,58.33,Defaulter
STU0184,Male,23,MCA,Final Year,Third Semester,Database Management Systems,Period_2,11,9,61.86,43.7,8.9,9.9,2,20.8,67.6,0,67.5,81.82,Regular
STU0184,Male,23,MCA,Final Year,Third Semester,Database Management Systems,Period_3,8,5,61.86,43.7,7.7,9.9,0,20.8,64.9,1,59.1,62.5,Defaulter
STU0184,Male,23,MCA,Final Year,Third Semester,Database Management Systems,Period_4,10,5,61.86,43.7,10.7,9.9,2,20.8,69.2,1,65.7,50.0,Defaulter
STU0184,Male,23,MCA,Final Year,Third Semester,Computer Networks,Period_1,10,5,70.79,30.3,6.1,9.9,1,20.8,67.4,1,100.0,50.0,Defaulter
STU0184,Male,23,MCA,Final Year,Third Semester,Computer Networks,Period_2,11,9,70.79,30.3,14.1,9.9,0,20.8,64.2,1,71.2,81.82,Regular
STU0184,Male,23,MCA,Final Year,Third Semester,Computer Networks,Period_3,8,4,70.79,30.3,10.1,9.9,3,20.8,53.8,3,39.6,50.0,Defaulter
STU0184,Male,23,MCA,Final Year,Third Semester,Computer Networks,Period_4,12,5,70.79,30.3,12.6,9.9,1,20.8,64.7,2,43.2,41.67,Defaulter
STU0184,Male,23,MCA,Final Year,Third Semester,Theory of Computation,Period_1,12,10,85.28,27.3,17.6,9.9,0,20.8,67.9,2,40.6,83.33,Regular
STU0184,Male,23,MCA,Final Year,Third Semester,Theory of Computation,Period_2,11,7,85.28,27.3,6.4,9.9,2,20.8,68.5,2,80.8,63.64,Defaulter
STU0184,Male,23,MCA,Final Year,Third Semester,Theory of Computation,Period_3,10,7,85.28,27.3,16.5,9.9,0,20.8,63.9,0,64.9,70.0,Defaulter
STU0184,Male,23,MCA,Final Year,Third Semester,Theory of Computation,Period_4,10,8,85.28,27.3,19.5,9.9,1,20.8,66.3,3,69.1,80.0,Regular
STU0184,Male,23,MCA,Final Year,Third Semester,Software Engineering,Period_1,8,5,63.21,30.0,13.6,9.9,1,20.8,74.0,5,78.4,62.5,Defaulter
STU0184,Male,23,MCA,Final Year,Third Semester,Software Engineering,Period_2,9,7,63.21,30.0,12.2,9.9,0,20.8,68.0,1,32.6,77.78,Regular
STU0184,Male,23,MCA,Final Year,Third Semester,Software Engineering,Period_3,12,11,63.21,30.0,15.8,9.9,1,20.8,71.2,0,65.2,91.67,Regular
STU0184,Male,23,MCA,Final Year,Third Semester,Software Engineering,Period_4,11,11,63.21,30.0,19.0,9.9,0,20.8,68.6,2,39.9,100.0,Regular
STU0185,Female,21,MCA,Final Year,Third Semester,Data Structures & Algorithms,Period_1,8,6,63.14,56.1,20.2,11.0,3,11.9,61.4,2,74.1,75.0,Regular
STU0185,Female,21,MCA,Final Year,Third Semester,Data Structures & Algorithms,Period_2,10,5,63.14,56.1,5.6,11.0,1,11.9,60.7,0,68.2,50.0,Defaulter
STU0185,Female,21,MCA,Final Year,Third Semester,Data Structures & Algorithms,Period_3,8,6,63.14,56.1,17.0,11.0,1,11.9,62.6,1,41.5,75.0,Regular
STU0185,Female,21,MCA,Final Year,Third Semester,Data Structures & Algorithms,Period_4,9,3,63.14,56.1,8.3,11.0,1,11.9,65.7,4,56.0,33.33,Defaulter
STU0185,Female,21,MCA,Final Year,Third Semester,Database Management Systems,Period_1,9,4,51.74,40.9,6.8,11.0,2,11.9,56.0,3,59.2,44.44,Defaulter
STU0185,Female,21,MCA,Final Year,Third Semester,Database Management Systems,Period_2,9,6,51.74,40.9,14.5,11.0,0,11.9,64.2,2,71.9,66.67,Defaulter
STU0185,Female,21,MCA,Final Year,Third Semester,Database Management Systems,Period_3,12,7,51.74,40.9,24.5,11.0,1,11.9,63.3,3,57.4,58.33,Defaulter
STU0185,Female,21,MCA,Final Year,Third Semester,Database Management Systems,Period_4,9,5,51.74,40.9,8.8,11.0,1,11.9,63.4,0,58.7,55.56,Defaulter
STU0185,Female,21,MCA,Final Year,Third Semester,Computer Networks,Period_1,9,6,59.62,39.3,15.7,11.0,0,11.9,69.1,1,76.1,66.67,Defaulter
STU0185,Female,21,MCA,Final Year,Third Semester,Computer Networks,Period_2,9,8,59.62,39.3,18.2,11.0,1,11.9,55.2,2,58.3,88.89,Regular
STU0185,Female,21,MCA,Final Year,Third Semester,Computer Networks,Period_3,9,5,59.62,39.3,11.3,11.0,1,11.9,54.6,1,61.3,55.56,Defaulter
STU0185,Female,21,MCA,Final Year,Third Semester,Computer Networks,Period_4,9,6,59.62,39.3,12.8,11.0,1,11.9,63.3,2,75.1,66.67,Defaulter
STU0185,Female,21,MCA,Final Year,Third Semester,Theory of Computation,Period_1,11,8,73.27,65.6,12.9,11.0,1,11.9,55.7,4,97.3,72.73,Defaulter
STU0185,Female,21,MCA,Final Year,Third Semester,Theory of Computation,Period_2,9,3,73.27,65.6,0.5,11.0,3,11.9,57.5,1,57.7,33.33,Defaulter
STU0185,Female,21,MCA,Final Year,Third Semester,Theory of Computation,Period_3,11,5,73.27,65.6,5.6,11.0,2,11.9,61.0,0,59.4,45.45,Defaulter
STU0185,Female,21,MCA,Final Year,Third Semester,Theory of Computation,Period_4,8,4,73.27,65.6,5.4,11.0,0,11.9,60.6,2,66.6,50.0,Defaulter
STU0185,Female,21,MCA,Final Year,Third Semester,Software Engineering,Period_1,10,4,51.61,46.8,3.1,11.0,0,11.9,55.9,1,57.6,40.0,Defaulter
STU0185,Female,21,MCA,Final Year,Third Semester,Software Engineering,Period_2,10,5,51.61,46.8,10.3,11.0,1,11.9,68.7,3,90.6,50.0,Defaulter
STU0185,Female,21,MCA,Final Year,Third Semester,Software Engineering,Period_3,10,6,51.61,46.8,10.5,11.0,0,11.9,63.0,3,42.6,60.0,Defaulter
STU0185,Female,21,MCA,Final Year,Third Semester,Software Engineering,Period_4,10,4,51.61,46.8,7.4,11.0,1,11.9,58.8,0,68.8,40.0,Defaulter
STU0186,Male,23,MCA,Final Year,Third Semester,Data Structures & Algorithms,Period_1,11,5,51.48,48.5,6.7,8.7,4,2.6,63.2,1,81.2,45.45,Defaulter
STU0186,Male,23,MCA,Final Year,Third Semester,Data Structures & Algorithms,Period_2,12,8,51.48,48.5,15.7,8.7,3,2.6,50.9,4,41.9,66.67,Defaulter
STU0186,Male,23,MCA,Final Year,Third Semester,Data Structures & Algorithms,Period_3,11,4,51.48,48.5,0.0,8.7,1,2.6,61.9,1,84.6,36.36,Defaulter
STU0186,Male,23,MCA,Final Year,Third Semester,Data Structures & Algorithms,Period_4,8,2,51.48,48.5,0.0,8.7,3,2.6,61.4,2,67.3,25.0,Defaulter
STU0186,Male,23,MCA,Final Year,Third Semester,Database Management Systems,Period_1,12,5,53.68,38.1,6.8,8.7,1,2.6,55.6,0,79.6,41.67,Defaulter
STU0186,Male,23,MCA,Final Year,Third Semester,Database Management Systems,Period_2,8,3,53.68,38.1,12.3,8.7,2,2.6,59.6,2,90.6,37.5,Defaulter
STU0186,Male,23,MCA,Final Year,Third Semester,Database Management Systems,Period_3,12,3,53.68,38.1,0.0,8.7,2,2.6,62.8,0,92.1,25.0,Defaulter
STU0186,Male,23,MCA,Final Year,Third Semester,Database Management Systems,Period_4,8,4,53.68,38.1,7.9,8.7,0,2.6,60.7,4,91.9,50.0,Defaulter
STU0186,Male,23,MCA,Final Year,Third Semester,Computer Networks,Period_1,8,3,44.91,30.6,7.6,8.7,1,2.6,63.7,0,88.4,37.5,Defaulter
STU0186,Male,23,MCA,Final Year,Third Semester,Computer Networks,Period_2,11,4,44.91,30.6,0.0,8.7,1,2.6,62.3,3,77.0,36.36,Defaulter
STU0186,Male,23,MCA,Final Year,Third Semester,Computer Networks,Period_3,10,5,44.91,30.6,13.9,8.7,1,2.6,59.7,2,54.6,50.0,Defaulter
STU0186,Male,23,MCA,Final Year,Third Semester,Computer Networks,Period_4,10,4,44.91,30.6,11.7,8.7,0,2.6,61.5,1,81.8,40.0,Defaulter
STU0186,Male,23,MCA,Final Year,Third Semester,Theory of Computation,Period_1,12,7,45.94,34.4,12.7,8.7,0,2.6,62.3,2,75.4,58.33,Defaulter
STU0186,Male,23,MCA,Final Year,Third Semester,Theory of Computation,Period_2,9,3,45.94,34.4,8.7,8.7,0,2.6,64.5,3,83.0,33.33,Defaulter
STU0186,Male,23,MCA,Final Year,Third Semester,Theory of Computation,Period_3,10,4,45.94,34.4,11.0,8.7,1,2.6,61.3,1,79.8,40.0,Defaulter
STU0186,Male,23,MCA,Final Year,Third Semester,Theory of Computation,Period_4,12,7,45.94,34.4,14.4,8.7,0,2.6,58.2,2,100.0,58.33,Defaulter
STU0186,Male,23,MCA,Final Year,Third Semester,Software Engineering,Period_1,9,5,44.72,50.0,21.6,8.7,2,2.6,57.9,1,85.2,55.56,Defaulter
STU0186,Male,23,MCA,Final Year,Third Semester,Software Engineering,Period_2,12,4,44.72,50.0,0.0,8.7,2,2.6,60.5,1,86.3,33.33,Defaulter
STU0186,Male,23,MCA,Final Year,Third Semester,Software Engineering,Period_3,11,8,44.72,50.0,11.1,8.7,2,2.6,62.8,0,70.5,72.73,Defaulter
STU0186,Male,23,MCA,Final Year,Third Semester,Software Engineering,Period_4,9,5,44.72,50.0,13.8,8.7,2,2.6,56.3,2,77.8,55.56,Defaulter
STU0187,Male,23,MCA,Final Year,Third Semester,Data Structures & Algorithms,Period_1,11,10,99.86,45.9,13.4,14.9,0,19.4,92.0,3,80.9,90.91,Regular
STU0187,Male,23,MCA,Final Year,Third Semester,Data Structures & Algorithms,Period_2,9,9,99.86,45.9,23.1,14.9,0,19.4,91.2,5,76.8,100.0,Regular
STU0187,Male,23,MCA,Final Year,Third Semester,Data Structures & Algorithms,Period_3,12,12,99.86,45.9,16.3,14.9,1,19.4,98.0,2,51.8,100.0,Regular
STU0187,Male,23,MCA,Final Year,Third Semester,Data Structures & Algorithms,Period_4,9,9,99.86,45.9,23.4,14.9,2,19.4,99.8,3,85.1,100.0,Regular
STU0187,Male,23,MCA,Final Year,Third Semester,Database Management Systems,Period_1,10,10,100.0,48.7,14.7,14.9,0,19.4,100.0,0,97.8,100.0,Regular
STU0187,Male,23,MCA,Final Year,Third Semester,Database Management Systems,Period_2,10,10,100.0,48.7,16.6,14.9,1,19.4,98.0,3,51.0,100.0,Regular
STU0187,Male,23,MCA,Final Year,Third Semester,Database Management Systems,Period_3,10,9,100.0,48.7,12.1,14.9,2,19.4,97.9,0,72.7,90.0,Regular
STU0187,Male,23,MCA,Final Year,Third Semester,Database Management Systems,Period_4,8,8,100.0,48.7,19.2,14.9,0,19.4,100.0,2,36.5,100.0,Regular
STU0187,Male,23,MCA,Final Year,Third Semester,Computer Networks,Period_1,9,9,95.98,69.2,22.3,14.9,2,19.4,100.0,3,55.4,100.0,Regular
STU0187,Male,23,MCA,Final Year,Third Semester,Computer Networks,Period_2,10,9,95.98,69.2,11.1,14.9,1,19.4,97.8,3,79.1,90.0,Regular
STU0187,Male,23,MCA,Final Year,Third Semester,Computer Networks,Period_3,10,10,95.98,69.2,17.8,14.9,1,19.4,92.9,0,53.4,100.0,Regular
STU0187,Male,23,MCA,Final Year,Third Semester,Computer Networks,Period_4,11,8,95.98,69.2,13.5,14.9,1,19.4,90.9,3,78.4,72.73,Defaulter
STU0187,Male,23,MCA,Final Year,Third Semester,Theory of Computation,Period_1,10,8,99.35,61.2,14.0,14.9,0,19.4,95.0,4,61.3,80.0,Regular
STU0187,Male,23,MCA,Final Year,Third Semester,Theory of Computation,Period_2,11,11,99.35,61.2,16.2,14.9,3,19.4,97.9,2,66.3,100.0,Regular
STU0187,Male,23,MCA,Final Year,Third Semester,Theory of Computation,Period_3,10,8,99.35,61.2,11.7,14.9,2,19.4,94.6,0,51.9,80.0,Regular
STU0187,Male,23,MCA,Final Year,Third Semester,Theory of Computation,Period_4,10,10,99.35,61.2,20.1,14.9,1,19.4,99.8,5,43.9,100.0,Regular
STU0187,Male,23,MCA,Final Year,Third Semester,Software Engineering,Period_1,9,7,100.0,49.9,12.4,14.9,2,19.4,91.5,1,79.2,77.78,Regular
STU0187,Male,23,MCA,Final Year,Third Semester,Software Engineering,Period_2,9,8,100.0,49.9,16.8,14.9,0,19.4,86.9,1,87.0,88.89,Regular
STU0187,Male,23,MCA,Final Year,Third Semester,Software Engineering,Period_3,12,9,100.0,49.9,0.0,14.9,1,19.4,95.2,0,87.4,75.0,Regular
STU0187,Male,23,MCA,Final Year,Third Semester,Software Engineering,Period_4,12,12,100.0,49.9,22.2,14.9,0,19.4,99.0,4,64.5,100.0,Regular
STU0188,Female,24,MCA,Final Year,Third Semester,Data Structures & Algorithms,Period_1,9,7,79.09,51.1,16.7,13.2,1,1.6,86.3,0,98.3,77.78,Regular
STU0188,Female,24,MCA,Final Year,Third Semester,Data Structures & Algorithms,Period_2,12,6,79.09,51.1,16.2,13.2,2,1.6,83.6,3,39.5,50.0,Defaulter
STU0188,Female,24,MCA,Final Year,Third Semester,Data Structures & Algorithms,Period_3,11,8,79.09,51.1,9.1,13.2,1,1.6,82.9,1,80.9,72.73,Defaulter
STU0188,Female,24,MCA,Final Year,Third Semester,Data Structures & Algorithms,Period_4,9,6,79.09,51.1,20.4,13.2,3,1.6,89.1,1,54.7,66.67,Defaulter
STU0188,Female,24,MCA,Final Year,Third Semester,Database Management Systems,Period_1,9,9,60.26,54.8,18.7,13.2,0,1.6,84.1,1,82.0,100.0,Regular
STU0188,Female,24,MCA,Final Year,Third Semester,Database Management Systems,Period_2,9,9,60.26,54.8,14.8,13.2,1,1.6,92.2,0,62.2,100.0,Regular
STU0188,Female,24,MCA,Final Year,Third Semester,Database Management Systems,Period_3,10,7,60.26,54.8,15.9,13.2,2,1.6,89.9,2,63.5,70.0,Defaulter
STU0188,Female,24,MCA,Final Year,Third Semester,Database Management Systems,Period_4,10,7,60.26,54.8,11.4,13.2,2,1.6,90.4,1,56.8,70.0,Defaulter
STU0188,Female,24,MCA,Final Year,Third Semester,Computer Networks,Period_1,12,9,80.05,35.7,14.3,13.2,1,1.6,96.7,4,100.0,75.0,Regular
STU0188,Female,24,MCA,Final Year,Third Semester,Computer Networks,Period_2,10,7,80.05,35.7,18.5,13.2,0,1.6,81.7,3,58.6,70.0,Defaulter
STU0188,Female,24,MCA,Final Year,Third Semester,Computer Networks,Period_3,8,6,80.05,35.7,8.6,13.2,2,1.6,82.0,2,71.2,75.0,Regular
STU0188,Female,24,MCA,Final Year,Third Semester,Computer Networks,Period_4,8,6,80.05,35.7,17.3,13.2,1,1.6,87.3,1,58.8,75.0,Regular
STU0188,Female,24,MCA,Final Year,Third Semester,Theory of Computation,Period_1,11,8,60.61,63.5,8.0,13.2,2,1.6,85.5,1,37.4,72.73,Defaulter
STU0188,Female,24,MCA,Final Year,Third Semester,Theory of Computation,Period_2,12,8,60.61,63.5,8.0,13.2,1,1.6,83.6,3,61.1,66.67,Defaulter
STU0188,Female,24,MCA,Final Year,Third Semester,Theory of Computation,Period_3,10,7,60.61,63.5,11.1,13.2,2,1.6,89.3,0,92.4,70.0,Defaulter
STU0188,Female,24,MCA,Final Year,Third Semester,Theory of Computation,Period_4,10,7,60.61,63.5,12.7,13.2,1,1.6,87.5,3,49.5,70.0,Defaulter
STU0188,Female,24,MCA,Final Year,Third Semester,Software Engineering,Period_1,8,6,63.04,68.8,18.4,13.2,2,1.6,86.0,0,73.3,75.0,Regular
STU0188,Female,24,MCA,Final Year,Third Semester,Software Engineering,Period_2,8,7,63.04,68.8,23.5,13.2,2,1.6,86.6,1,89.5,87.5,Regular
STU0188,Female,24,MCA,Final Year,Third Semester,Software Engineering,Period_3,12,10,63.04,68.8,17.3,13.2,4,1.6,79.5,1,52.2,83.33,Regular
STU0188,Female,24,MCA,Final Year,Third Semester,Software Engineering,Period_4,8,6,63.04,68.8,18.4,13.2,2,1.6,88.1,1,88.2,75.0,Regular
STU0189,Female,23,MCA,Final Year,Third Semester,Data Structures & Algorithms,Period_1,9,6,61.58,16.9,9.6,8.8,0,18.6,58.3,3,76.5,66.67,Defaulter
STU0189,Female,23,MCA,Final Year,Third Semester,Data Structures & Algorithms,Period_2,9,3,61.58,16.9,2.2,8.8,1,18.6,61.0,1,72.3,33.33,Defaulter
STU0189,Female,23,MCA,Final Year,Third Semester,Data Structures & Algorithms,Period_3,9,4,61.58,16.9,4.1,8.8,0,18.6,60.9,1,51.4,44.44,Defaulter
STU0189,Female,23,MCA,Final Year,Third Semester,Data Structures & Algorithms,Period_4,12,8,61.58,16.9,16.7,8.8,1,18.6,62.3,3,48.9,66.67,Defaulter
STU0189,Female,23,MCA,Final Year,Third Semester,Database Management Systems,Period_1,10,4,57.91,31.6,6.0,8.8,0,18.6,59.0,4,46.6,40.0,Defaulter
STU0189,Female,23,MCA,Final Year,Third Semester,Database Management Systems,Period_2,9,5,57.91,31.6,7.6,8.8,2,18.6,62.4,3,71.6,55.56,Defaulter
STU0189,Female,23,MCA,Final Year,Third Semester,Database Management Systems,Period_3,9,4,57.91,31.6,9.6,8.8,1,18.6,65.9,0,54.3,44.44,Defaulter
STU0189,Female,23,MCA,Final Year,Third Semester,Database Management Systems,Period_4,11,7,57.91,31.6,9.6,8.8,0,18.6,61.5,2,86.4,63.64,Defaulter
STU0189,Female,23,MCA,Final Year,Third Semester,Computer Networks,Period_1,9,4,46.46,41.8,7.4,8.8,1,18.6,61.2,1,76.9,44.44,Defaulter
STU0189,Female,23,MCA,Final Year,Third Semester,Computer Networks,Period_2,9,4,46.46,41.8,6.8,8.8,0,18.6,63.1,1,85.3,44.44,Defaulter
STU0189,Female,23,MCA,Final Year,Third Semester,Computer Networks,Period_3,12,7,46.46,41.8,4.9,8.8,1,18.6,68.5,1,58.8,58.33,Defaulter
STU0189,Female,23,MCA,Final Year,Third Semester,Computer Networks,Period_4,9,7,46.46,41.8,11.5,8.8,0,18.6,59.0,3,59.9,77.78,Regular
STU0189,Female,23,MCA,Final Year,Third Semester,Theory of Computation,Period_1,10,7,43.95,57.3,16.2,8.8,0,18.6,59.5,2,60.2,70.0,Defaulter
STU0189,Female,23,MCA,Final Year,Third Semester,Theory of Computation,Period_2,10,7,43.95,57.3,18.1,8.8,0,18.6,62.6,2,63.6,70.0,Defaulter
STU0189,Female,23,MCA,Final Year,Third Semester,Theory of Computation,Period_3,9,5,43.95,57.3,5.7,8.8,1,18.6,63.9,4,75.2,55.56,Defaulter
STU0189,Female,23,MCA,Final Year,Third Semester,Theory of Computation,Period_4,11,7,43.95,57.3,10.5,8.8,1,18.6,59.5,5,74.0,63.64,Defaulter
STU0189,Female,23,MCA,Final Year,Third Semester,Software Engineering,Period_1,10,4,45.25,46.5,3.3,8.8,0,18.6,63.0,4,57.6,40.0,Defaulter
STU0189,Female,23,MCA,Final Year,Third Semester,Software Engineering,Period_2,10,4,45.25,46.5,6.5,8.8,2,18.6,61.0,4,57.6,40.0,Defaulter
STU0189,Female,23,MCA,Final Year,Third Semester,Software Engineering,Period_3,12,3,45.25,46.5,0.0,8.8,0,18.6,65.6,2,90.0,25.0,Defaulter
STU0189,Female,23,MCA,Final Year,Third Semester,Software Engineering,Period_4,12,5,45.25,46.5,12.7,8.8,2,18.6,60.3,2,75.4,41.67,Defaulter
STU0190,Male,25,MCA,Final Year,Third Semester,Data Structures & Algorithms,Period_1,10,4,38.0,32.2,5.1,7.5,0,6.4,51.7,1,66.4,40.0,Defaulter
STU0190,Male,25,MCA,Final Year,Third Semester,Data Structures & Algorithms,Period_2,8,5,38.0,32.2,10.8,7.5,0,6.4,47.2,1,69.1,62.5,Defaulter
STU0190,Male,25,MCA,Final Year,Third Semester,Data Structures & Algorithms,Period_3,11,2,38.0,32.2,2.2,7.5,3,6.4,61.7,3,41.3,18.18,Defaulter
STU0190,Male,25,MCA,Final Year,Third Semester,Data Structures & Algorithms,Period_4,12,6,38.0,32.2,20.4,7.5,2,6.4,52.8,3,90.8,50.0,Defaulter
STU0190,Male,25,MCA,Final Year,Third Semester,Database Management Systems,Period_1,9,2,63.0,25.3,8.2,7.5,0,6.4,54.4,2,82.2,22.22,Defaulter
STU0190,Male,25,MCA,Final Year,Third Semester,Database Management Systems,Period_2,10,4,63.0,25.3,1.8,7.5,1,6.4,52.3,1,98.4,40.0,Defaulter
STU0190,Male,25,MCA,Final Year,Third Semester,Database Management Systems,Period_3,9,5,63.0,25.3,13.6,7.5,2,6.4,56.2,2,56.3,55.56,Defaulter
STU0190,Male,25,MCA,Final Year,Third Semester,Database Management Systems,Period_4,11,6,63.0,25.3,5.2,7.5,3,6.4,54.8,4,61.5,54.55,Defaulter
STU0190,Male,25,MCA,Final Year,Third Semester,Computer Networks,Period_1,8,4,38.0,40.1,16.9,7.5,1,6.4,54.0,1,59.7,50.0,Defaulter
STU0190,Male,25,MCA,Final Year,Third Semester,Computer Networks,Period_2,11,3,38.0,40.1,3.2,7.5,5,6.4,58.1,0,84.3,27.27,Defaulter
STU0190,Male,25,MCA,Final Year,Third Semester,Computer Networks,Period_3,11,1,38.0,40.1,5.8,7.5,0,6.4,53.2,2,86.4,9.09,Defaulter
STU0190,Male,25,MCA,Final Year,Third Semester,Computer Networks,Period_4,10,3,38.0,40.1,10.2,7.5,0,6.4,55.6,2,74.9,30.0,Defaulter
STU0190,Male,25,MCA,Final Year,Third Semester,Theory of Computation,Period_1,8,3,42.75,34.0,3.5,7.5,2,6.4,57.4,3,71.4,37.5,Defaulter
STU0190,Male,25,MCA,Final Year,Third Semester,Theory of Computation,Period_2,12,6,42.75,34.0,13.0,7.5,2,6.4,49.3,4,73.6,50.0,Defaulter
STU0190,Male,25,MCA,Final Year,Third Semester,Theory of Computation,Period_3,11,3,42.75,34.0,8.5,7.5,2,6.4,56.5,3,61.5,27.27,Defaulter
STU0190,Male,25,MCA,Final Year,Third Semester,Theory of Computation,Period_4,11,5,42.75,34.0,12.4,7.5,3,6.4,58.7,1,66.5,45.45,Defaulter
STU0190,Male,25,MCA,Final Year,Third Semester,Software Engineering,Period_1,11,5,44.8,39.9,8.4,7.5,1,6.4,58.8,0,84.3,45.45,Defaulter
STU0190,Male,25,MCA,Final Year,Third Semester,Software Engineering,Period_2,10,3,44.8,39.9,2.2,7.5,1,6.4,50.7,2,69.2,30.0,Defaulter
STU0190,Male,25,MCA,Final Year,Third Semester,Software Engineering,Period_3,8,1,44.8,39.9,8.3,7.5,1,6.4,54.8,2,69.5,12.5,Defaulter
STU0190,Male,25,MCA,Final Year,Third Semester,Software Engineering,Period_4,11,4,44.8,39.9,8.9,7.5,0,6.4,54.2,1,83.3,36.36,Defaulter
STU0191,Male,24,MCA,Final Year,Third Semester,Data Structures & Algorithms,Period_1,11,6,59.79,73.7,15.8,13.1,0,5.7,55.6,6,44.6,54.55,Defaulter
STU0191,Male,24,MCA,Final Year,Third Semester,Data Structures & Algorithms,Period_2,12,8,59.79,73.7,11.2,13.1,0,5.7,55.8,1,52.1,66.67,Defaulter
STU0191,Male,24,MCA,Final Year,Third Semester,Data Structures & Algorithms,Period_3,9,3,59.79,73.7,6.0,13.1,1,5.7,56.3,4,23.2,33.33,Defaulter
STU0191,Male,24,MCA,Final Year,Third Semester,Data Structures & Algorithms,Period_4,11,3,59.79,73.7,1.0,13.1,1,5.7,49.2,0,56.9,27.27,Defaulter
STU0191,Male,24,MCA,Final Year,Third Semester,Database Management Systems,Period_1,10,5,53.6,44.0,11.0,13.1,0,5.7,53.1,2,68.9,50.0,Defaulter
STU0191,Male,24,MCA,Final Year,Third Semester,Database Management Systems,Period_2,11,7,53.6,44.0,3.8,13.1,2,5.7,50.2,1,54.1,63.64,Defaulter
STU0191,Male,24,MCA,Final Year,Third Semester,Database Management Systems,Period_3,12,7,53.6,44.0,8.7,13.1,1,5.7,57.4,2,79.7,58.33,Defaulter
STU0191,Male,24,MCA,Final Year,Third Semester,Database Management Systems,Period_4,8,5,53.6,44.0,8.8,13.1,0,5.7,56.8,1,81.7,62.5,Defaulter
STU0191,Male,24,MCA,Final Year,Third Semester,Computer Networks,Period_1,9,3,47.46,51.8,2.5,13.1,0,5.7,59.0,2,100.0,33.33,Defaulter
STU0191,Male,24,MCA,Final Year,Third Semester,Computer Networks,Period_2,8,4,47.46,51.8,12.0,13.1,3,5.7,47.9,1,64.5,50.0,Defaulter
STU0191,Male,24,MCA,Final Year,Third Semester,Computer Networks,Period_3,8,3,47.46,51.8,11.1,13.1,1,5.7,52.3,3,90.7,37.5,Defaulter
STU0191,Male,24,MCA,Final Year,Third Semester,Computer Networks,Period_4,12,7,47.46,51.8,4.3,13.1,1,5.7,53.2,3,52.0,58.33,Defaulter
STU0191,Male,24,MCA,Final Year,Third Semester,Theory of Computation,Period_1,11,5,59.45,54.7,2.3,13.1,1,5.7,51.4,0,73.6,45.45,Defaulter
STU0191,Male,24,MCA,Final Year,Third Semester,Theory of Computation,Period_2,11,4,59.45,54.7,4.1,13.1,0,5.7,54.3,0,67.4,36.36,Defaulter
STU0191,Male,24,MCA,Final Year,Third Semester,Theory of Computation,Period_3,9,4,59.45,54.7,5.7,13.1,1,5.7,55.4,2,100.0,44.44,Defaulter
STU0191,Male,24,MCA,Final Year,Third Semester,Theory of Computation,Period_4,8,3,59.45,54.7,6.4,13.1,0,5.7,53.9,1,67.5,37.5,Defaulter
STU0191,Male,24,MCA,Final Year,Third Semester,Software Engineering,Period_1,9,5,47.26,58.0,9.9,13.1,1,5.7,56.9,2,63.1,55.56,Defaulter
STU0191,Male,24,MCA,Final Year,Third Semester,Software Engineering,Period_2,10,5,47.26,58.0,11.6,13.1,0,5.7,49.7,2,58.4,50.0,Defaulter
STU0191,Male,24,MCA,Final Year,Third Semester,Software Engineering,Period_3,8,4,47.26,58.0,10.1,13.1,0,5.7,54.7,2,79.1,50.0,Defaulter
STU0191,Male,24,MCA,Final Year,Third Semester,Software Engineering,Period_4,12,5,47.26,58.0,8.1,13.1,3,5.7,50.8,1,91.9,41.67,Defaulter
STU0192,Female,20,MCA,Final Year,Third Semester,Data Structures & Algorithms,Period_1,9,4,63.36,26.6,0.0,11.3,2,10.3,75.5,2,90.3,44.44,Defaulter
STU0192,Female,20,MCA,Final Year,Third Semester,Data Structures & Algorithms,Period_2,10,6,63.36,26.6,7.0,11.3,0,10.3,75.6,3,62.9,60.0,Defaulter
STU0192,Female,20,MCA,Final Year,Third Semester,Data Structures & Algorithms,Period_3,12,11,63.36,26.6,11.2,11.3,2,10.3,76.4,0,87.0,91.67,Regular
STU0192,Female,20,MCA,Final Year,Third Semester,Data Structures & Algorithms,Period_4,10,8,63.36,26.6,21.3,11.3,0,10.3,66.5,0,64.3,80.0,Regular
STU0192,Female,20,MCA,Final Year,Third Semester,Database Management Systems,Period_1,8,5,70.98,59.4,9.2,11.3,0,10.3,77.4,3,66.7,62.5,Defaulter
STU0192,Female,20,MCA,Final Year,Third Semester,Database Management Systems,Period_2,11,7,70.98,59.4,11.5,11.3,1,10.3,70.4,1,43.4,63.64,Defaulter
STU0192,Female,20,MCA,Final Year,Third Semester,Database Management Systems,Period_3,9,6,70.98,59.4,7.4,11.3,1,10.3,74.8,0,54.0,66.67,Defaulter
STU0192,Female,20,MCA,Final Year,Third Semester,Database Management Systems,Period_4,9,6,70.98,59.4,16.8,11.3,1,10.3,75.6,1,95.5,66.67,Defaulter
STU0192,Female,20,MCA,Final Year,Third Semester,Computer Networks,Period_1,8,6,65.09,51.0,17.0,11.3,1,10.3,78.7,3,64.9,75.0,Regular
STU0192,Female,20,MCA,Final Year,Third Semester,Computer Networks,Period_2,12,4,65.09,51.0,2.4,11.3,1,10.3,77.7,2,45.9,33.33,Defaulter
STU0192,Female,20,MCA,Final Year,Third Semester,Computer Networks,Period_3,10,8,65.09,51.0,13.1,11.3,0,10.3,67.4,2,54.8,80.0,Regular
STU0192,Female,20,MCA,Final Year,Third Semester,Computer Networks,Period_4,11,8,65.09,51.0,13.5,11.3,1,10.3,75.4,3,56.8,72.73,Defaulter
STU0192,Female,20,MCA,Final Year,Third Semester,Theory of Computation,Period_1,9,7,75.45,51.7,16.9,11.3,2,10.3,79.5,4,74.4,77.78,Regular
STU0192,Female,20,MCA,Final Year,Third Semester,Theory of Computation,Period_2,9,6,75.45,51.7,13.1,11.3,0,10.3,71.3,2,63.9,66.67,Defaulter
STU0192,Female,20,MCA,Final Year,Third Semester,Theory of Computation,Period_3,10,7,75.45,51.7,18.0,11.3,1,10.3,73.2,1,78.2,70.0,Defaulter
STU0192,Female,20,MCA,Final Year,Third Semester,Theory of Computation,Period_4,12,9,75.45,51.7,9.3,11.3,1,10.3,72.4,2,100.0,75.0,Regular
STU0192,Female,20,MCA,Final Year,Third Semester,Software Engineering,Period_1,9,6,61.03,30.9,19.5,11.3,1,10.3,74.7,1,67.4,66.67,Defaulter
STU0192,Female,20,MCA,Final Year,Third Semester,Software Engineering,Period_2,12,5,61.03,30.9,4.8,11.3,0,10.3,67.9,3,66.7,41.67,Defaulter
STU0192,Female,20,MCA,Final Year,Third Semester,Software Engineering,Period_3,8,6,61.03,30.9,17.9,11.3,1,10.3,74.0,2,79.3,75.0,Regular
STU0192,Female,20,MCA,Final Year,Third Semester,Software Engineering,Period_4,10,8,61.03,30.9,13.8,11.3,0,10.3,70.4,2,81.9,80.0,Regular
STU0193,Female,25,MCA,Final Year,Third Semester,Data Structures & Algorithms,Period_1,11,6,46.63,48.3,14.0,11.0,1,1.4,71.9,2,92.0,54.55,Defaulter
STU0193,Female,25,MCA,Final Year,Third Semester,Data Structures & Algorithms,Period_2,12,4,46.63,48.3,3.3,11.0,2,1.4,67.3,3,61.7,33.33,Defaulter
STU0193,Female,25,MCA,Final Year,Third Semester,Data Structures & Algorithms,Period_3,9,5,46.63,48.3,13.6,11.0,1,1.4,74.0,5,100.0,55.56,Defaulter
STU0193,Female,25,MCA,Final Year,Third Semester,Data Structures & Algorithms,Period_4,9,3,46.63,48.3,3.2,11.0,0,1.4,62.0,0,65.8,33.33,Defaulter
STU0193,Female,25,MCA,Final Year,Third Semester,Database Management Systems,Period_1,11,7,47.09,60.3,7.9,11.0,1,1.4,61.7,1,50.2,63.64,Defaulter
STU0193,Female,25,MCA,Final Year,Third Semester,Database Management Systems,Period_2,12,8,47.09,60.3,12.9,11.0,2,1.4,67.2,2,31.8,66.67,Defaulter
STU0193,Female,25,MCA,Final Year,Third Semester,Database Management Systems,Period_3,8,3,47.09,60.3,4.9,11.0,1,1.4,69.9,2,53.4,37.5,Defaulter
STU0193,Female,25,MCA,Final Year,Third Semester,Database Management Systems,Period_4,11,5,47.09,60.3,10.9,11.0,3,1.4,69.0,3,59.5,45.45,Defaulter
STU0193,Female,25,MCA,Final Year,Third Semester,Computer Networks,Period_1,11,8,48.08,43.6,18.6,11.0,2,1.4,68.9,2,63.5,72.73,Defaulter
STU0193,Female,25,MCA,Final Year,Third Semester,Computer Networks,Period_2,8,4,48.08,43.6,11.5,11.0,1,1.4,63.0,2,45.4,50.0,Defaulter
STU0193,Female,25,MCA,Final Year,Third Semester,Computer Networks,Period_3,11,5,48.08,43.6,5.3,11.0,0,1.4,67.3,1,82.2,45.45,Defaulter
STU0193,Female,25,MCA,Final Year,Third Semester,Computer Networks,Period_4,10,4,48.08,43.6,13.1,11.0,2,1.4,68.4,1,83.6,40.0,Defaulter
STU0193,Female,25,MCA,Final Year,Third Semester,Theory of Computation,Period_1,9,5,45.01,72.7,16.2,11.0,0,1.4,65.4,2,83.5,55.56,Defaulter
STU0193,Female,25,MCA,Final Year,Third Semester,Theory of Computation,Period_2,12,6,45.01,72.7,18.0,11.0,2,1.4,67.4,3,69.6,50.0,Defaulter
STU0193,Female,25,MCA,Final Year,Third Semester,Theory of Computation,Period_3,12,4,45.01,72.7,6.4,11.0,1,1.4,71.4,1,37.3,33.33,Defaulter
STU0193,Female,25,MCA,Final Year,Third Semester,Theory of Computation,Period_4,12,3,45.01,72.7,1.1,11.0,0,1.4,66.5,1,63.9,25.0,Defaulter
STU0193,Female,25,MCA,Final Year,Third Semester,Software Engineering,Period_1,11,6,38.0,36.0,11.1,11.0,1,1.4,65.2,2,77.3,54.55,Defaulter
STU0193,Female,25,MCA,Final Year,Third Semester,Software Engineering,Period_2,9,1,38.0,36.0,0.7,11.0,1,1.4,73.5,1,70.9,11.11,Defaulter
STU0193,Female,25,MCA,Final Year,Third Semester,Software Engineering,Period_3,8,3,38.0,36.0,4.3,11.0,1,1.4,72.6,1,89.4,37.5,Defaulter
STU0193,Female,25,MCA,Final Year,Third Semester,Software Engineering,Period_4,12,7,38.0,36.0,15.0,11.0,1,1.4,70.4,4,75.6,58.33,Defaulter
STU0194,Female,21,MCA,Final Year,Third Semester,Data Structures & Algorithms,Period_1,9,6,88.47,52.5,4.5,12.9,1,11.2,76.0,2,29.6,66.67,Defaulter
STU0194,Female,21,MCA,Final Year,Third Semester,Data Structures & Algorithms,Period_2,10,10,88.47,52.5,21.0,12.9,2,11.2,76.2,2,93.7,100.0,Regular
STU0194,Female,21,MCA,Final Year,Third Semester,Data Structures & Algorithms,Period_3,9,9,88.47,52.5,21.3,12.9,1,11.2,78.7,4,67.1,100.0,Regular
STU0194,Female,21,MCA,Final Year,Third Semester,Data Structures & Algorithms,Period_4,10,8,88.47,52.5,9.2,12.9,0,11.2,81.8,0,97.3,80.0,Regular
STU0194,Female,21,MCA,Final Year,Third Semester,Database Management Systems,Period_1,12,12,82.69,52.4,20.5,12.9,0,11.2,82.6,3,64.5,100.0,Regular
STU0194,Female,21,MCA,Final Year,Third Semester,Database Management Systems,Period_2,12,10,82.69,52.4,18.7,12.9,3,11.2,77.5,7,68.2,83.33,Regular
STU0194,Female,21,MCA,Final Year,Third Semester,Database Management Systems,Period_3,8,8,82.69,52.4,22.6,12.9,1,11.2,83.5,2,28.4,100.0,Regular
STU0194,Female,21,MCA,Final Year,Third Semester,Database Management Systems,Period_4,11,10,82.69,52.4,18.6,12.9,2,11.2,77.7,2,100.0,90.91,Regular
STU0194,Female,21,MCA,Final Year,Third Semester,Computer Networks,Period_1,9,4,100.0,44.6,3.4,12.9,0,11.2,77.3,4,83.8,44.44,Defaulter
STU0194,Female,21,MCA,Final Year,Third Semester,Computer Networks,Period_2,10,9,100.0,44.6,19.7,12.9,2,11.2,77.2,1,44.1,90.0,Regular
STU0194,Female,21,MCA,Final Year,Third Semester,Computer Networks,Period_3,11,11,100.0,44.6,15.3,12.9,0,11.2,75.4,1,97.7,100.0,Regular
STU0194,Female,21,MCA,Final Year,Third Semester,Computer Networks,Period_4,11,9,100.0,44.6,15.4,12.9,2,11.2,81.0,0,62.2,81.82,Regular
STU0194,Female,21,MCA,Final Year,Third Semester,Theory of Computation,Period_1,12,10,100.0,67.9,18.5,12.9,1,11.2,82.4,0,94.7,83.33,Regular
STU0194,Female,21,MCA,Final Year,Third Semester,Theory of Computation,Period_2,12,12,100.0,67.9,23.6,12.9,1,11.2,78.7,4,96.2,100.0,Regular
STU0194,Female,21,MCA,Final Year,Third Semester,Theory of Computation,Period_3,12,10,100.0,67.9,16.1,12.9,1,11.2,75.7,2,78.6,83.33,Regular
STU0194,Female,21,MCA,Final Year,Third Semester,Theory of Computation,Period_4,12,9,100.0,67.9,14.9,12.9,1,11.2,71.8,1,70.8,75.0,Regular
STU0194,Female,21,MCA,Final Year,Third Semester,Software Engineering,Period_1,9,9,84.74,53.8,18.2,12.9,1,11.2,78.5,2,63.4,100.0,Regular
STU0194,Female,21,MCA,Final Year,Third Semester,Software Engineering,Period_2,11,10,84.74,53.8,17.6,12.9,0,11.2,71.1,4,85.5,90.91,Regular
STU0194,Female,21,MCA,Final Year,Third Semester,Software Engineering,Period_3,12,10,84.74,53.8,11.8,12.9,3,11.2,77.3,2,58.0,83.33,Regular
STU0194,Female,21,MCA,Final Year,Third Semester,Software Engineering,Period_4,9,7,84.74,53.8,13.0,12.9,0,11.2,74.8,1,67.6,77.78,Regular
STU0195,Male,20,MCA,Final Year,Third Semester,Data Structures & Algorithms,Period_1,12,7,65.97,27.8,12.6,7.2,0,18.9,54.1,2,75.5,58.33,Defaulter
STU0195,Male,20,MCA,Final Year,Third Semester,Data Structures & Algorithms,Period_2,12,8,65.97,27.8,11.7,7.2,1,18.9,49.9,3,90.0,66.67,Defaulter
STU0195,Male,20,MCA,Final Year,Third Semester,Data Structures & Algorithms,Period_3,9,5,65.97,27.8,14.3,7.2,2,18.9,49.6,1,71.7,55.56,Defaulter
STU0195,Male,20,MCA,Final Year,Third Semester,Data Structures & Algorithms,Period_4,9,5,65.97,27.8,5.1,7.2,1,18.9,49.3,1,46.5,55.56,Defaulter
STU0195,Male,20,MCA,Final Year,Third Semester,Database Management Systems,Period_1,9,4,38.1,47.3,12.5,7.2,0,18.9,54.0,0,51.6,44.44,Defaulter
STU0195,Male,20,MCA,Final Year,Third Semester,Database Management Systems,Period_2,8,4,38.1,47.3,8.2,7.2,2,18.9,53.0,3,50.7,50.0,Defaulter
STU0195,Male,20,MCA,Final Year,Third Semester,Database Management Systems,Period_3,11,7,38.1,47.3,6.1,7.2,3,18.9,46.6,1,78.3,63.64,Defaulter
STU0195,Male,20,MCA,Final Year,Third Semester,Database Management Systems,Period_4,8,4,38.1,47.3,4.2,7.2,3,18.9,51.9,1,47.1,50.0,Defaulter
STU0195,Male,20,MCA,Final Year,Third Semester,Computer Networks,Period_1,12,7,63.74,37.8,5.1,7.2,1,18.9,49.4,0,88.5,58.33,Defaulter
STU0195,Male,20,MCA,Final Year,Third Semester,Computer Networks,Period_2,9,3,63.74,37.8,10.5,7.2,2,18.9,58.9,0,85.8,33.33,Defaulter
STU0195,Male,20,MCA,Final Year,Third Semester,Computer Networks,Period_3,9,4,63.74,37.8,7.1,7.2,3,18.9,51.7,2,50.7,44.44,Defaulter
STU0195,Male,20,MCA,Final Year,Third Semester,Computer Networks,Period_4,12,7,63.74,37.8,5.9,7.2,2,18.9,49.9,1,54.0,58.33,Defaulter
STU0195,Male,20,MCA,Final Year,Third Semester,Theory of Computation,Period_1,11,7,56.09,29.7,14.4,7.2,0,18.9,51.6,2,56.1,63.64,Defaulter
STU0195,Male,20,MCA,Final Year,Third Semester,Theory of Computation,Period_2,9,8,56.09,29.7,23.8,7.2,0,18.9,54.0,2,48.6,88.89,Regular
STU0195,Male,20,MCA,Final Year,Third Semester,Theory of Computation,Period_3,10,7,56.09,29.7,2.7,7.2,1,18.9,51.3,1,74.2,70.0,Defaulter
STU0195,Male,20,MCA,Final Year,Third Semester,Theory of Computation,Period_4,11,6,56.09,29.7,10.1,7.2,1,18.9,51.3,2,63.1,54.55,Defaulter
STU0195,Male,20,MCA,Final Year,Third Semester,Software Engineering,Period_1,11,8,68.25,31.1,6.9,7.2,3,18.9,52.7,0,50.6,72.73,Defaulter
STU0195,Male,20,MCA,Final Year,Third Semester,Software Engineering,Period_2,10,6,68.25,31.1,10.5,7.2,0,18.9,47.5,3,95.2,60.0,Defaulter
STU0195,Male,20,MCA,Final Year,Third Semester,Software Engineering,Period_3,9,5,68.25,31.1,7.1,7.2,2,18.9,54.1,1,64.0,55.56,Defaulter
STU0195,Male,20,MCA,Final Year,Third Semester,Software Engineering,Period_4,8,5,68.25,31.1,10.6,7.2,1,18.9,50.2,0,61.8,62.5,Defaulter
STU0196,Male,23,MCA,Final Year,Third Semester,Data Structures & Algorithms,Period_1,9,8,80.05,49.3,17.9,13.1,0,6.2,76.3,1,73.1,88.89,Regular
STU0196,Male,23,MCA,Final Year,Third Semester,Data Structures & Algorithms,Period_2,11,9,80.05,49.3,18.7,13.1,1,6.2,81.6,2,60.4,81.82,Regular
STU0196,Male,23,MCA,Final Year,Third Semester,Data Structures & Algorithms,Period_3,9,5,80.05,49.3,11.5,13.1,1,6.2,86.6,1,78.1,55.56,Defaulter
STU0196,Male,23,MCA,Final Year,Third Semester,Data Structures & Algorithms,Period_4,9,6,80.05,49.3,14.5,13.1,1,6.2,81.5,3,71.4,66.67,Defaulter
STU0196,Male,23,MCA,Final Year,Third Semester,Database Management Systems,Period_1,12,12,87.31,51.5,22.3,13.1,1,6.2,75.8,0,66.0,100.0,Regular
STU0196,Male,23,MCA,Final Year,Third Semester,Database Management Systems,Period_2,11,8,87.31,51.5,8.7,13.1,1,6.2,76.1,1,81.0,72.73,Defaulter
STU0196,Male,23,MCA,Final Year,Third Semester,Database Management Systems,Period_3,9,4,87.31,51.5,14.4,13.1,1,6.2,82.2,2,87.6,44.44,Defaulter
STU0196,Male,23,MCA,Final Year,Third Semester,Database Management Systems,Period_4,11,9,87.31,51.5,15.6,13.1,2,6.2,82.1,1,41.5,81.82,Regular
STU0196,Male,23,MCA,Final Year,Third Semester,Computer Networks,Period_1,11,8,74.47,61.0,18.7,13.1,0,6.2,77.1,1,69.4,72.73,Defaulter
STU0196,Male,23,MCA,Final Year,Third Semester,Computer Networks,Period_2,10,10,74.47,61.0,19.8,13.1,2,6.2,83.2,1,56.5,100.0,Regular
STU0196,Male,23,MCA,Final Year,Third Semester,Computer Networks,Period_3,8,7,74.47,61.0,27.3,13.1,0,6.2,83.4,0,58.8,87.5,Regular
STU0196,Male,23,MCA,Final Year,Third Semester,Computer Networks,Period_4,10,6,74.47,61.0,17.5,13.1,0,6.2,79.3,0,45.9,60.0,Defaulter
STU0196,Male,23,MCA,Final Year,Third Semester,Theory of Computation,Period_1,8,6,89.11,70.0,9.9,13.1,0,6.2,78.2,3,72.4,75.0,Regular
STU0196,Male,23,MCA,Final Year,Third Semester,Theory of Computation,Period_2,12,10,89.11,70.0,19.8,13.1,1,6.2,86.2,4,67.2,83.33,Regular
STU0196,Male,23,MCA,Final Year,Third Semester,Theory of Computation,Period_3,11,9,89.11,70.0,13.5,13.1,1,6.2,78.4,1,52.8,81.82,Regular
STU0196,Male,23,MCA,Final Year,Third Semester,Theory of Computation,Period_4,10,9,89.11,70.0,15.9,13.1,0,6.2,81.3,1,75.5,90.0,Regular
STU0196,Male,23,MCA,Final Year,Third Semester,Software Engineering,Period_1,9,8,67.05,38.6,19.5,13.1,1,6.2,79.6,0,81.9,88.89,Regular
STU0196,Male,23,MCA,Final Year,Third Semester,Software Engineering,Period_2,8,6,67.05,38.6,10.4,13.1,2,6.2,83.1,1,79.2,75.0,Regular
STU0196,Male,23,MCA,Final Year,Third Semester,Software Engineering,Period_3,11,9,67.05,38.6,12.2,13.1,0,6.2,80.8,2,79.3,81.82,Regular
STU0196,Male,23,MCA,Final Year,Third Semester,Software Engineering,Period_4,11,11,67.05,38.6,17.1,13.1,1,6.2,89.7,4,91.1,100.0,Regular
STU0197,Male,23,MCA,Final Year,Third Semester,Data Structures & Algorithms,Period_1,11,8,51.48,53.0,4.6,12.9,4,9.6,57.3,2,57.0,72.73,Defaulter
STU0197,Male,23,MCA,Final Year,Third Semester,Data Structures & Algorithms,Period_2,10,6,51.48,53.0,15.4,12.9,2,9.6,61.0,2,67.0,60.0,Defaulter
STU0197,Male,23,MCA,Final Year,Third Semester,Data Structures & Algorithms,Period_3,10,6,51.48,53.0,4.0,12.9,2,9.6,56.6,0,62.4,60.0,Defaulter
STU0197,Male,23,MCA,Final Year,Third Semester,Data Structures & Algorithms,Period_4,10,5,51.48,53.0,8.8,12.9,1,9.6,56.6,2,56.0,50.0,Defaulter
STU0197,Male,23,MCA,Final Year,Third Semester,Database Management Systems,Period_1,8,5,58.93,36.3,5.9,12.9,2,9.6,65.4,0,79.9,62.5,Defaulter
STU0197,Male,23,MCA,Final Year,Third Semester,Database Management Systems,Period_2,10,6,58.93,36.3,11.0,12.9,0,9.6,57.8,3,64.6,60.0,Defaulter
STU0197,Male,23,MCA,Final Year,Third Semester,Database Management Systems,Period_3,9,6,58.93,36.3,16.3,12.9,0,9.6,62.6,2,64.4,66.67,Defaulter
STU0197,Male,23,MCA,Final Year,Third Semester,Database Management Systems,Period_4,10,6,58.93,36.3,22.2,12.9,2,9.6,56.5,0,67.6,60.0,Defaulter
STU0197,Male,23,MCA,Final Year,Third Semester,Computer Networks,Period_1,9,6,49.32,60.7,11.9,12.9,3,9.6,56.4,2,55.1,66.67,Defaulter
STU0197,Male,23,MCA,Final Year,Third Semester,Computer Networks,Period_2,10,6,49.32,60.7,9.2,12.9,0,9.6,57.4,1,54.7,60.0,Defaulter
STU0197,Male,23,MCA,Final Year,Third Semester,Computer Networks,Period_3,8,4,49.32,60.7,7.9,12.9,1,9.6,56.3,0,67.7,50.0,Defaulter
STU0197,Male,23,MCA,Final Year,Third Semester,Computer Networks,Period_4,10,6,49.32,60.7,12.7,12.9,1,9.6,61.2,1,74.2,60.0,Defaulter
STU0197,Male,23,MCA,Final Year,Third Semester,Theory of Computation,Period_1,8,5,65.38,55.6,17.4,12.9,0,9.6,51.8,3,59.3,62.5,Defaulter
STU0197,Male,23,MCA,Final Year,Third Semester,Theory of Computation,Period_2,9,5,65.38,55.6,16.2,12.9,2,9.6,60.1,1,69.7,55.56,Defaulter
STU0197,Male,23,MCA,Final Year,Third Semester,Theory of Computation,Period_3,8,4,65.38,55.6,16.5,12.9,0,9.6,64.8,1,95.4,50.0,Defaulter
STU0197,Male,23,MCA,Final Year,Third Semester,Theory of Computation,Period_4,8,5,65.38,55.6,15.9,12.9,2,9.6,60.2,1,68.8,62.5,Defaulter
STU0197,Male,23,MCA,Final Year,Third Semester,Software Engineering,Period_1,12,7,69.5,48.5,13.9,12.9,2,9.6,59.3,4,70.4,58.33,Defaulter
STU0197,Male,23,MCA,Final Year,Third Semester,Software Engineering,Period_2,12,7,69.5,48.5,12.7,12.9,0,9.6,61.2,0,71.2,58.33,Defaulter
STU0197,Male,23,MCA,Final Year,Third Semester,Software Engineering,Period_3,8,4,69.5,48.5,6.1,12.9,3,9.6,51.8,2,77.3,50.0,Defaulter
STU0197,Male,23,MCA,Final Year,Third Semester,Software Engineering,Period_4,9,7,69.5,48.5,8.8,12.9,2,9.6,59.6,2,94.5,77.78,Regular
STU0198,Male,21,MCA,Final Year,Third Semester,Data Structures & Algorithms,Period_1,10,3,39.92,69.1,11.6,13.6,0,6.2,66.7,0,64.8,30.0,Defaulter
STU0198,Male,21,MCA,Final Year,Third Semester,Data Structures & Algorithms,Period_2,12,5,39.92,69.1,14.3,13.6,2,6.2,69.7,0,100.0,41.67,Defaulter
STU0198,Male,21,MCA,Final Year,Third Semester,Data Structures & Algorithms,Period_3,8,4,39.92,69.1,9.2,13.6,1,6.2,60.2,2,78.6,50.0,Defaulter
STU0198,Male,21,MCA,Final Year,Third Semester,Data Structures & Algorithms,Period_4,10,5,39.92,69.1,15.9,13.6,0,6.2,57.8,0,63.4,50.0,Defaulter
STU0198,Male,21,MCA,Final Year,Third Semester,Database Management Systems,Period_1,8,5,38.0,71.8,12.7,13.6,0,6.2,67.3,2,79.1,62.5,Defaulter
STU0198,Male,21,MCA,Final Year,Third Semester,Database Management Systems,Period_2,12,7,38.0,71.8,14.8,13.6,1,6.2,60.2,2,78.7,58.33,Defaulter
STU0198,Male,21,MCA,Final Year,Third Semester,Database Management Systems,Period_3,10,4,38.0,71.8,9.0,13.6,0,6.2,67.7,0,59.9,40.0,Defaulter
STU0198,Male,21,MCA,Final Year,Third Semester,Database Management Systems,Period_4,8,3,38.0,71.8,6.6,13.6,0,6.2,64.9,1,58.7,37.5,Defaulter
STU0198,Male,21,MCA,Final Year,Third Semester,Computer Networks,Period_1,12,7,48.58,59.6,21.4,13.6,3,6.2,66.5,2,72.4,58.33,Defaulter
STU0198,Male,21,MCA,Final Year,Third Semester,Computer Networks,Period_2,10,4,48.58,59.6,8.2,13.6,2,6.2,62.2,3,54.0,40.0,Defaulter
STU0198,Male,21,MCA,Final Year,Third Semester,Computer Networks,Period_3,11,7,48.58,59.6,9.5,13.6,2,6.2,64.8,2,90.4,63.64,Defaulter
STU0198,Male,21,MCA,Final Year,Third Semester,Computer Networks,Period_4,8,2,48.58,59.6,11.9,13.6,1,6.2,66.6,1,76.0,25.0,Defaulter
STU0198,Male,21,MCA,Final Year,Third Semester,Theory of Computation,Period_1,9,2,42.5,77.6,10.2,13.6,0,6.2,66.2,2,63.4,22.22,Defaulter
STU0198,Male,21,MCA,Final Year,Third Semester,Theory of Computation,Period_2,12,10,42.5,77.6,15.9,13.6,0,6.2,59.5,3,62.9,83.33,Regular
STU0198,Male,21,MCA,Final Year,Third Semester,Theory of Computation,Period_3,10,3,42.5,77.6,8.2,13.6,0,6.2,65.8,4,66.9,30.0,Defaulter
STU0198,Male,21,MCA,Final Year,Third Semester,Theory of Computation,Period_4,11,5,42.5,77.6,4.3,13.6,1,6.2,63.5,2,72.0,45.45,Defaulter
STU0198,Male,21,MCA,Final Year,Third Semester,Software Engineering,Period_1,10,3,45.66,47.5,3.1,13.6,2,6.2,64.3,2,50.9,30.0,Defaulter
STU0198,Male,21,MCA,Final Year,Third Semester,Software Engineering,Period_2,12,8,45.66,47.5,17.2,13.6,0,6.2,62.7,5,47.2,66.67,Defaulter
STU0198,Male,21,MCA,Final Year,Third Semester,Software Engineering,Period_3,10,4,45.66,47.5,2.6,13.6,2,6.2,58.7,4,48.6,40.0,Defaulter
STU0198,Male,21,MCA,Final Year,Third Semester,Software Engineering,Period_4,10,4,45.66,47.5,9.8,13.6,0,6.2,66.7,2,69.1,40.0,Defaulter
STU0199,Female,25,MCA,Final Year,Third Semester,Data Structures & Algorithms,Period_1,9,7,51.65,41.7,20.9,10.1,0,23.5,51.9,1,63.8,77.78,Regular
STU0199,Female,25,MCA,Final Year,Third Semester,Data Structures & Algorithms,Period_2,11,3,51.65,41.7,0.0,10.1,0,23.5,53.3,0,69.9,27.27,Defaulter
STU0199,Female,25,MCA,Final Year,Third Semester,Data Structures & Algorithms,Period_3,10,5,51.65,41.7,7.8,10.1,0,23.5,49.2,5,71.5,50.0,Defaulter
STU0199,Female,25,MCA,Final Year,Third Semester,Data Structures & Algorithms,Period_4,10,4,51.65,41.7,6.0,10.1,1,23.5,54.2,2,48.6,40.0,Defaulter
STU0199,Female,25,MCA,Final Year,Third Semester,Database Management Systems,Period_1,11,6,38.0,45.5,8.8,10.1,1,23.5,56.1,1,75.6,54.55,Defaulter
STU0199,Female,25,MCA,Final Year,Third Semester,Database Management Systems,Period_2,8,5,38.0,45.5,7.9,10.1,3,23.5,48.9,1,63.9,62.5,Defaulter
STU0199,Female,25,MCA,Final Year,Third Semester,Database Management Systems,Period_3,10,4,38.0,45.5,7.3,10.1,1,23.5,50.8,2,36.8,40.0,Defaulter
STU0199,Female,25,MCA,Final Year,Third Semester,Database Management Systems,Period_4,9,5,38.0,45.5,7.8,10.1,1,23.5,51.9,3,78.0,55.56,Defaulter
STU0199,Female,25,MCA,Final Year,Third Semester,Computer Networks,Period_1,8,3,57.61,29.1,11.3,10.1,1,23.5,46.8,2,58.0,37.5,Defaulter
STU0199,Female,25,MCA,Final Year,Third Semester,Computer Networks,Period_2,10,4,57.61,29.1,6.2,10.1,1,23.5,50.9,2,68.7,40.0,Defaulter
STU0199,Female,25,MCA,Final Year,Third Semester,Computer Networks,Period_3,12,4,57.61,29.1,0.5,10.1,0,23.5,53.9,1,61.8,33.33,Defaulter
STU0199,Female,25,MCA,Final Year,Third Semester,Computer Networks,Period_4,12,4,57.61,29.1,3.8,10.1,1,23.5,51.0,2,54.8,33.33,Defaulter
STU0199,Female,25,MCA,Final Year,Third Semester,Theory of Computation,Period_1,9,4,57.19,50.7,4.9,10.1,0,23.5,51.3,1,75.6,44.44,Defaulter
STU0199,Female,25,MCA,Final Year,Third Semester,Theory of Computation,Period_2,8,5,57.19,50.7,11.1,10.1,1,23.5,53.1,4,56.9,62.5,Defaulter
STU0199,Female,25,MCA,Final Year,Third Semester,Theory of Computation,Period_3,9,6,57.19,50.7,21.4,10.1,1,23.5,56.3,0,73.8,66.67,Defaulter
STU0199,Female,25,MCA,Final Year,Third Semester,Theory of Computation,Period_4,10,5,57.19,50.7,5.5,10.1,0,23.5,50.6,1,78.4,50.0,Defaulter
STU0199,Female,25,MCA,Final Year,Third Semester,Software Engineering,Period_1,10,6,43.46,50.7,14.3,10.1,0,23.5,54.0,2,57.5,60.0,Defaulter
STU0199,Female,25,MCA,Final Year,Third Semester,Software Engineering,Period_2,11,9,43.46,50.7,20.9,10.1,0,23.5,48.8,4,70.6,81.82,Regular
STU0199,Female,25,MCA,Final Year,Third Semester,Software Engineering,Period_3,11,3,43.46,50.7,1.8,10.1,2,23.5,53.0,3,71.2,27.27,Defaulter
STU0199,Female,25,MCA,Final Year,Third Semester,Software Engineering,Period_4,11,5,43.46,50.7,12.6,10.1,2,23.5,49.9,3,76.4,45.45,Defaulter
STU0200,Female,23,MCA,Final Year,Third Semester,Data Structures & Algorithms,Period_1,10,6,65.75,58.5,19.4,14.8,0,24.1,65.0,1,42.0,60.0,Defaulter
STU0200,Female,23,MCA,Final Year,Third Semester,Data Structures & Algorithms,Period_2,8,4,65.75,58.5,8.0,14.8,1,24.1,63.9,4,73.6,50.0,Defaulter
STU0200,Female,23,MCA,Final Year,Third Semester,Data Structures & Algorithms,Period_3,9,8,65.75,58.5,22.5,14.8,1,24.1,63.6,1,55.6,88.89,Regular
STU0200,Female,23,MCA,Final Year,Third Semester,Data Structures & Algorithms,Period_4,12,9,65.75,58.5,17.3,14.8,2,24.1,66.0,1,50.0,75.0,Regular
STU0200,Female,23,MCA,Final Year,Third Semester,Database Management Systems,Period_1,12,10,75.53,53.6,11.8,14.8,1,24.1,63.6,2,75.8,83.33,Regular
STU0200,Female,23,MCA,Final Year,Third Semester,Database Management Systems,Period_2,10,6,75.53,53.6,12.2,14.8,1,24.1,63.6,1,44.0,60.0,Defaulter
STU0200,Female,23,MCA,Final Year,Third Semester,Database Management Systems,Period_3,10,7,75.53,53.6,17.1,14.8,3,24.1,59.9,3,70.2,70.0,Defaulter
STU0200,Female,23,MCA,Final Year,Third Semester,Database Management Systems,Period_4,11,6,75.53,53.6,11.3,14.8,1,24.1,61.7,1,65.3,54.55,Defaulter
STU0200,Female,23,MCA,Final Year,Third Semester,Computer Networks,Period_1,12,8,87.2,74.8,11.0,14.8,0,24.1,65.2,1,71.1,66.67,Defaulter
STU0200,Female,23,MCA,Final Year,Third Semester,Computer Networks,Period_2,9,7,87.2,74.8,18.4,14.8,1,24.1,67.5,2,93.4,77.78,Regular
STU0200,Female,23,MCA,Final Year,Third Semester,Computer Networks,Period_3,9,8,87.2,74.8,17.1,14.8,3,24.1,56.4,2,65.9,88.89,Regular
STU0200,Female,23,MCA,Final Year,Third Semester,Computer Networks,Period_4,10,6,87.2,74.8,9.0,14.8,1,24.1,67.2,1,54.9,60.0,Defaulter
STU0200,Female,23,MCA,Final Year,Third Semester,Theory of Computation,Period_1,12,9,76.85,76.5,14.2,14.8,0,24.1,67.8,4,28.6,75.0,Regular
STU0200,Female,23,MCA,Final Year,Third Semester,Theory of Computation,Period_2,12,9,76.85,76.5,13.7,14.8,1,24.1,61.7,2,64.8,75.0,Regular
STU0200,Female,23,MCA,Final Year,Third Semester,Theory of Computation,Period_3,10,8,76.85,76.5,20.9,14.8,3,24.1,62.7,3,85.7,80.0,Regular
STU0200,Female,23,MCA,Final Year,Third Semester,Theory of Computation,Period_4,12,8,76.85,76.5,12.1,14.8,2,24.1,62.5,5,53.2,66.67,Defaulter
STU0200,Female,23,MCA,Final Year,Third Semester,Software Engineering,Period_1,12,11,95.39,51.5,14.3,14.8,1,24.1,61.3,2,58.1,91.67,Regular
STU0200,Female,23,MCA,Final Year,Third Semester,Software Engineering,Period_2,11,9,95.39,51.5,15.6,14.8,0,24.1,71.9,4,37.2,81.82,Regular
STU0200,Female,23,MCA,Final Year,Third Semester,Software Engineering,Period_3,9,8,95.39,51.5,16.2,14.8,1,24.1,67.3,2,100.0,88.89,Regular
STU0200,Female,23,MCA,Final Year,Third Semester,Software Engineering,Period_4,10,8,95.39,51.5,16.5,14.8,2,24.1,63.7,0,78.9,80.0,Regular
STU0201,Male,21,MCA,Final Year,Third Semester,Data Structures & Algorithms,Period_1,10,6,58.26,52.7,11.4,11.7,0,3.6,49.9,0,69.2,60.0,Defaulter
STU0201,Male,21,MCA,Final Year,Third Semester,Data Structures & Algorithms,Period_2,9,4,58.26,52.7,10.6,11.7,1,3.6,59.5,0,78.0,44.44,Defaulter
STU0201,Male,21,MCA,Final Year,Third Semester,Data Structures & Algorithms,Period_3,10,7,58.26,52.7,10.5,11.7,1,3.6,58.9,3,81.8,70.0,Defaulter
STU0201,Male,21,MCA,Final Year,Third Semester,Data Structures & Algorithms,Period_4,9,5,58.26,52.7,3.5,11.7,1,3.6,57.2,1,77.2,55.56,Defaulter
STU0201,Male,21,MCA,Final Year,Third Semester,Database Management Systems,Period_1,11,5,56.15,58.5,4.6,11.7,0,3.6,56.6,1,59.3,45.45,Defaulter
STU0201,Male,21,MCA,Final Year,Third Semester,Database Management Systems,Period_2,9,6,56.15,58.5,13.5,11.7,0,3.6,53.5,0,64.9,66.67,Defaulter
STU0201,Male,21,MCA,Final Year,Third Semester,Database Management Systems,Period_3,11,6,56.15,58.5,12.0,11.7,1,3.6,54.9,2,63.4,54.55,Defaulter
STU0201,Male,21,MCA,Final Year,Third Semester,Database Management Systems,Period_4,8,5,56.15,58.5,13.5,11.7,0,3.6,54.6,3,83.4,62.5,Defaulter
STU0201,Male,21,MCA,Final Year,Third Semester,Computer Networks,Period_1,12,6,43.76,62.3,7.6,11.7,0,3.6,62.2,2,41.6,50.0,Defaulter
STU0201,Male,21,MCA,Final Year,Third Semester,Computer Networks,Period_2,11,5,43.76,62.3,9.8,11.7,1,3.6,53.8,0,59.4,45.45,Defaulter
STU0201,Male,21,MCA,Final Year,Third Semester,Computer Networks,Period_3,8,2,43.76,62.3,2.8,11.7,1,3.6,50.6,0,42.1,25.0,Defaulter
STU0201,Male,21,MCA,Final Year,Third Semester,Computer Networks,Period_4,12,6,43.76,62.3,13.7,11.7,0,3.6,54.4,4,58.7,50.0,Defaulter
STU0201,Male,21,MCA,Final Year,Third Semester,Theory of Computation,Period_1,12,6,57.85,47.5,4.5,11.7,0,3.6,53.5,2,51.3,50.0,Defaulter
STU0201,Male,21,MCA,Final Year,Third Semester,Theory of Computation,Period_2,12,6,57.85,47.5,14.9,11.7,0,3.6,56.5,2,83.5,50.0,Defaulter
STU0201,Male,21,MCA,Final Year,Third Semester,Theory of Computation,Period_3,12,5,57.85,47.5,0.6,11.7,0,3.6,52.0,1,68.8,41.67,Defaulter
STU0201,Male,21,MCA,Final Year,Third Semester,Theory of Computation,Period_4,9,5,57.85,47.5,3.8,11.7,1,3.6,57.2,2,52.7,55.56,Defaulter
STU0201,Male,21,MCA,Final Year,Third Semester,Software Engineering,Period_1,10,4,53.07,43.1,7.5,11.7,1,3.6,53.7,1,63.3,40.0,Defaulter
STU0201,Male,21,MCA,Final Year,Third Semester,Software Engineering,Period_2,11,5,53.07,43.1,11.5,11.7,3,3.6,54.3,1,69.5,45.45,Defaulter
STU0201,Male,21,MCA,Final Year,Third Semester,Software Engineering,Period_3,10,6,53.07,43.1,13.3,11.7,2,3.6,52.5,1,79.3,60.0,Defaulter
STU0201,Male,21,MCA,Final Year,Third Semester,Software Engineering,Period_4,9,6,53.07,43.1,8.5,11.7,0,3.6,47.9,1,84.0,66.67,Defaulter
STU0202,Female,24,MCA,Final Year,Third Semester,Data Structures & Algorithms,Period_1,10,7,70.8,61.6,6.4,16.1,1,16.2,58.9,1,54.2,70.0,Defaulter
STU0202,Female,24,MCA,Final Year,Third Semester,Data Structures & Algorithms,Period_2,12,8,70.8,61.6,12.9,16.1,2,16.2,56.0,3,66.2,66.67,Defaulter
STU0202,Female,24,MCA,Final Year,Third Semester,Data Structures & Algorithms,Period_3,10,7,70.8,61.6,15.2,16.1,1,16.2,55.8,1,42.2,70.0,Defaulter
STU0202,Female,24,MCA,Final Year,Third Semester,Data Structures & Algorithms,Period_4,10,7,70.8,61.6,17.9,16.1,2,16.2,62.8,0,65.9,70.0,Defaulter
STU0202,Female,24,MCA,Final Year,Third Semester,Database Management Systems,Period_1,8,5,69.05,78.2,15.7,16.1,2,16.2,55.8,3,70.7,62.5,Defaulter
STU0202,Female,24,MCA,Final Year,Third Semester,Database Management Systems,Period_2,9,9,69.05,78.2,16.3,16.1,0,16.2,57.3,0,36.6,100.0,Regular
STU0202,Female,24,MCA,Final Year,Third Semester,Database Management Systems,Period_3,8,6,69.05,78.2,12.2,16.1,2,16.2,52.1,3,72.6,75.0,Regular
STU0202,Female,24,MCA,Final Year,Third Semester,Database Management Systems,Period_4,10,8,69.05,78.2,22.1,16.1,0,16.2,58.0,2,56.9,80.0,Regular
STU0202,Female,24,MCA,Final Year,Third Semester,Computer Networks,Period_1,10,5,68.73,61.3,7.6,16.1,1,16.2,57.2,0,67.2,50.0,Defaulter
STU0202,Female,24,MCA,Final Year,Third Semester,Computer Networks,Period_2,9,7,68.73,61.3,15.6,16.1,2,16.2,58.4,3,89.9,77.78,Regular
STU0202,Female,24,MCA,Final Year,Third Semester,Computer Networks,Period_3,8,6,68.73,61.3,16.0,16.1,1,16.2,56.0,1,68.2,75.0,Regular
STU0202,Female,24,MCA,Final Year,Third Semester,Computer Networks,Period_4,11,6,68.73,61.3,16.5,16.1,3,16.2,53.2,2,54.0,54.55,Defaulter
STU0202,Female,24,MCA,Final Year,Third Semester,Theory of Computation,Period_1,10,7,66.31,73.8,15.2,16.1,1,16.2,59.3,0,68.7,70.0,Defaulter
STU0202,Female,24,MCA,Final Year,Third Semester,Theory of Computation,Period_2,9,5,66.31,73.8,5.4,16.1,2,16.2,54.0,3,53.4,55.56,Defaulter
STU0202,Female,24,MCA,Final Year,Third Semester,Theory of Computation,Period_3,10,8,66.31,73.8,17.6,16.1,4,16.2,60.2,3,76.3,80.0,Regular
STU0202,Female,24,MCA,Final Year,Third Semester,Theory of Computation,Period_4,11,8,66.31,73.8,13.6,16.1,0,16.2,59.5,4,76.4,72.73,Defaulter
STU0202,Female,24,MCA,Final Year,Third Semester,Software Engineering,Period_1,9,7,72.05,60.3,10.6,16.1,1,16.2,58.4,2,79.9,77.78,Regular
STU0202,Female,24,MCA,Final Year,Third Semester,Software Engineering,Period_2,8,6,72.05,60.3,13.9,16.1,3,16.2,55.3,1,77.2,75.0,Regular
STU0202,Female,24,MCA,Final Year,Third Semester,Software Engineering,Period_3,10,5,72.05,60.3,19.6,16.1,0,16.2,58.2,1,85.4,50.0,Defaulter
STU0202,Female,24,MCA,Final Year,Third Semester,Software Engineering,Period_4,9,6,72.05,60.3,8.7,16.1,1,16.2,57.4,0,89.1,66.67,Defaulter
STU0203,Male,20,MCA,Final Year,Third Semester,Data Structures & Algorithms,Period_1,12,7,74.29,66.2,11.0,9.5,1,12.9,64.8,2,98.8,58.33,Defaulter
STU0203,Male,20,MCA,Final Year,Third Semester,Data Structures & Algorithms,Period_2,8,6,74.29,66.2,13.6,9.5,1,12.9,74.2,1,90.8,75.0,Regular
STU0203,Male,20,MCA,Final Year,Third Semester,Data Structures & Algorithms,Period_3,10,8,74.29,66.2,19.4,9.5,2,12.9,62.2,3,46.1,80.0,Regular
STU0203,Male,20,MCA,Final Year,Third Semester,Data Structures & Algorithms,Period_4,11,7,74.29,66.2,8.3,9.5,2,12.9,56.6,2,61.8,63.64,Defaulter
STU0203,Male,20,MCA,Final Year,Third Semester,Database Management Systems,Period_1,10,7,68.85,49.6,14.8,9.5,2,12.9,62.6,3,71.5,70.0,Defaulter
STU0203,Male,20,MCA,Final Year,Third Semester,Database Management Systems,Period_2,8,7,68.85,49.6,9.6,9.5,1,12.9,64.9,3,86.7,87.5,Regular
STU0203,Male,20,MCA,Final Year,Third Semester,Database Management Systems,Period_3,9,5,68.85,49.6,14.0,9.5,2,12.9,58.3,3,81.7,55.56,Defaulter
STU0203,Male,20,MCA,Final Year,Third Semester,Database Management Systems,Period_4,11,9,68.85,49.6,21.9,9.5,2,12.9,64.2,4,81.7,81.82,Regular
STU0203,Male,20,MCA,Final Year,Third Semester,Computer Networks,Period_1,8,6,75.18,33.2,16.6,9.5,1,12.9,66.6,3,100.0,75.0,Regular
STU0203,Male,20,MCA,Final Year,Third Semester,Computer Networks,Period_2,9,6,75.18,33.2,10.3,9.5,1,12.9,66.7,2,69.3,66.67,Defaulter
STU0203,Male,20,MCA,Final Year,Third Semester,Computer Networks,Period_3,9,7,75.18,33.2,14.8,9.5,2,12.9,66.4,1,80.7,77.78,Regular
STU0203,Male,20,MCA,Final Year,Third Semester,Computer Networks,Period_4,11,7,75.18,33.2,17.1,9.5,0,12.9,53.4,2,47.3,63.64,Defaulter
STU0203,Male,20,MCA,Final Year,Third Semester,Theory of Computation,Period_1,12,8,71.82,36.6,10.9,9.5,0,12.9,59.6,1,81.7,66.67,Defaulter
STU0203,Male,20,MCA,Final Year,Third Semester,Theory of Computation,Period_2,11,6,71.82,36.6,7.7,9.5,3,12.9,59.3,2,83.6,54.55,Defaulter
STU0203,Male,20,MCA,Final Year,Third Semester,Theory of Computation,Period_3,9,6,71.82,36.6,9.0,9.5,0,12.9,62.1,3,71.1,66.67,Defaulter
STU0203,Male,20,MCA,Final Year,Third Semester,Theory of Computation,Period_4,9,7,71.82,36.6,16.8,9.5,0,12.9,64.1,3,93.6,77.78,Regular
STU0203,Male,20,MCA,Final Year,Third Semester,Software Engineering,Period_1,11,8,89.63,48.8,11.2,9.5,1,12.9,67.4,0,43.5,72.73,Defaulter
STU0203,Male,20,MCA,Final Year,Third Semester,Software Engineering,Period_2,11,10,89.63,48.8,20.5,9.5,2,12.9,59.0,2,61.6,90.91,Regular
STU0203,Male,20,MCA,Final Year,Third Semester,Software Engineering,Period_3,10,8,89.63,48.8,21.7,9.5,1,12.9,63.9,4,90.9,80.0,Regular
STU0203,Male,20,MCA,Final Year,Third Semester,Software Engineering,Period_4,12,7,89.63,48.8,8.9,9.5,1,12.9,58.7,2,67.3,58.33,Defaulter
STU0204,Female,21,MCA,Final Year,Third Semester,Data Structures & Algorithms,Period_1,11,5,40.13,38.1,9.6,9.0,0,16.2,54.5,1,68.1,45.45,Defaulter
STU0204,Female,21,MCA,Final Year,Third Semester,Data Structures & Algorithms,Period_2,8,4,40.13,38.1,12.7,9.0,0,16.2,55.2,2,76.0,50.0,Defaulter
STU0204,Female,21,MCA,Final Year,Third Semester,Data Structures & Algorithms,Period_3,9,6,40.13,38.1,9.9,9.0,1,16.2,48.6,3,68.9,66.67,Defaulter
STU0204,Female,21,MCA,Final Year,Third Semester,Data Structures & Algorithms,Period_4,8,2,40.13,38.1,5.3,9.0,1,16.2,60.9,3,64.0,25.0,Defaulter
STU0204,Female,21,MCA,Final Year,Third Semester,Database Management Systems,Period_1,8,2,46.21,35.8,6.5,9.0,1,16.2,53.9,3,68.9,25.0,Defaulter
STU0204,Female,21,MCA,Final Year,Third Semester,Database Management Systems,Period_2,9,4,46.21,35.8,7.6,9.0,2,16.2,60.0,1,69.4,44.44,Defaulter
STU0204,Female,21,MCA,Final Year,Third Semester,Database Management Systems,Period_3,10,2,46.21,35.8,7.9,9.0,1,16.2,54.0,4,90.0,20.0,Defaulter
STU0204,Female,21,MCA,Final Year,Third Semester,Database Management Systems,Period_4,9,3,46.21,35.8,0.9,9.0,3,16.2,54.0,1,79.4,33.33,Defaulter
STU0204,Female,21,MCA,Final Year,Third Semester,Computer Networks,Period_1,11,7,54.7,40.1,2.8,9.0,2,16.2,50.4,4,85.0,63.64,Defaulter
STU0204,Female,21,MCA,Final Year,Third Semester,Computer Networks,Period_2,9,3,54.7,40.1,6.4,9.0,0,16.2,49.0,1,65.7,33.33,Defaulter
STU0204,Female,21,MCA,Final Year,Third Semester,Computer Networks,Period_3,12,5,54.7,40.1,9.6,9.0,2,16.2,53.1,1,76.7,41.67,Defaulter
STU0204,Female,21,MCA,Final Year,Third Semester,Computer Networks,Period_4,8,4,54.7,40.1,7.2,9.0,0,16.2,51.8,2,85.4,50.0,Defaulter
STU0204,Female,21,MCA,Final Year,Third Semester,Theory of Computation,Period_1,12,5,38.0,79.9,6.6,9.0,2,16.2,54.4,2,80.8,41.67,Defaulter
STU0204,Female,21,MCA,Final Year,Third Semester,Theory of Computation,Period_2,8,3,38.0,79.9,8.0,9.0,0,16.2,57.4,2,64.9,37.5,Defaulter
STU0204,Female,21,MCA,Final Year,Third Semester,Theory of Computation,Period_3,10,5,38.0,79.9,15.9,9.0,0,16.2,51.9,2,51.9,50.0,Defaulter
STU0204,Female,21,MCA,Final Year,Third Semester,Theory of Computation,Period_4,12,7,38.0,79.9,8.4,9.0,2,16.2,54.6,2,57.7,58.33,Defaulter
STU0204,Female,21,MCA,Final Year,Third Semester,Software Engineering,Period_1,12,4,48.79,27.5,4.4,9.0,0,16.2,53.0,0,82.6,33.33,Defaulter
STU0204,Female,21,MCA,Final Year,Third Semester,Software Engineering,Period_2,8,1,48.79,27.5,10.7,9.0,0,16.2,53.2,3,55.9,12.5,Defaulter
STU0204,Female,21,MCA,Final Year,Third Semester,Software Engineering,Period_3,9,3,48.79,27.5,4.3,9.0,1,16.2,55.9,2,58.1,33.33,Defaulter
STU0204,Female,21,MCA,Final Year,Third Semester,Software Engineering,Period_4,8,4,48.79,27.5,12.8,9.0,0,16.2,52.2,1,47.9,50.0,Defaulter
STU0205,Male,24,MCA,Final Year,Third Semester,Data Structures & Algorithms,Period_1,12,7,61.43,48.6,8.6,13.6,1,5.7,66.4,2,78.6,58.33,Defaulter
STU0205,Male,24,MCA,Final Year,Third Semester,Data Structures & Algorithms,Period_2,10,7,61.43,48.6,14.0,13.6,4,5.7,63.2,1,81.1,70.0,Defaulter
STU0205,Male,24,MCA,Final Year,Third Semester,Data Structures & Algorithms,Period_3,9,7,61.43,48.6,6.5,13.6,2,5.7,65.4,3,94.1,77.78,Regular
STU0205,Male,24,MCA,Final Year,Third Semester,Data Structures & Algorithms,Period_4,8,5,61.43,48.6,15.0,13.6,0,5.7,64.6,0,90.8,62.5,Defaulter
STU0205,Male,24,MCA,Final Year,Third Semester,Database Management Systems,Period_1,12,8,78.77,50.6,12.2,13.6,3,5.7,68.5,2,75.2,66.67,Defaulter
STU0205,Male,24,MCA,Final Year,Third Semester,Database Management Systems,Period_2,12,6,78.77,50.6,9.9,13.6,0,5.7,70.5,0,32.1,50.0,Defaulter
STU0205,Male,24,MCA,Final Year,Third Semester,Database Management Systems,Period_3,11,9,78.77,50.6,22.8,13.6,1,5.7,65.8,3,50.5,81.82,Regular
STU0205,Male,24,MCA,Final Year,Third Semester,Database Management Systems,Period_4,9,7,78.77,50.6,11.1,13.6,0,5.7,66.0,2,76.5,77.78,Regular
STU0205,Male,24,MCA,Final Year,Third Semester,Computer Networks,Period_1,9,5,64.32,70.4,0.9,13.6,1,5.7,67.8,0,47.5,55.56,Defaulter
STU0205,Male,24,MCA,Final Year,Third Semester,Computer Networks,Period_2,9,5,64.32,70.4,9.8,13.6,0,5.7,73.3,3,59.3,55.56,Defaulter
STU0205,Male,24,MCA,Final Year,Third Semester,Computer Networks,Period_3,8,6,64.32,70.4,16.6,13.6,2,5.7,64.0,3,100.0,75.0,Regular
STU0205,Male,24,MCA,Final Year,Third Semester,Computer Networks,Period_4,11,9,64.32,70.4,17.4,13.6,1,5.7,71.1,5,75.7,81.82,Regular
STU0205,Male,24,MCA,Final Year,Third Semester,Theory of Computation,Period_1,8,6,62.47,77.4,12.4,13.6,0,5.7,64.9,1,87.5,75.0,Regular
STU0205,Male,24,MCA,Final Year,Third Semester,Theory of Computation,Period_2,10,6,62.47,77.4,16.2,13.6,0,5.7,60.4,2,69.2,60.0,Defaulter
STU0205,Male,24,MCA,Final Year,Third Semester,Theory of Computation,Period_3,8,4,62.47,77.4,11.3,13.6,0,5.7,65.7,3,89.8,50.0,Defaulter
STU0205,Male,24,MCA,Final Year,Third Semester,Theory of Computation,Period_4,9,4,62.47,77.4,5.4,13.6,1,5.7,68.0,7,79.9,44.44,Defaulter
STU0205,Male,24,MCA,Final Year,Third Semester,Software Engineering,Period_1,9,5,60.03,60.0,10.1,13.6,3,5.7,62.2,2,84.2,55.56,Defaulter
STU0205,Male,24,MCA,Final Year,Third Semester,Software Engineering,Period_2,10,7,60.03,60.0,8.8,13.6,0,5.7,60.4,2,67.3,70.0,Defaulter
STU0205,Male,24,MCA,Final Year,Third Semester,Software Engineering,Period_3,12,7,60.03,60.0,9.6,13.6,1,5.7,67.0,1,57.0,58.33,Defaulter
STU0205,Male,24,MCA,Final Year,Third Semester,Software Engineering,Period_4,10,7,60.03,60.0,11.2,13.6,1,5.7,74.8,1,48.8,70.0,Defaulter
