Student_ID,Gender,Age,Department,Year,Semester,Subject,Total_Classes,Classes_Attended,Previous_Attendance_Percentage,Assignment_Score,Internal_Marks,Study_Hours_Per_Week,Medical_Leave_Days,Travel_Distance_KM,Previous_Exam_Score,Late_Count,Online_Class_Attendance,Attendance_Percentage,Attendance_Status
STU0001,Female,19,Computer Engineering,Third Year,Fifth Semester,Data Structures & Algorithms,9,4,75.31,66.3,0.0,12.3,3,6.0,67.1,3,68.6,44.44,Defaulter
STU0001,Female,19,Computer Engineering,Third Year,Fifth Semester,Data Structures & Algorithms,11,8,75.31,66.3,15.8,12.3,0,6.0,63.4,5,92.5,72.73,Defaulter
STU0001,Female,19,Computer Engineering,Third Year,Fifth Semester,Data Structures & Algorithms,9,6,75.31,66.3,13.0,12.3,1,6.0,60.0,1,77.2,66.67,Defaulter
STU0001,Female,19,Computer Engineering,Third Year,Fifth Semester,Data Structures & Algorithms,8,6,75.31,66.3,11.3,12.3,1,6.0,62.2,0,43.0,75.0,Regular
STU0001,Female,19,Computer Engineering,Third Year,Fifth Semester,Database Management Systems,10,6,67.5,55.6,11.6,12.3,0,6.0,65.6,2,78.9,60.0,Defaulter
STU0001,Female,19,Computer Engineering,Third Year,Fifth Semester,Database Management Systems,11,10,67.5,55.6,16.0,12.3,3,6.0,65.7,2,68.9,90.91,Regular
STU0001,Female,19,Computer Engineering,Third Year,Fifth Semester,Database Management Systems,11,6,67.5,55.6,13.4,12.3,0,6.0,66.3,0,59.6,54.55,Defaulter
STU0001,Female,19,Computer Engineering,Third Year,Fifth Semester,Database Management Systems,11,7,67.5,55.6,5.7,12.3,0,6.0,68.7,2,46.7,63.64,Defaulter
STU0001,Female,19,Computer Engineering,Third Year,Fifth Semester,Computer Networks,11,4,74.5,54.8,1.9,12.3,2,6.0,61.0,3,95.8,36.36,Defaulter
STU0001,Female,19,Computer Engineering,Third Year,Fifth Semester,Computer Networks,12,8,74.5,54.8,19.3,12.3,1,6.0,63.4,0,49.5,66.67,Defaulter
STU0001,Female,19,Computer Engineering,Third Year,Fifth Semester,Computer Networks,12,9,74.5,54.8,14.5,12.3,2,6.0,62.8,0,60.0,75.0,Regular
STU0001,Female,19,Computer Engineering,Third Year,Fifth Semester,Computer Networks,10,7,74.5,54.8,15.7,12.3,0,6.0,65.4,1,53.5,70.0,Defaulter
STU0001,Female,19,Computer Engineering,Third Year,Fifth Semester,Theory of Computation,8,4,55.8,61.8,11.9,12.3,0,6.0,64.8,1,62.9,50.0,Defaulter
STU0001,Female,19,Computer Engineering,Third Year,Fifth Semester,Theory of Computation,12,8,55.8,61.8,9.5,12.3,0,6.0,69.5,3,31.4,66.67,Defaulter
STU0001,Female,19,Computer Engineering,Third Year,Fifth Semester,Theory of Computation,11,7,55.8,61.8,3.7,12.3,1,6.0,60.2,2,78.4,63.64,Defaulter
STU0001,Female,19,Computer Engineering,Third Year,Fifth Semester,Theory of Computation,12,9,55.8,61.8,21.7,12.3,0,6.0,59.5,1,79.8,75.0,Regular
STU0001,Female,19,Computer Engineering,Third Year,Fifth Semester,Software Engineering,9,6,66.92,53.5,18.7,12.3,0,6.0,65.2,1,56.1,66.67,Defaulter
STU0001,Female,19,Computer Engineering,Third Year,Fifth Semester,Software Engineering,10,8,66.92,53.5,13.1,12.3,3,6.0,63.1,2,77.7,80.0,Regular
STU0001,Female,19,Computer Engineering,Third Year,Fifth Semester,Software Engineering,12,9,66.92,53.5,14.6,12.3,0,6.0,71.8,1,75.6,75.0,Regular
STU0001,Female,19,Computer Engineering,Third Year,Fifth Semester,Software Engineering,11,8,66.92,53.5,14.6,12.3,1,6.0,69.2,6,82.7,72.73,Defaulter
STU0002,Female,22,Computer Engineering,Third Year,Fifth Semester,Data Structures & Algorithms,11,10,89.61,70.7,20.2,17.8,1,14.0,80.8,0,32.9,90.91,Regular
STU0002,Female,22,Computer Engineering,Third Year,Fifth Semester,Data Structures & Algorithms,10,8,89.61,70.7,13.6,17.8,0,14.0,83.5,0,53.5,80.0,Regular
STU0002,Female,22,Computer Engineering,Third Year,Fifth Semester,Data Structures & Algorithms,11,9,89.61,70.7,11.1,17.8,0,14.0,85.8,1,69.8,81.82,Regular
STU0002,Female,22,Computer Engineering,Third Year,Fifth Semester,Data Structures & Algorithms,8,6,89.61,70.7,13.5,17.8,1,14.0,80.6,1,64.4,75.0,Regular
STU0002,Female,22,Computer Engineering,Third Year,Fifth Semester,Database Management Systems,10,7,92.15,86.2,8.9,17.8,0,14.0,85.0,2,52.1,70.0,Defaulter
STU0002,Female,22,Computer Engineering,Third Year,Fifth Semester,Database Management Systems,9,8,92.15,86.2,18.2,17.8,0,14.0,86.1,1,82.4,88.89,Regular
STU0002,Female,22,Computer Engineering,Third Year,Fifth Semester,Database Management Systems,8,5,92.15,86.2,15.3,17.8,1,14.0,89.1,1,84.9,62.5,Defaulter
STU0002,Female,22,Computer Engineering,Third Year,Fifth Semester,Database Management Systems,8,8,92.15,86.2,16.5,17.8,1,14.0,86.3,4,55.3,100.0,Regular
STU0002,Female,22,Computer Engineering,Third Year,Fifth Semester,Computer Networks,9,9,97.3,79.4,21.0,17.8,0,14.0,84.0,0,41.5,100.0,Regular
STU0002,Female,22,Computer Engineering,Third Year,Fifth Semester,Computer Networks,9,8,97.3,79.4,10.9,17.8,2,14.0,80.4,2,73.2,88.89,Regular
STU0002,Female,22,Computer Engineering,Third Year,Fifth Semester,Computer Networks,8,7,97.3,79.4,10.5,17.8,0,14.0,86.4,0,98.8,87.5,Regular
STU0002,Female,22,Computer Engineering,Third Year,Fifth Semester,Computer Networks,8,7,97.3,79.4,16.7,17.8,2,14.0,85.2,1,50.0,87.5,Regular
STU0002,Female,22,Computer Engineering,Third Year,Fifth Semester,Theory of Computation,8,8,95.56,57.1,22.2,17.8,1,14.0,87.6,2,76.1,100.0,Regular
STU0002,Female,22,Computer Engineering,Third Year,Fifth Semester,Theory of Computation,8,8,95.56,57.1,17.5,17.8,2,14.0,84.5,0,60.8,100.0,Regular
STU0002,Female,22,Computer Engineering,Third Year,Fifth Semester,Theory of Computation,10,9,95.56,57.1,17.4,17.8,1,14.0,82.3,0,51.8,90.0,Regular
STU0002,Female,22,Computer Engineering,Third Year,Fifth Semester,Theory of Computation,10,10,95.56,57.1,13.4,17.8,1,14.0,84.9,3,27.2,100.0,Regular
STU0002,Female,22,Computer Engineering,Third Year,Fifth Semester,Software Engineering,11,9,100.0,63.7,11.2,17.8,0,14.0,89.4,1,64.6,81.82,Regular
STU0002,Female,22,Computer Engineering,Third Year,Fifth Semester,Software Engineering,12,11,100.0,63.7,23.5,17.8,1,14.0,86.6,2,58.7,91.67,Regular
STU0002,Female,22,Computer Engineering,Third Year,Fifth Semester,Software Engineering,10,9,100.0,63.7,19.8,17.8,1,14.0,85.0,0,75.4,90.0,Regular
STU0002,Female,22,Computer Engineering,Third Year,Fifth Semester,Software Engineering,12,8,100.0,63.7,14.7,17.8,0,14.0,84.0,0,69.1,66.67,Defaulter
STU0003,Male,22,Computer Engineering,Third Year,Fifth Semester,Data Structures & Algorithms,12,5,45.15,61.8,5.2,11.1,0,23.2,62.6,0,53.9,41.67,Defaulter
STU0003,Male,22,Computer Engineering,Third Year,Fifth Semester,Data Structures & Algorithms,8,4,45.15,61.8,1.4,11.1,0,23.2,60.3,1,68.3,50.0,Defaulter
STU0003,Male,22,Computer Engineering,Third Year,Fifth Semester,Data Structures & Algorithms,11,7,45.15,61.8,7.0,11.1,1,23.2,59.1,0,89.9,63.64,Defaulter
STU0003,Male,22,Computer Engineering,Third Year,Fifth Semester,Data Structures & Algorithms,12,2,45.15,61.8,0.0,11.1,1,23.2,63.5,1,65.0,16.67,Defaulter
STU0003,Male,22,Computer Engineering,Third Year,Fifth Semester,Database Management Systems,11,3,45.27,44.9,6.5,11.1,2,23.2,56.6,1,66.4,27.27,Defaulter
STU0003,Male,22,Computer Engineering,Third Year,Fifth Semester,Database Management Systems,9,5,45.27,44.9,5.7,11.1,0,23.2,63.9,2,85.8,55.56,Defaulter
STU0003,Male,22,Computer Engineering,Third Year,Fifth Semester,Database Management Systems,10,4,45.27,44.9,9.3,11.1,0,23.2,60.8,1,56.1,40.0,Defaulter
STU0003,Male,22,Computer Engineering,Third Year,Fifth Semester,Database Management Systems,12,5,45.27,44.9,6.8,11.1,1,23.2,61.7,2,70.1,41.67,Defaulter
STU0003,Male,22,Computer Engineering,Third Year,Fifth Semester,Computer Networks,8,5,58.16,70.0,6.6,11.1,0,23.2,61.0,0,83.9,62.5,Defaulter
STU0003,Male,22,Computer Engineering,Third Year,Fifth Semester,Computer Networks,8,5,58.16,70.0,13.2,11.1,1,23.2,61.5,1,23.1,62.5,Defaulter
STU0003,Male,22,Computer Engineering,Third Year,Fifth Semester,Computer Networks,12,4,58.16,70.0,7.8,11.1,1,23.2,58.9,0,91.9,33.33,Defaulter
STU0003,Male,22,Computer Engineering,Third Year,Fifth Semester,Computer Networks,11,8,58.16,70.0,13.1,11.1,1,23.2,59.6,3,48.2,72.73,Defaulter
STU0003,Male,22,Computer Engineering,Third Year,Fifth Semester,Theory of Computation,11,5,44.8,62.8,7.8,11.1,1,23.2,56.1,2,63.4,45.45,Defaulter
STU0003,Male,22,Computer Engineering,Third Year,Fifth Semester,Theory of Computation,8,4,44.8,62.8,10.9,11.1,0,23.2,62.3,1,76.0,50.0,Defaulter
STU0003,Male,22,Computer Engineering,Third Year,Fifth Semester,Theory of Computation,12,6,44.8,62.8,7.8,11.1,1,23.2,62.7,3,75.6,50.0,Defaulter
STU0003,Male,22,Computer Engineering,Third Year,Fifth Semester,Theory of Computation,10,5,44.8,62.8,9.5,11.1,1,23.2,60.4,1,80.1,50.0,Defaulter
STU0003,Male,22,Computer Engineering,Third Year,Fifth Semester,Software Engineering,8,5,52.38,60.2,12.8,11.1,0,23.2,57.3,1,43.5,62.5,Defaulter
STU0003,Male,22,Computer Engineering,Third Year,Fifth Semester,Software Engineering,11,4,52.38,60.2,6.8,11.1,0,23.2,61.4,0,79.9,36.36,Defaulter
STU0003,Male,22,Computer Engineering,Third Year,Fifth Semester,Software Engineering,12,7,52.38,60.2,13.0,11.1,3,23.2,61.9,3,62.0,58.33,Defaulter
STU0003,Male,22,Computer Engineering,Third Year,Fifth Semester,Software Engineering,12,5,52.38,60.2,7.5,11.1,1,23.2,60.7,3,81.2,41.67,Defaulter
STU0004,Male,21,Computer Engineering,Third Year,Fifth Semester,Data Structures & Algorithms,10,8,68.19,60.6,10.6,16.0,4,28.7,82.2,1,72.4,80.0,Regular
STU0004,Male,21,Computer Engineering,Third Year,Fifth Semester,Data Structures & Algorithms,12,9,68.19,60.6,15.3,16.0,1,28.7,77.8,2,69.0,75.0,Regular
STU0004,Male,21,Computer Engineering,Third Year,Fifth Semester,Data Structures & Algorithms,10,9,68.19,60.6,15.9,16.0,1,28.7,85.0,2,73.6,90.0,Regular
STU0004,Male,21,Computer Engineering,Third Year,Fifth Semester,Data Structures & Algorithms,11,11,68.19,60.6,15.7,16.0,1,28.7,81.2,0,76.9,100.0,Regular
STU0004,Male,21,Computer Engineering,Third Year,Fifth Semester,Database Management Systems,10,6,74.3,65.1,13.4,16.0,1,28.7,82.5,5,95.3,60.0,Defaulter
STU0004,Male,21,Computer Engineering,Third Year,Fifth Semester,Database Management Systems,8,7,74.3,65.1,20.7,16.0,1,28.7,77.7,0,78.3,87.5,Regular
STU0004,Male,21,Computer Engineering,Third Year,Fifth Semester,Database Management Systems,9,5,74.3,65.1,6.8,16.0,1,28.7,84.4,4,71.3,55.56,Defaulter
STU0004,Male,21,Computer Engineering,Third Year,Fifth Semester,Database Management Systems,11,8,74.3,65.1,14.5,16.0,0,28.7,78.8,0,70.0,72.73,Defaulter
STU0004,Male,21,Computer Engineering,Third Year,Fifth Semester,Computer Networks,9,9,71.88,67.4,17.6,16.0,0,28.7,84.9,4,67.4,100.0,Regular
STU0004,Male,21,Computer Engineering,Third Year,Fifth Semester,Computer Networks,11,8,71.88,67.4,13.2,16.0,2,28.7,81.0,1,61.3,72.73,Defaulter
STU0004,Male,21,Computer Engineering,Third Year,Fifth Semester,Computer Networks,12,10,71.88,67.4,13.5,16.0,0,28.7,83.1,3,61.0,83.33,Regular
STU0004,Male,21,Computer Engineering,Third Year,Fifth Semester,Computer Networks,8,6,71.88,67.4,13.5,16.0,2,28.7,76.5,1,65.9,75.0,Regular
STU0004,Male,21,Computer Engineering,Third Year,Fifth Semester,Theory of Computation,9,9,66.63,60.6,16.4,16.0,0,28.7,80.7,2,54.0,100.0,Regular
STU0004,Male,21,Computer Engineering,Third Year,Fifth Semester,Theory of Computation,12,7,66.63,60.6,7.5,16.0,1,28.7,78.6,1,83.7,58.33,Defaulter
STU0004,Male,21,Computer Engineering,Third Year,Fifth Semester,Theory of Computation,12,9,66.63,60.6,8.0,16.0,2,28.7,86.9,4,100.0,75.0,Regular
STU0004,Male,21,Computer Engineering,Third Year,Fifth Semester,Theory of Computation,8,5,66.63,60.6,7.5,16.0,0,28.7,79.5,0,48.8,62.5,Defaulter
STU0004,Male,21,Computer Engineering,Third Year,Fifth Semester,Software Engineering,11,7,76.47,68.2,8.6,16.0,0,28.7,79.5,1,84.2,63.64,Defaulter
STU0004,Male,21,Computer Engineering,Third Year,Fifth Semester,Software Engineering,12,9,76.47,68.2,10.6,16.0,0,28.7,74.3,0,41.0,75.0,Regular
STU0004,Male,21,Computer Engineering,Third Year,Fifth Semester,Software Engineering,10,9,76.47,68.2,16.0,16.0,3,28.7,82.7,1,60.8,90.0,Regular
STU0004,Male,21,Computer Engineering,Third Year,Fifth Semester,Software Engineering,8,6,76.47,68.2,11.3,16.0,2,28.7,81.1,2,57.3,75.0,Regular
STU0005,Male,21,Computer Engineering,Third Year,Fifth Semester,Data Structures & Algorithms,12,11,82.47,72.5,12.5,15.1,0,3.8,65.0,2,63.4,91.67,Regular
STU0005,Male,21,Computer Engineering,Third Year,Fifth Semester,Data Structures & Algorithms,8,6,82.47,72.5,7.3,15.1,1,3.8,70.3,3,82.4,75.0,Regular
STU0005,Male,21,Computer Engineering,Third Year,Fifth Semester,Data Structures & Algorithms,10,7,82.47,72.5,16.6,15.1,1,3.8,72.4,2,56.6,70.0,Defaulter
STU0005,Male,21,Computer Engineering,Third Year,Fifth Semester,Data Structures & Algorithms,8,7,82.47,72.5,18.1,15.1,0,3.8,75.3,4,60.4,87.5,Regular
STU0005,Male,21,Computer Engineering,Third Year,Fifth Semester,Database Management Systems,9,5,81.02,64.1,1.9,15.1,1,3.8,70.9,3,83.2,55.56,Defaulter
STU0005,Male,21,Computer Engineering,Third Year,Fifth Semester,Database Management Systems,11,8,81.02,64.1,11.5,15.1,1,3.8,70.6,3,54.6,72.73,Defaulter
STU0005,Male,21,Computer Engineering,Third Year,Fifth Semester,Database Management Systems,10,5,81.02,64.1,11.5,15.1,1,3.8,66.9,3,64.4,50.0,Defaulter
STU0005,Male,21,Computer Engineering,Third Year,Fifth Semester,Database Management Systems,9,8,81.02,64.1,13.3,15.1,0,3.8,65.9,2,76.0,88.89,Regular
STU0005,Male,21,Computer Engineering,Third Year,Fifth Semester,Computer Networks,11,9,86.81,58.7,8.5,15.1,0,3.8,72.6,2,68.0,81.82,Regular
STU0005,Male,21,Computer Engineering,Third Year,Fifth Semester,Computer Networks,11,6,86.81,58.7,5.5,15.1,2,3.8,78.5,1,80.5,54.55,Defaulter
STU0005,Male,21,Computer Engineering,Third Year,Fifth Semester,Computer Networks,12,8,86.81,58.7,13.7,15.1,0,3.8,73.1,3,58.3,66.67,Defaulter
STU0005,Male,21,Computer Engineering,Third Year,Fifth Semester,Computer Networks,11,8,86.81,58.7,12.1,15.1,2,3.8,71.8,0,100.0,72.73,Defaulter
STU0005,Male,21,Computer Engineering,Third Year,Fifth Semester,Theory of Computation,12,9,75.84,61.2,12.0,15.1,0,3.8,67.0,2,76.0,75.0,Regular
STU0005,Male,21,Computer Engineering,Third Year,Fifth Semester,Theory of Computation,10,9,75.84,61.2,21.2,15.1,5,3.8,69.4,5,24.1,90.0,Regular
STU0005,Male,21,Computer Engineering,Third Year,Fifth Semester,Theory of Computation,12,7,75.84,61.2,10.9,15.1,0,3.8,67.7,0,75.4,58.33,Defaulter
STU0005,Male,21,Computer Engineering,Third Year,Fifth Semester,Theory of Computation,9,6,75.84,61.2,17.9,15.1,0,3.8,76.0,0,40.1,66.67,Defaulter
STU0005,Male,21,Computer Engineering,Third Year,Fifth Semester,Software Engineering,11,7,82.69,64.5,16.2,15.1,0,3.8,68.7,0,62.1,63.64,Defaulter
STU0005,Male,21,Computer Engineering,Third Year,Fifth Semester,Software Engineering,12,10,82.69,64.5,16.0,15.1,1,3.8,65.7,1,100.0,83.33,Regular
STU0005,Male,21,Computer Engineering,Third Year,Fifth Semester,Software Engineering,11,10,82.69,64.5,13.0,15.1,0,3.8,69.8,2,66.5,90.91,Regular
STU0005,Male,21,Computer Engineering,Third Year,Fifth Semester,Software Engineering,12,10,82.69,64.5,20.6,15.1,2,3.8,69.6,1,81.9,83.33,Regular
STU0006,Male,23,Computer Engineering,Third Year,Fifth Semester,Data Structures & Algorithms,10,8,66.35,43.9,14.1,10.8,2,1.2,62.6,2,47.7,80.0,Regular
STU0006,Male,23,Computer Engineering,Third Year,Fifth Semester,Data Structures & Algorithms,10,7,66.35,43.9,13.8,10.8,3,1.2,58.0,0,78.2,70.0,Defaulter
STU0006,Male,23,Computer Engineering,Third Year,Fifth Semester,Data Structures & Algorithms,11,10,66.35,43.9,15.9,10.8,2,1.2,61.3,3,77.4,90.91,Regular
STU0006,Male,23,Computer Engineering,Third Year,Fifth Semester,Data Structures & Algorithms,11,8,66.35,43.9,7.9,10.8,1,1.2,58.3,1,88.0,72.73,Defaulter
STU0006,Male,23,Computer Engineering,Third Year,Fifth Semester,Database Management Systems,11,11,57.03,50.7,12.2,10.8,0,1.2,58.6,1,79.0,100.0,Regular
STU0006,Male,23,Computer Engineering,Third Year,Fifth Semester,Database Management Systems,9,7,57.03,50.7,17.1,10.8,0,1.2,56.5,2,72.9,77.78,Regular
STU0006,Male,23,Computer Engineering,Third Year,Fifth Semester,Database Management Systems,9,6,57.03,50.7,7.7,10.8,0,1.2,56.4,4,60.9,66.67,Defaulter
STU0006,Male,23,Computer Engineering,Third Year,Fifth Semester,Database Management Systems,8,7,57.03,50.7,17.1,10.8,1,1.2,58.5,2,72.1,87.5,Regular
STU0006,Male,23,Computer Engineering,Third Year,Fifth Semester,Computer Networks,12,6,76.69,61.5,9.8,10.8,2,1.2,57.8,6,89.2,50.0,Defaulter
STU0006,Male,23,Computer Engineering,Third Year,Fifth Semester,Computer Networks,9,4,76.69,61.5,10.5,10.8,1,1.2,60.5,2,54.6,44.44,Defaulter
STU0006,Male,23,Computer Engineering,Third Year,Fifth Semester,Computer Networks,8,5,76.69,61.5,17.3,10.8,1,1.2,57.6,1,91.8,62.5,Defaulter
STU0006,Male,23,Computer Engineering,Third Year,Fifth Semester,Computer Networks,12,6,76.69,61.5,5.8,10.8,0,1.2,56.6,1,58.4,50.0,Defaulter
STU0006,Male,23,Computer Engineering,Third Year,Fifth Semester,Theory of Computation,8,5,70.29,38.8,14.3,10.8,1,1.2,54.9,1,56.9,62.5,Defaulter
STU0006,Male,23,Computer Engineering,Third Year,Fifth Semester,Theory of Computation,11,7,70.29,38.8,8.9,10.8,1,1.2,59.3,2,66.5,63.64,Defaulter
STU0006,Male,23,Computer Engineering,Third Year,Fifth Semester,Theory of Computation,10,6,70.29,38.8,5.8,10.8,0,1.2,57.8,2,89.0,60.0,Defaulter
STU0006,Male,23,Computer Engineering,Third Year,Fifth Semester,Theory of Computation,9,7,70.29,38.8,11.2,10.8,1,1.2,56.9,1,54.2,77.78,Regular
STU0006,Male,23,Computer Engineering,Third Year,Fifth Semester,Software Engineering,10,6,63.14,38.5,12.3,10.8,1,1.2,62.1,3,88.1,60.0,Defaulter
STU0006,Male,23,Computer Engineering,Third Year,Fifth Semester,Software Engineering,11,6,63.14,38.5,8.6,10.8,1,1.2,58.2,3,66.0,54.55,Defaulter
STU0006,Male,23,Computer Engineering,Third Year,Fifth Semester,Software Engineering,9,6,63.14,38.5,14.1,10.8,0,1.2,58.4,2,79.2,66.67,Defaulter
STU0006,Male,23,Computer Engineering,Third Year,Fifth Semester,Software Engineering,8,7,63.14,38.5,20.5,10.8,3,1.2,54.6,0,87.2,87.5,Regular
STU0007,Male,19,Computer Engineering,Third Year,Fifth Semester,Data Structures & Algorithms,11,7,57.13,56.9,15.8,11.7,1,3.9,68.7,5,80.4,63.64,Defaulter
STU0007,Male,19,Computer Engineering,Third Year,Fifth Semester,Data Structures & Algorithms,8,5,57.13,56.9,10.8,11.7,1,3.9,72.5,3,63.8,62.5,Defaulter
STU0007,Male,19,Computer Engineering,Third Year,Fifth Semester,Data Structures & Algorithms,11,7,57.13,56.9,4.4,11.7,3,3.9,73.2,3,73.6,63.64,Defaulter
STU0007,Male,19,Computer Engineering,Third Year,Fifth Semester,Data Structures & Algorithms,8,5,57.13,56.9,8.5,11.7,2,3.9,74.3,2,85.8,62.5,Defaulter
STU0007,Male,19,Computer Engineering,Third Year,Fifth Semester,Database Management Systems,10,5,57.86,52.6,6.8,11.7,1,3.9,75.8,2,67.7,50.0,Defaulter
STU0007,Male,19,Computer Engineering,Third Year,Fifth Semester,Database Management Systems,9,5,57.86,52.6,3.7,11.7,3,3.9,73.8,2,42.2,55.56,Defaulter
STU0007,Male,19,Computer Engineering,Third Year,Fifth Semester,Database Management Systems,9,5,57.86,52.6,10.6,11.7,2,3.9,71.5,2,67.4,55.56,Defaulter
STU0007,Male,19,Computer Engineering,Third Year,Fifth Semester,Database Management Systems,12,4,57.86,52.6,8.6,11.7,0,3.9,76.3,4,48.6,33.33,Defaulter
STU0007,Male,19,Computer Engineering,Third Year,Fifth Semester,Computer Networks,8,6,53.16,48.8,13.9,11.7,3,3.9,69.1,4,84.6,75.0,Regular
STU0007,Male,19,Computer Engineering,Third Year,Fifth Semester,Computer Networks,12,7,53.16,48.8,7.2,11.7,0,3.9,74.7,0,93.6,58.33,Defaulter
STU0007,Male,19,Computer Engineering,Third Year,Fifth Semester,Computer Networks,11,8,53.16,48.8,10.0,11.7,0,3.9,71.3,2,57.6,72.73,Defaulter
STU0007,Male,19,Computer Engineering,Third Year,Fifth Semester,Computer Networks,9,5,53.16,48.8,7.7,11.7,0,3.9,69.7,3,71.1,55.56,Defaulter
STU0007,Male,19,Computer Engineering,Third Year,Fifth Semester,Theory of Computation,11,6,57.5,49.1,9.2,11.7,0,3.9,71.8,1,100.0,54.55,Defaulter
STU0007,Male,19,Computer Engineering,Third Year,Fifth Semester,Theory of Computation,8,5,57.5,49.1,6.1,11.7,1,3.9,75.6,3,93.4,62.5,Defaulter
STU0007,Male,19,Computer Engineering,Third Year,Fifth Semester,Theory of Computation,10,3,57.5,49.1,1.5,11.7,1,3.9,68.2,2,86.2,30.0,Defaulter
STU0007,Male,19,Computer Engineering,Third Year,Fifth Semester,Theory of Computation,10,6,57.5,49.1,11.9,11.7,2,3.9,71.9,1,61.0,60.0,Defaulter
STU0007,Male,19,Computer Engineering,Third Year,Fifth Semester,Software Engineering,9,5,62.67,59.9,10.4,11.7,0,3.9,73.2,5,74.4,55.56,Defaulter
STU0007,Male,19,Computer Engineering,Third Year,Fifth Semester,Software Engineering,11,7,62.67,59.9,9.6,11.7,3,3.9,70.6,2,80.3,63.64,Defaulter
STU0007,Male,19,Computer Engineering,Third Year,Fifth Semester,Software Engineering,9,7,62.67,59.9,20.2,11.7,3,3.9,73.9,2,71.4,77.78,Regular
STU0007,Male,19,Computer Engineering,Third Year,Fifth Semester,Software Engineering,9,5,62.67,59.9,15.9,11.7,0,3.9,68.7,1,84.1,55.56,Defaulter
STU0008,Male,22,Computer Engineering,Third Year,Fifth Semester,Data Structures & Algorithms,8,3,40.83,23.9,5.2,8.2,0,8.6,56.8,1,65.2,37.5,Defaulter
STU0008,Male,22,Computer Engineering,Third Year,Fifth Semester,Data Structures & Algorithms,11,6,40.83,23.9,7.1,8.2,0,8.6,56.8,1,47.6,54.55,Defaulter
STU0008,Male,22,Computer Engineering,Third Year,Fifth Semester,Data Structures & Algorithms,11,7,40.83,23.9,15.6,8.2,1,8.6,55.5,1,64.1,63.64,Defaulter
STU0008,Male,22,Computer Engineering,Third Year,Fifth Semester,Data Structures & Algorithms,10,6,40.83,23.9,8.6,8.2,3,8.6,49.9,1,92.8,60.0,Defaulter
STU0008,Male,22,Computer Engineering,Third Year,Fifth Semester,Database Management Systems,10,5,55.07,58.5,1.0,8.2,2,8.6,51.4,2,57.5,50.0,Defaulter
STU0008,Male,22,Computer Engineering,Third Year,Fifth Semester,Database Management Systems,11,3,55.07,58.5,3.8,8.2,0,8.6,53.1,2,52.8,27.27,Defaulter
STU0008,Male,22,Computer Engineering,Third Year,Fifth Semester,Database Management Systems,10,6,55.07,58.5,10.3,8.2,2,8.6,58.4,5,23.3,60.0,Defaulter
STU0008,Male,22,Computer Engineering,Third Year,Fifth Semester,Database Management Systems,9,1,55.07,58.5,0.0,8.2,1,8.6,49.0,1,86.4,11.11,Defaulter
STU0008,Male,22,Computer Engineering,Third Year,Fifth Semester,Computer Networks,10,4,57.9,43.7,3.1,8.2,1,8.6,58.7,1,56.2,40.0,Defaulter
STU0008,Male,22,Computer Engineering,Third Year,Fifth Semester,Computer Networks,9,3,57.9,43.7,12.4,8.2,1,8.6,55.1,1,49.6,33.33,Defaulter
STU0008,Male,22,Computer Engineering,Third Year,Fifth Semester,Computer Networks,8,2,57.9,43.7,3.0,8.2,0,8.6,55.0,2,100.0,25.0,Defaulter
STU0008,Male,22,Computer Engineering,Third Year,Fifth Semester,Computer Networks,11,6,57.9,43.7,2.7,8.2,3,8.6,52.9,2,72.6,54.55,Defaulter
STU0008,Male,22,Computer Engineering,Third Year,Fifth Semester,Theory of Computation,8,4,48.1,41.9,10.0,8.2,0,8.6,55.1,2,65.1,50.0,Defaulter
STU0008,Male,22,Computer Engineering,Third Year,Fifth Semester,Theory of Computation,11,8,48.1,41.9,7.7,8.2,1,8.6,56.3,0,95.2,72.73,Defaulter
STU0008,Male,22,Computer Engineering,Third Year,Fifth Semester,Theory of Computation,9,4,48.1,41.9,8.1,8.2,1,8.6,52.5,0,73.2,44.44,Defaulter
STU0008,Male,22,Computer Engineering,Third Year,Fifth Semester,Theory of Computation,9,4,48.1,41.9,2.6,8.2,2,8.6,54.5,2,74.9,44.44,Defaulter
STU0008,Male,22,Computer Engineering,Third Year,Fifth Semester,Software Engineering,11,5,46.28,66.4,9.9,8.2,0,8.6,58.4,2,52.2,45.45,Defaulter
STU0008,Male,22,Computer Engineering,Third Year,Fifth Semester,Software Engineering,8,5,46.28,66.4,6.2,8.2,2,8.6,55.3,0,95.4,62.5,Defaulter
STU0008,Male,22,Computer Engineering,Third Year,Fifth Semester,Software Engineering,11,5,46.28,66.4,10.5,8.2,3,8.6,55.4,3,28.4,45.45,Defaulter
STU0008,Male,22,Computer Engineering,Third Year,Fifth Semester,Software Engineering,10,4,46.28,66.4,12.4,8.2,0,8.6,57.0,1,71.8,40.0,Defaulter
STU0009,Male,20,Computer Engineering,Third Year,Fifth Semester,Data Structures & Algorithms,10,6,50.54,59.3,14.5,9.8,0,3.1,70.5,2,54.1,60.0,Defaulter
STU0009,Male,20,Computer Engineering,Third Year,Fifth Semester,Data Structures & Algorithms,11,7,50.54,59.3,11.9,9.8,0,3.1,72.0,0,50.4,63.64,Defaulter
STU0009,Male,20,Computer Engineering,Third Year,Fifth Semester,Data Structures & Algorithms,12,7,50.54,59.3,12.8,9.8,3,3.1,67.6,2,76.1,58.33,Defaulter
STU0009,Male,20,Computer Engineering,Third Year,Fifth Semester,Data Structures & Algorithms,9,5,50.54,59.3,13.9,9.8,0,3.1,62.6,2,47.5,55.56,Defaulter
STU0009,Male,20,Computer Engineering,Third Year,Fifth Semester,Database Management Systems,9,5,51.94,49.9,10.2,9.8,0,3.1,65.0,1,76.2,55.56,Defaulter
STU0009,Male,20,Computer Engineering,Third Year,Fifth Semester,Database Management Systems,8,4,51.94,49.9,13.1,9.8,2,3.1,71.0,3,72.1,50.0,Defaulter
STU0009,Male,20,Computer Engineering,Third Year,Fifth Semester,Database Management Systems,8,5,51.94,49.9,14.7,9.8,1,3.1,70.8,2,58.6,62.5,Defaulter
STU0009,Male,20,Computer Engineering,Third Year,Fifth Semester,Database Management Systems,11,6,51.94,49.9,7.8,9.8,2,3.1,71.2,1,77.9,54.55,Defaulter
STU0009,Male,20,Computer Engineering,Third Year,Fifth Semester,Computer Networks,12,7,55.16,54.3,10.9,9.8,2,3.1,69.1,2,69.6,58.33,Defaulter
STU0009,Male,20,Computer Engineering,Third Year,Fifth Semester,Computer Networks,10,8,55.16,54.3,12.3,9.8,1,3.1,69.2,4,64.4,80.0,Regular
STU0009,Male,20,Computer Engineering,Third Year,Fifth Semester,Computer Networks,10,6,55.16,54.3,15.8,9.8,0,3.1,66.3,1,76.3,60.0,Defaulter
STU0009,Male,20,Computer Engineering,Third Year,Fifth Semester,Computer Networks,8,4,55.16,54.3,5.2,9.8,1,3.1,66.0,1,81.7,50.0,Defaulter
STU0009,Male,20,Computer Engineering,Third Year,Fifth Semester,Theory of Computation,9,5,46.25,51.6,6.8,9.8,1,3.1,72.4,0,54.9,55.56,Defaulter
STU0009,Male,20,Computer Engineering,Third Year,Fifth Semester,Theory of Computation,8,5,46.25,51.6,13.7,9.8,0,3.1,66.3,0,42.7,62.5,Defaulter
STU0009,Male,20,Computer Engineering,Third Year,Fifth Semester,Theory of Computation,9,4,46.25,51.6,3.7,9.8,1,3.1,70.3,2,78.1,44.44,Defaulter
STU0009,Male,20,Computer Engineering,Third Year,Fifth Semester,Theory of Computation,9,4,46.25,51.6,16.5,9.8,1,3.1,74.5,3,62.5,44.44,Defaulter
STU0009,Male,20,Computer Engineering,Third Year,Fifth Semester,Software Engineering,12,5,57.62,56.6,7.6,9.8,1,3.1,66.1,1,66.6,41.67,Defaulter
STU0009,Male,20,Computer Engineering,Third Year,Fifth Semester,Software Engineering,8,4,57.62,56.6,8.3,9.8,1,3.1,70.9,4,63.1,50.0,Defaulter
STU0009,Male,20,Computer Engineering,Third Year,Fifth Semester,Software Engineering,10,7,57.62,56.6,19.7,9.8,1,3.1,68.8,4,57.7,70.0,Defaulter
STU0009,Male,20,Computer Engineering,Third Year,Fifth Semester,Software Engineering,12,5,57.62,56.6,3.1,9.8,0,3.1,69.3,1,100.0,41.67,Defaulter
STU0010,Female,19,Computer Engineering,Third Year,Fifth Semester,Data Structures & Algorithms,12,9,61.04,49.8,9.8,13.3,0,4.8,68.5,2,65.1,75.0,Regular
STU0010,Female,19,Computer Engineering,Third Year,Fifth Semester,Data Structures & Algorithms,9,4,61.04,49.8,2.4,13.3,0,4.8,62.6,1,44.7,44.44,Defaulter
STU0010,Female,19,Computer Engineering,Third Year,Fifth Semester,Data Structures & Algorithms,12,9,61.04,49.8,9.4,13.3,1,4.8,65.5,2,75.3,75.0,Regular
STU0010,Female,19,Computer Engineering,Third Year,Fifth Semester,Data Structures & Algorithms,8,6,61.04,49.8,15.7,13.3,1,4.8,67.2,1,77.6,75.0,Regular
STU0010,Female,19,Computer Engineering,Third Year,Fifth Semester,Database Management Systems,12,6,61.9,58.4,10.7,13.3,0,4.8,55.6,1,72.0,50.0,Defaulter
STU0010,Female,19,Computer Engineering,Third Year,Fifth Semester,Database Management Systems,10,4,61.9,58.4,14.7,13.3,1,4.8,65.9,3,77.3,40.0,Defaulter
STU0010,Female,19,Computer Engineering,Third Year,Fifth Semester,Database Management Systems,9,8,61.9,58.4,19.9,13.3,0,4.8,63.5,1,89.2,88.89,Regular
STU0010,Female,19,Computer Engineering,Third Year,Fifth Semester,Database Management Systems,12,9,61.9,58.4,17.2,13.3,2,4.8,62.1,0,62.2,75.0,Regular
STU0010,Female,19,Computer Engineering,Third Year,Fifth Semester,Computer Networks,11,6,40.0,56.2,17.6,13.3,2,4.8,65.0,1,91.9,54.55,Defaulter
STU0010,Female,19,Computer Engineering,Third Year,Fifth Semester,Computer Networks,10,6,40.0,56.2,12.3,13.3,0,4.8,66.1,1,65.7,60.0,Defaulter
STU0010,Female,19,Computer Engineering,Third Year,Fifth Semester,Computer Networks,10,7,40.0,56.2,12.6,13.3,0,4.8,69.2,0,34.5,70.0,Defaulter
STU0010,Female,19,Computer Engineering,Third Year,Fifth Semester,Computer Networks,9,5,40.0,56.2,14.0,13.3,1,4.8,63.3,0,69.5,55.56,Defaulter
STU0010,Female,19,Computer Engineering,Third Year,Fifth Semester,Theory of Computation,9,6,58.24,88.2,15.4,13.3,2,4.8,61.9,0,83.0,66.67,Defaulter
STU0010,Female,19,Computer Engineering,Third Year,Fifth Semester,Theory of Computation,8,4,58.24,88.2,6.2,13.3,0,4.8,65.3,5,35.0,50.0,Defaulter
STU0010,Female,19,Computer Engineering,Third Year,Fifth Semester,Theory of Computation,11,8,58.24,88.2,19.4,13.3,2,4.8,63.6,2,87.9,72.73,Defaulter
STU0010,Female,19,Computer Engineering,Third Year,Fifth Semester,Theory of Computation,9,4,58.24,88.2,11.2,13.3,0,4.8,63.7,1,95.5,44.44,Defaulter
STU0010,Female,19,Computer Engineering,Third Year,Fifth Semester,Software Engineering,8,5,40.57,65.6,10.9,13.3,2,4.8,68.2,3,80.7,62.5,Defaulter
STU0010,Female,19,Computer Engineering,Third Year,Fifth Semester,Software Engineering,11,6,40.57,65.6,2.0,13.3,0,4.8,61.3,1,55.8,54.55,Defaulter
STU0010,Female,19,Computer Engineering,Third Year,Fifth Semester,Software Engineering,8,4,40.57,65.6,6.4,13.3,2,4.8,65.7,4,43.6,50.0,Defaulter
STU0010,Female,19,Computer Engineering,Third Year,Fifth Semester,Software Engineering,8,4,40.57,65.6,0.0,13.3,1,4.8,68.1,1,46.9,50.0,Defaulter
STU0011,Male,21,Computer Engineering,Third Year,Fifth Semester,Data Structures & Algorithms,9,7,80.64,55.0,4.7,13.9,2,14.7,71.5,0,71.6,77.78,Regular
STU0011,Male,21,Computer Engineering,Third Year,Fifth Semester,Data Structures & Algorithms,9,9,80.64,55.0,15.7,13.9,1,14.7,65.0,0,86.4,100.0,Regular
STU0011,Male,21,Computer Engineering,Third Year,Fifth Semester,Data Structures & Algorithms,12,8,80.64,55.0,8.2,13.9,0,14.7,68.3,3,67.9,66.67,Defaulter
STU0011,Male,21,Computer Engineering,Third Year,Fifth Semester,Data Structures & Algorithms,9,7,80.64,55.0,10.1,13.9,0,14.7,70.4,2,62.7,77.78,Regular
STU0011,Male,21,Computer Engineering,Third Year,Fifth Semester,Database Management Systems,12,9,76.88,57.1,10.2,13.9,1,14.7,64.3,2,39.3,75.0,Regular
STU0011,Male,21,Computer Engineering,Third Year,Fifth Semester,Database Management Systems,8,4,76.88,57.1,8.4,13.9,0,14.7,72.1,1,63.0,50.0,Defaulter
STU0011,Male,21,Computer Engineering,Third Year,Fifth Semester,Database Management Systems,12,9,76.88,57.1,11.7,13.9,0,14.7,73.5,6,65.5,75.0,Regular
STU0011,Male,21,Computer Engineering,Third Year,Fifth Semester,Database Management Systems,9,5,76.88,57.1,10.9,13.9,1,14.7,68.1,2,92.0,55.56,Defaulter
STU0011,Male,21,Computer Engineering,Third Year,Fifth Semester,Computer Networks,11,7,76.85,55.5,15.8,13.9,1,14.7,71.1,3,74.0,63.64,Defaulter
STU0011,Male,21,Computer Engineering,Third Year,Fifth Semester,Computer Networks,9,7,76.85,55.5,18.9,13.9,2,14.7,68.7,2,97.3,77.78,Regular
STU0011,Male,21,Computer Engineering,Third Year,Fifth Semester,Computer Networks,8,6,76.85,55.5,11.2,13.9,2,14.7,67.5,3,78.7,75.0,Regular
STU0011,Male,21,Computer Engineering,Third Year,Fifth Semester,Computer Networks,12,6,76.85,55.5,16.6,13.9,0,14.7,71.3,0,64.1,50.0,Defaulter
STU0011,Male,21,Computer Engineering,Third Year,Fifth Semester,Theory of Computation,8,6,67.35,74.0,14.1,13.9,1,14.7,70.0,2,79.8,75.0,Regular
STU0011,Male,21,Computer Engineering,Third Year,Fifth Semester,Theory of Computation,10,8,67.35,74.0,16.0,13.9,1,14.7,74.2,1,65.0,80.0,Regular
STU0011,Male,21,Computer Engineering,Third Year,Fifth Semester,Theory of Computation,12,9,67.35,74.0,6.8,13.9,2,14.7,72.4,2,83.4,75.0,Regular
STU0011,Male,21,Computer Engineering,Third Year,Fifth Semester,Theory of Computation,9,8,67.35,74.0,17.4,13.9,2,14.7,69.5,3,41.0,88.89,Regular
STU0011,Male,21,Computer Engineering,Third Year,Fifth Semester,Software Engineering,10,7,87.06,68.9,12.3,13.9,1,14.7,65.1,1,92.0,70.0,Defaulter
STU0011,Male,21,Computer Engineering,Third Year,Fifth Semester,Software Engineering,10,8,87.06,68.9,14.1,13.9,2,14.7,63.3,6,81.4,80.0,Regular
STU0011,Male,21,Computer Engineering,Third Year,Fifth Semester,Software Engineering,8,7,87.06,68.9,16.9,13.9,1,14.7,71.6,2,73.3,87.5,Regular
STU0011,Male,21,Computer Engineering,Third Year,Fifth Semester,Software Engineering,10,6,87.06,68.9,6.8,13.9,1,14.7,66.9,2,60.4,60.0,Defaulter
STU0012,Female,23,Computer Engineering,Third Year,Fifth Semester,Data Structures & Algorithms,9,9,81.2,59.5,14.9,15.1,1,0.7,84.1,2,61.2,100.0,Regular
STU0012,Female,23,Computer Engineering,Third Year,Fifth Semester,Data Structures & Algorithms,10,10,81.2,59.5,23.9,15.1,1,0.7,88.2,3,88.2,100.0,Regular
STU0012,Female,23,Computer Engineering,Third Year,Fifth Semester,Data Structures & Algorithms,10,9,81.2,59.5,18.9,15.1,1,0.7,89.5,3,67.5,90.0,Regular
STU0012,Female,23,Computer Engineering,Third Year,Fifth Semester,Data Structures & Algorithms,8,7,81.2,59.5,16.9,15.1,1,0.7,82.1,1,90.6,87.5,Regular
STU0012,Female,23,Computer Engineering,Third Year,Fifth Semester,Database Management Systems,10,8,94.06,60.5,13.7,15.1,1,0.7,83.3,1,47.1,80.0,Regular
STU0012,Female,23,Computer Engineering,Third Year,Fifth Semester,Database Management Systems,8,8,94.06,60.5,16.4,15.1,1,0.7,86.1,2,62.6,100.0,Regular
STU0012,Female,23,Computer Engineering,Third Year,Fifth Semester,Database Management Systems,11,11,94.06,60.5,24.3,15.1,1,0.7,87.6,1,66.5,100.0,Regular
STU0012,Female,23,Computer Engineering,Third Year,Fifth Semester,Database Management Systems,8,7,94.06,60.5,9.8,15.1,0,0.7,78.9,1,90.6,87.5,Regular
STU0012,Female,23,Computer Engineering,Third Year,Fifth Semester,Computer Networks,10,9,85.24,56.0,21.8,15.1,2,0.7,87.1,2,52.2,90.0,Regular
STU0012,Female,23,Computer Engineering,Third Year,Fifth Semester,Computer Networks,12,12,85.24,56.0,18.8,15.1,3,0.7,81.2,2,68.8,100.0,Regular
STU0012,Female,23,Computer Engineering,Third Year,Fifth Semester,Computer Networks,11,10,85.24,56.0,16.8,15.1,0,0.7,85.1,0,52.6,90.91,Regular
STU0012,Female,23,Computer Engineering,Third Year,Fifth Semester,Computer Networks,11,11,85.24,56.0,11.1,15.1,2,0.7,80.7,3,51.3,100.0,Regular
STU0012,Female,23,Computer Engineering,Third Year,Fifth Semester,Theory of Computation,10,9,100.0,61.7,12.4,15.1,3,0.7,87.7,1,41.6,90.0,Regular
STU0012,Female,23,Computer Engineering,Third Year,Fifth Semester,Theory of Computation,11,11,100.0,61.7,22.2,15.1,0,0.7,85.8,0,82.0,100.0,Regular
STU0012,Female,23,Computer Engineering,Third Year,Fifth Semester,Theory of Computation,10,7,100.0,61.7,13.1,15.1,1,0.7,79.7,3,58.9,70.0,Defaulter
STU0012,Female,23,Computer Engineering,Third Year,Fifth Semester,Theory of Computation,8,7,100.0,61.7,19.3,15.1,0,0.7,86.9,2,83.2,87.5,Regular
STU0012,Female,23,Computer Engineering,Third Year,Fifth Semester,Software Engineering,9,8,100.0,72.1,14.3,15.1,1,0.7,82.6,2,94.1,88.89,Regular
STU0012,Female,23,Computer Engineering,Third Year,Fifth Semester,Software Engineering,11,11,100.0,72.1,22.3,15.1,0,0.7,83.3,2,60.8,100.0,Regular
STU0012,Female,23,Computer Engineering,Third Year,Fifth Semester,Software Engineering,10,9,100.0,72.1,13.1,15.1,1,0.7,86.3,2,65.9,90.0,Regular
STU0012,Female,23,Computer Engineering,Third Year,Fifth Semester,Software Engineering,9,8,100.0,72.1,15.0,15.1,0,0.7,78.9,3,97.6,88.89,Regular
STU0013,Female,22,Computer Engineering,Third Year,Fifth Semester,Data Structures & Algorithms,12,5,51.95,31.4,5.8,8.5,1,18.3,75.4,0,46.6,41.67,Defaulter
STU0013,Female,22,Computer Engineering,Third Year,Fifth Semester,Data Structures & Algorithms,9,5,51.95,31.4,13.4,8.5,0,18.3,70.0,0,80.8,55.56,Defaulter
STU0013,Female,22,Computer Engineering,Third Year,Fifth Semester,Data Structures & Algorithms,11,5,51.95,31.4,15.5,8.5,3,18.3,72.8,2,77.9,45.45,Defaulter
STU0013,Female,22,Computer Engineering,Third Year,Fifth Semester,Data Structures & Algorithms,8,5,51.95,31.4,12.2,8.5,2,18.3,71.1,1,81.7,62.5,Defaulter
STU0013,Female,22,Computer Engineering,Third Year,Fifth Semester,Database Management Systems,10,6,42.68,39.5,14.7,8.5,0,18.3,77.8,2,56.8,60.0,Defaulter
STU0013,Female,22,Computer Engineering,Third Year,Fifth Semester,Database Management Systems,10,5,42.68,39.5,9.5,8.5,1,18.3,69.3,3,52.6,50.0,Defaulter
STU0013,Female,22,Computer Engineering,Third Year,Fifth Semester,Database Management Systems,10,7,42.68,39.5,12.9,8.5,1,18.3,73.5,1,39.7,70.0,Defaulter
STU0013,Female,22,Computer Engineering,Third Year,Fifth Semester,Database Management Systems,9,2,42.68,39.5,0.0,8.5,1,18.3,75.4,1,84.3,22.22,Defaulter
STU0013,Female,22,Computer Engineering,Third Year,Fifth Semester,Computer Networks,12,7,57.99,45.2,11.1,8.5,2,18.3,71.1,0,68.5,58.33,Defaulter
STU0013,Female,22,Computer Engineering,Third Year,Fifth Semester,Computer Networks,8,3,57.99,45.2,1.9,8.5,1,18.3,76.2,2,47.5,37.5,Defaulter
STU0013,Female,22,Computer Engineering,Third Year,Fifth Semester,Computer Networks,9,4,57.99,45.2,8.2,8.5,3,18.3,77.8,4,100.0,44.44,Defaulter
STU0013,Female,22,Computer Engineering,Third Year,Fifth Semester,Computer Networks,10,7,57.99,45.2,8.5,8.5,0,18.3,71.2,1,49.6,70.0,Defaulter
STU0013,Female,22,Computer Engineering,Third Year,Fifth Semester,Theory of Computation,12,6,45.27,54.2,3.6,8.5,1,18.3,70.8,1,86.9,50.0,Defaulter
STU0013,Female,22,Computer Engineering,Third Year,Fifth Semester,Theory of Computation,10,2,45.27,54.2,0.0,8.5,0,18.3,73.2,2,90.2,20.0,Defaulter
STU0013,Female,22,Computer Engineering,Third Year,Fifth Semester,Theory of Computation,9,4,45.27,54.2,8.9,8.5,1,18.3,72.2,2,82.1,44.44,Defaulter
STU0013,Female,22,Computer Engineering,Third Year,Fifth Semester,Theory of Computation,9,2,45.27,54.2,0.0,8.5,1,18.3,79.0,0,72.9,22.22,Defaulter
STU0013,Female,22,Computer Engineering,Third Year,Fifth Semester,Software Engineering,10,4,41.12,44.9,7.3,8.5,0,18.3,72.9,3,86.4,40.0,Defaulter
STU0013,Female,22,Computer Engineering,Third Year,Fifth Semester,Software Engineering,11,5,41.12,44.9,5.8,8.5,1,18.3,77.7,5,68.6,45.45,Defaulter
STU0013,Female,22,Computer Engineering,Third Year,Fifth Semester,Software Engineering,12,6,41.12,44.9,3.7,8.5,1,18.3,73.8,0,95.4,50.0,Defaulter
STU0013,Female,22,Computer Engineering,Third Year,Fifth Semester,Software Engineering,11,7,41.12,44.9,14.0,8.5,0,18.3,69.5,2,57.7,63.64,Defaulter
STU0014,Male,22,Computer Engineering,Third Year,Fifth Semester,Data Structures & Algorithms,9,9,100.0,79.6,20.8,16.7,3,0.7,100.0,2,81.8,100.0,Regular
STU0014,Male,22,Computer Engineering,Third Year,Fifth Semester,Data Structures & Algorithms,8,7,100.0,79.6,14.1,16.7,1,0.7,100.0,1,86.9,87.5,Regular
STU0014,Male,22,Computer Engineering,Third Year,Fifth Semester,Data Structures & Algorithms,9,8,100.0,79.6,7.8,16.7,2,0.7,100.0,0,67.3,88.89,Regular
STU0014,Male,22,Computer Engineering,Third Year,Fifth Semester,Data Structures & Algorithms,12,12,100.0,79.6,12.6,16.7,3,0.7,100.0,2,77.8,100.0,Regular
STU0014,Male,22,Computer Engineering,Third Year,Fifth Semester,Database Management Systems,10,10,97.09,63.1,17.5,16.7,0,0.7,100.0,2,77.8,100.0,Regular
STU0014,Male,22,Computer Engineering,Third Year,Fifth Semester,Database Management Systems,11,11,97.09,63.1,23.7,16.7,0,0.7,98.6,1,68.8,100.0,Regular
STU0014,Male,22,Computer Engineering,Third Year,Fifth Semester,Database Management Systems,11,10,97.09,63.1,14.5,16.7,0,0.7,100.0,0,88.9,90.91,Regular
STU0014,Male,22,Computer Engineering,Third Year,Fifth Semester,Database Management Systems,12,12,97.09,63.1,18.7,16.7,1,0.7,97.5,1,100.0,100.0,Regular
STU0014,Male,22,Computer Engineering,Third Year,Fifth Semester,Computer Networks,8,8,100.0,73.5,23.1,16.7,0,0.7,96.2,0,42.4,100.0,Regular
STU0014,Male,22,Computer Engineering,Third Year,Fifth Semester,Computer Networks,11,11,100.0,73.5,16.1,16.7,0,0.7,98.6,0,61.6,100.0,Regular
STU0014,Male,22,Computer Engineering,Third Year,Fifth Semester,Computer Networks,10,8,100.0,73.5,10.8,16.7,0,0.7,100.0,3,57.5,80.0,Regular
STU0014,Male,22,Computer Engineering,Third Year,Fifth Semester,Computer Networks,9,8,100.0,73.5,21.3,16.7,3,0.7,100.0,0,82.5,88.89,Regular
STU0014,Male,22,Computer Engineering,Third Year,Fifth Semester,Theory of Computation,11,11,97.27,71.9,12.8,16.7,0,0.7,100.0,0,89.4,100.0,Regular
STU0014,Male,22,Computer Engineering,Third Year,Fifth Semester,Theory of Computation,12,12,97.27,71.9,19.1,16.7,0,0.7,96.3,1,56.8,100.0,Regular
STU0014,Male,22,Computer Engineering,Third Year,Fifth Semester,Theory of Computation,9,9,97.27,71.9,20.8,16.7,0,0.7,99.9,0,78.9,100.0,Regular
STU0014,Male,22,Computer Engineering,Third Year,Fifth Semester,Theory of Computation,11,11,97.27,71.9,15.1,16.7,2,0.7,98.4,0,60.0,100.0,Regular
STU0014,Male,22,Computer Engineering,Third Year,Fifth Semester,Software Engineering,8,8,89.89,84.1,25.9,16.7,0,0.7,98.8,2,74.1,100.0,Regular
STU0014,Male,22,Computer Engineering,Third Year,Fifth Semester,Software Engineering,11,11,89.89,84.1,21.3,16.7,2,0.7,98.2,2,67.9,100.0,Regular
STU0014,Male,22,Computer Engineering,Third Year,Fifth Semester,Software Engineering,8,8,89.89,84.1,16.9,16.7,0,0.7,100.0,0,69.2,100.0,Regular
STU0014,Male,22,Computer Engineering,Third Year,Fifth Semester,Software Engineering,10,10,89.89,84.1,20.7,16.7,0,0.7,100.0,3,51.0,100.0,Regular
STU0015,Female,22,Computer Engineering,Third Year,Fifth Semester,Data Structures & Algorithms,11,9,78.16,64.2,7.7,11.4,1,10.1,66.4,1,54.2,81.82,Regular
STU0015,Female,22,Computer Engineering,Third Year,Fifth Semester,Data Structures & Algorithms,12,8,78.16,64.2,14.3,11.4,0,10.1,68.7,0,54.3,66.67,Defaulter
STU0015,Female,22,Computer Engineering,Third Year,Fifth Semester,Data Structures & Algorithms,8,5,78.16,64.2,5.6,11.4,0,10.1,67.0,2,86.9,62.5,Defaulter
STU0015,Female,22,Computer Engineering,Third Year,Fifth Semester,Data Structures & Algorithms,10,7,78.16,64.2,16.7,11.4,2,10.1,72.3,2,64.5,70.0,Defaulter
STU0015,Female,22,Computer Engineering,Third Year,Fifth Semester,Database Management Systems,8,6,75.58,64.7,13.3,11.4,1,10.1,74.5,1,48.9,75.0,Regular
STU0015,Female,22,Computer Engineering,Third Year,Fifth Semester,Database Management Systems,8,8,75.58,64.7,22.0,11.4,2,10.1,68.2,1,60.5,100.0,Regular
STU0015,Female,22,Computer Engineering,Third Year,Fifth Semester,Database Management Systems,10,8,75.58,64.7,8.6,11.4,0,10.1,69.4,1,83.9,80.0,Regular
STU0015,Female,22,Computer Engineering,Third Year,Fifth Semester,Database Management Systems,9,7,75.58,64.7,18.4,11.4,0,10.1,74.2,0,51.6,77.78,Regular
STU0015,Female,22,Computer Engineering,Third Year,Fifth Semester,Computer Networks,9,7,67.37,57.1,15.3,11.4,3,10.1,69.8,2,85.5,77.78,Regular
STU0015,Female,22,Computer Engineering,Third Year,Fifth Semester,Computer Networks,8,6,67.37,57.1,10.9,11.4,0,10.1,71.9,2,52.5,75.0,Regular
STU0015,Female,22,Computer Engineering,Third Year,Fifth Semester,Computer Networks,8,5,67.37,57.1,12.8,11.4,0,10.1,70.4,3,64.8,62.5,Defaulter
STU0015,Female,22,Computer Engineering,Third Year,Fifth Semester,Computer Networks,9,6,67.37,57.1,4.3,11.4,0,10.1,69.7,1,57.7,66.67,Defaulter
STU0015,Female,22,Computer Engineering,Third Year,Fifth Semester,Theory of Computation,8,7,85.55,62.2,12.8,11.4,1,10.1,70.2,1,53.5,87.5,Regular
STU0015,Female,22,Computer Engineering,Third Year,Fifth Semester,Theory of Computation,11,8,85.55,62.2,11.1,11.4,1,10.1,69.6,1,69.0,72.73,Defaulter
STU0015,Female,22,Computer Engineering,Third Year,Fifth Semester,Theory of Computation,11,9,85.55,62.2,23.0,11.4,1,10.1,69.6,3,53.9,81.82,Regular
STU0015,Female,22,Computer Engineering,Third Year,Fifth Semester,Theory of Computation,8,5,85.55,62.2,13.8,11.4,0,10.1,73.5,0,87.4,62.5,Defaulter
STU0015,Female,22,Computer Engineering,Third Year,Fifth Semester,Software Engineering,12,10,72.21,47.8,8.6,11.4,2,10.1,70.8,5,70.3,83.33,Regular
STU0015,Female,22,Computer Engineering,Third Year,Fifth Semester,Software Engineering,12,6,72.21,47.8,7.4,11.4,0,10.1,67.7,1,77.8,50.0,Defaulter
STU0015,Female,22,Computer Engineering,Third Year,Fifth Semester,Software Engineering,10,7,72.21,47.8,15.7,11.4,2,10.1,68.1,2,78.6,70.0,Defaulter
STU0015,Female,22,Computer Engineering,Third Year,Fifth Semester,Software Engineering,11,8,72.21,47.8,14.8,11.4,2,10.1,67.8,2,61.6,72.73,Defaulter
STU0016,Female,22,Computer Engineering,Third Year,Fifth Semester,Data Structures & Algorithms,10,9,83.81,61.0,12.5,13.6,0,1.1,77.1,2,74.8,90.0,Regular
STU0016,Female,22,Computer Engineering,Third Year,Fifth Semester,Data Structures & Algorithms,10,8,83.81,61.0,8.3,13.6,2,1.1,75.9,0,80.0,80.0,Regular
STU0016,Female,22,Computer Engineering,Third Year,Fifth Semester,Data Structures & Algorithms,9,7,83.81,61.0,14.9,13.6,1,1.1,76.6,1,76.8,77.78,Regular
STU0016,Female,22,Computer Engineering,Third Year,Fifth Semester,Data Structures & Algorithms,12,9,83.81,61.0,7.3,13.6,0,1.1,78.5,2,53.2,75.0,Regular
STU0016,Female,22,Computer Engineering,Third Year,Fifth Semester,Database Management Systems,11,7,86.86,52.5,9.5,13.6,2,1.1,78.2,5,96.7,63.64,Defaulter
STU0016,Female,22,Computer Engineering,Third Year,Fifth Semester,Database Management Systems,10,8,86.86,52.5,5.6,13.6,1,1.1,80.4,4,72.2,80.0,Regular
STU0016,Female,22,Computer Engineering,Third Year,Fifth Semester,Database Management Systems,9,7,86.86,52.5,18.3,13.6,1,1.1,79.1,2,100.0,77.78,Regular
STU0016,Female,22,Computer Engineering,Third Year,Fifth Semester,Database Management Systems,8,5,86.86,52.5,16.9,13.6,3,1.1,76.9,4,70.7,62.5,Defaulter
STU0016,Female,22,Computer Engineering,Third Year,Fifth Semester,Computer Networks,12,9,80.03,72.6,17.4,13.6,0,1.1,78.8,0,44.7,75.0,Regular
STU0016,Female,22,Computer Engineering,Third Year,Fifth Semester,Computer Networks,8,8,80.03,72.6,20.9,13.6,0,1.1,76.0,1,54.9,100.0,Regular
STU0016,Female,22,Computer Engineering,Third Year,Fifth Semester,Computer Networks,11,9,80.03,72.6,9.1,13.6,0,1.1,81.0,3,39.7,81.82,Regular
STU0016,Female,22,Computer Engineering,Third Year,Fifth Semester,Computer Networks,10,9,80.03,72.6,10.0,13.6,1,1.1,76.8,4,88.2,90.0,Regular
STU0016,Female,22,Computer Engineering,Third Year,Fifth Semester,Theory of Computation,9,9,79.16,70.4,21.5,13.6,2,1.1,73.8,1,50.6,100.0,Regular
STU0016,Female,22,Computer Engineering,Third Year,Fifth Semester,Theory of Computation,12,10,79.16,70.4,16.0,13.6,1,1.1,78.5,1,66.3,83.33,Regular
STU0016,Female,22,Computer Engineering,Third Year,Fifth Semester,Theory of Computation,11,11,79.16,70.4,20.5,13.6,1,1.1,73.6,2,78.7,100.0,Regular
STU0016,Female,22,Computer Engineering,Third Year,Fifth Semester,Theory of Computation,10,9,79.16,70.4,10.6,13.6,0,1.1,76.7,5,69.0,90.0,Regular
STU0016,Female,22,Computer Engineering,Third Year,Fifth Semester,Software Engineering,11,9,87.25,54.2,8.4,13.6,0,1.1,72.1,1,48.8,81.82,Regular
STU0016,Female,22,Computer Engineering,Third Year,Fifth Semester,Software Engineering,8,7,87.25,54.2,22.0,13.6,1,1.1,72.7,0,77.5,87.5,Regular
STU0016,Female,22,Computer Engineering,Third Year,Fifth Semester,Software Engineering,10,8,87.25,54.2,17.9,13.6,2,1.1,79.8,3,95.7,80.0,Regular
STU0016,Female,22,Computer Engineering,Third Year,Fifth Semester,Software Engineering,11,8,87.25,54.2,15.4,13.6,1,1.1,76.1,2,66.0,72.73,Defaulter
STU0017,Male,21,Computer Engineering,Third Year,Fifth Semester,Data Structures & Algorithms,11,6,52.87,57.4,10.3,10.5,0,3.7,68.3,1,96.8,54.55,Defaulter
STU0017,Male,21,Computer Engineering,Third Year,Fifth Semester,Data Structures & Algorithms,8,3,52.87,57.4,8.7,10.5,0,3.7,65.9,1,75.8,37.5,Defaulter
STU0017,Male,21,Computer Engineering,Third Year,Fifth Semester,Data Structures & Algorithms,10,3,52.87,57.4,6.8,10.5,2,3.7,65.9,1,71.3,30.0,Defaulter
STU0017,Male,21,Computer Engineering,Third Year,Fifth Semester,Data Structures & Algorithms,8,4,52.87,57.4,17.1,10.5,1,3.7,67.4,3,98.8,50.0,Defaulter
STU0017,Male,21,Computer Engineering,Third Year,Fifth Semester,Database Management Systems,8,3,47.36,76.5,0.0,10.5,0,3.7,61.9,0,100.0,37.5,Defaulter
STU0017,Male,21,Computer Engineering,Third Year,Fifth Semester,Database Management Systems,8,5,47.36,76.5,11.5,10.5,0,3.7,66.0,1,82.6,62.5,Defaulter
STU0017,Male,21,Computer Engineering,Third Year,Fifth Semester,Database Management Systems,12,5,47.36,76.5,5.2,10.5,0,3.7,69.7,2,83.8,41.67,Defaulter
STU0017,Male,21,Computer Engineering,Third Year,Fifth Semester,Database Management Systems,10,4,47.36,76.5,8.6,10.5,0,3.7,66.2,4,100.0,40.0,Defaulter
STU0017,Male,21,Computer Engineering,Third Year,Fifth Semester,Computer Networks,9,5,43.52,63.9,14.8,10.5,1,3.7,62.1,3,73.8,55.56,Defaulter
STU0017,Male,21,Computer Engineering,Third Year,Fifth Semester,Computer Networks,11,3,43.52,63.9,11.6,10.5,4,3.7,70.4,1,70.8,27.27,Defaulter
STU0017,Male,21,Computer Engineering,Third Year,Fifth Semester,Computer Networks,12,7,43.52,63.9,13.4,10.5,0,3.7,66.1,2,55.5,58.33,Defaulter
STU0017,Male,21,Computer Engineering,Third Year,Fifth Semester,Computer Networks,11,6,43.52,63.9,11.4,10.5,0,3.7,61.4,0,67.3,54.55,Defaulter
STU0017,Male,21,Computer Engineering,Third Year,Fifth Semester,Theory of Computation,9,5,50.07,40.6,12.0,10.5,1,3.7,67.9,2,53.2,55.56,Defaulter
STU0017,Male,21,Computer Engineering,Third Year,Fifth Semester,Theory of Computation,9,4,50.07,40.6,8.3,10.5,0,3.7,68.3,7,91.6,44.44,Defaulter
STU0017,Male,21,Computer Engineering,Third Year,Fifth Semester,Theory of Computation,12,3,50.07,40.6,0.0,10.5,2,3.7,63.9,3,55.7,25.0,Defaulter
STU0017,Male,21,Computer Engineering,Third Year,Fifth Semester,Theory of Computation,11,4,50.07,40.6,8.6,10.5,0,3.7,65.7,0,79.6,36.36,Defaulter
STU0017,Male,21,Computer Engineering,Third Year,Fifth Semester,Software Engineering,11,5,48.05,56.3,8.5,10.5,0,3.7,67.5,1,77.1,45.45,Defaulter
STU0017,Male,21,Computer Engineering,Third Year,Fifth Semester,Software Engineering,10,5,48.05,56.3,9.2,10.5,3,3.7,66.9,1,80.1,50.0,Defaulter
STU0017,Male,21,Computer Engineering,Third Year,Fifth Semester,Software Engineering,12,5,48.05,56.3,10.3,10.5,3,3.7,64.1,0,94.7,41.67,Defaulter
STU0017,Male,21,Computer Engineering,Third Year,Fifth Semester,Software Engineering,10,4,48.05,56.3,0.9,10.5,2,3.7,63.9,2,84.4,40.0,Defaulter
STU0018,Male,19,Computer Engineering,Third Year,Fifth Semester,Data Structures & Algorithms,11,9,89.74,66.4,17.8,16.0,2,6.3,69.9,4,62.9,81.82,Regular
STU0018,Male,19,Computer Engineering,Third Year,Fifth Semester,Data Structures & Algorithms,11,9,89.74,66.4,17.1,16.0,1,6.3,66.3,2,82.0,81.82,Regular
STU0018,Male,19,Computer Engineering,Third Year,Fifth Semester,Data Structures & Algorithms,8,7,89.74,66.4,17.9,16.0,0,6.3,68.7,3,39.8,87.5,Regular
STU0018,Male,19,Computer Engineering,Third Year,Fifth Semester,Data Structures & Algorithms,10,6,89.74,66.4,7.0,16.0,0,6.3,66.6,0,50.5,60.0,Defaulter
STU0018,Male,19,Computer Engineering,Third Year,Fifth Semester,Database Management Systems,8,6,80.94,87.0,19.7,16.0,2,6.3,64.4,1,43.4,75.0,Regular
STU0018,Male,19,Computer Engineering,Third Year,Fifth Semester,Database Management Systems,8,7,80.94,87.0,15.6,16.0,0,6.3,68.1,4,56.7,87.5,Regular
STU0018,Male,19,Computer Engineering,Third Year,Fifth Semester,Database Management Systems,12,10,80.94,87.0,16.1,16.0,2,6.3,66.7,4,95.0,83.33,Regular
STU0018,Male,19,Computer Engineering,Third Year,Fifth Semester,Database Management Systems,8,7,80.94,87.0,20.7,16.0,1,6.3,68.3,1,83.7,87.5,Regular
STU0018,Male,19,Computer Engineering,Third Year,Fifth Semester,Computer Networks,12,12,82.29,57.9,17.3,16.0,0,6.3,67.1,3,64.9,100.0,Regular
STU0018,Male,19,Computer Engineering,Third Year,Fifth Semester,Computer Networks,12,8,82.29,57.9,11.6,16.0,0,6.3,67.3,1,32.7,66.67,Defaulter
STU0018,Male,19,Computer Engineering,Third Year,Fifth Semester,Computer Networks,10,9,82.29,57.9,13.0,16.0,0,6.3,67.9,1,64.4,90.0,Regular
STU0018,Male,19,Computer Engineering,Third Year,Fifth Semester,Computer Networks,10,6,82.29,57.9,6.2,16.0,1,6.3,64.3,4,42.5,60.0,Defaulter
STU0018,Male,19,Computer Engineering,Third Year,Fifth Semester,Theory of Computation,8,7,83.57,85.8,15.8,16.0,1,6.3,64.2,1,76.4,87.5,Regular
STU0018,Male,19,Computer Engineering,Third Year,Fifth Semester,Theory of Computation,9,8,83.57,85.8,10.8,16.0,0,6.3,71.3,1,75.2,88.89,Regular
STU0018,Male,19,Computer Engineering,Third Year,Fifth Semester,Theory of Computation,12,10,83.57,85.8,11.1,16.0,1,6.3,64.4,2,32.6,83.33,Regular
STU0018,Male,19,Computer Engineering,Third Year,Fifth Semester,Theory of Computation,8,7,83.57,85.8,9.4,16.0,4,6.3,62.7,1,66.3,87.5,Regular
STU0018,Male,19,Computer Engineering,Third Year,Fifth Semester,Software Engineering,8,5,97.77,53.3,5.3,16.0,1,6.3,66.9,1,34.2,62.5,Defaulter
STU0018,Male,19,Computer Engineering,Third Year,Fifth Semester,Software Engineering,8,6,97.77,53.3,10.9,16.0,0,6.3,64.3,1,64.9,75.0,Regular
STU0018,Male,19,Computer Engineering,Third Year,Fifth Semester,Software Engineering,9,7,97.77,53.3,17.6,16.0,0,6.3,64.4,1,57.9,77.78,Regular
STU0018,Male,19,Computer Engineering,Third Year,Fifth Semester,Software Engineering,10,9,97.77,53.3,17.6,16.0,3,6.3,66.7,2,71.8,90.0,Regular
STU0019,Female,23,Computer Engineering,Third Year,Fifth Semester,Data Structures & Algorithms,12,6,44.14,59.9,14.2,10.9,1,22.3,67.4,0,58.4,50.0,Defaulter
STU0019,Female,23,Computer Engineering,Third Year,Fifth Semester,Data Structures & Algorithms,12,6,44.14,59.9,7.4,10.9,0,22.3,64.1,4,56.7,50.0,Defaulter
STU0019,Female,23,Computer Engineering,Third Year,Fifth Semester,Data Structures & Algorithms,9,5,44.14,59.9,8.2,10.9,1,22.3,55.5,2,53.4,55.56,Defaulter
STU0019,Female,23,Computer Engineering,Third Year,Fifth Semester,Data Structures & Algorithms,12,6,44.14,59.9,9.9,10.9,2,22.3,61.2,2,82.4,50.0,Defaulter
STU0019,Female,23,Computer Engineering,Third Year,Fifth Semester,Database Management Systems,10,4,48.21,49.3,4.7,10.9,1,22.3,59.3,2,53.5,40.0,Defaulter
STU0019,Female,23,Computer Engineering,Third Year,Fifth Semester,Database Management Systems,10,4,48.21,49.3,9.6,10.9,0,22.3,58.3,0,66.1,40.0,Defaulter
STU0019,Female,23,Computer Engineering,Third Year,Fifth Semester,Database Management Systems,10,5,48.21,49.3,12.6,10.9,1,22.3,63.7,3,56.6,50.0,Defaulter
STU0019,Female,23,Computer Engineering,Third Year,Fifth Semester,Database Management Systems,8,4,48.21,49.3,10.0,10.9,3,22.3,61.3,3,73.1,50.0,Defaulter
STU0019,Female,23,Computer Engineering,Third Year,Fifth Semester,Computer Networks,12,5,40.5,37.5,4.9,10.9,2,22.3,62.0,1,79.4,41.67,Defaulter
STU0019,Female,23,Computer Engineering,Third Year,Fifth Semester,Computer Networks,9,4,40.5,37.5,8.6,10.9,2,22.3,55.9,2,69.5,44.44,Defaulter
STU0019,Female,23,Computer Engineering,Third Year,Fifth Semester,Computer Networks,11,5,40.5,37.5,7.5,10.9,1,22.3,58.6,2,76.4,45.45,Defaulter
STU0019,Female,23,Computer Engineering,Third Year,Fifth Semester,Computer Networks,11,6,40.5,37.5,11.3,10.9,0,22.3,59.9,2,79.4,54.55,Defaulter
STU0019,Female,23,Computer Engineering,Third Year,Fifth Semester,Theory of Computation,11,5,51.71,63.5,8.9,10.9,0,22.3,59.7,3,66.5,45.45,Defaulter
STU0019,Female,23,Computer Engineering,Third Year,Fifth Semester,Theory of Computation,10,5,51.71,63.5,14.7,10.9,3,22.3,60.1,5,86.4,50.0,Defaulter
STU0019,Female,23,Computer Engineering,Third Year,Fifth Semester,Theory of Computation,12,4,51.71,63.5,4.2,10.9,1,22.3,56.6,0,57.8,33.33,Defaulter
STU0019,Female,23,Computer Engineering,Third Year,Fifth Semester,Theory of Computation,11,6,51.71,63.5,2.8,10.9,2,22.3,57.9,1,72.7,54.55,Defaulter
STU0019,Female,23,Computer Engineering,Third Year,Fifth Semester,Software Engineering,8,2,62.95,49.4,9.6,10.9,2,22.3,61.8,0,59.7,25.0,Defaulter
STU0019,Female,23,Computer Engineering,Third Year,Fifth Semester,Software Engineering,12,5,62.95,49.4,5.1,10.9,1,22.3,62.4,1,59.7,41.67,Defaulter
STU0019,Female,23,Computer Engineering,Third Year,Fifth Semester,Software Engineering,8,4,62.95,49.4,12.0,10.9,0,22.3,57.3,1,66.6,50.0,Defaulter
STU0019,Female,23,Computer Engineering,Third Year,Fifth Semester,Software Engineering,12,7,62.95,49.4,7.4,10.9,1,22.3,60.8,1,92.1,58.33,Defaulter
STU0020,Male,21,Computer Engineering,Third Year,Fifth Semester,Data Structures & Algorithms,10,10,58.42,48.9,19.1,8.7,2,2.7,64.6,2,42.3,100.0,Regular
STU0020,Male,21,Computer Engineering,Third Year,Fifth Semester,Data Structures & Algorithms,9,7,58.42,48.9,15.5,8.7,0,2.7,66.9,0,61.0,77.78,Regular
STU0020,Male,21,Computer Engineering,Third Year,Fifth Semester,Data Structures & Algorithms,8,6,58.42,48.9,15.3,8.7,2,2.7,67.3,4,68.5,75.0,Regular
STU0020,Male,21,Computer Engineering,Third Year,Fifth Semester,Data Structures & Algorithms,12,9,58.42,48.9,15.9,8.7,2,2.7,66.8,2,76.6,75.0,Regular
STU0020,Male,21,Computer Engineering,Third Year,Fifth Semester,Database Management Systems,10,7,50.78,38.0,6.9,8.7,1,2.7,63.6,1,64.1,70.0,Defaulter
STU0020,Male,21,Computer Engineering,Third Year,Fifth Semester,Database Management Systems,11,10,50.78,38.0,20.4,8.7,0,2.7,69.6,0,53.9,90.91,Regular
STU0020,Male,21,Computer Engineering,Third Year,Fifth Semester,Database Management Systems,10,7,50.78,38.0,6.0,8.7,1,2.7,65.8,4,65.9,70.0,Defaulter
STU0020,Male,21,Computer Engineering,Third Year,Fifth Semester,Database Management Systems,12,9,50.78,38.0,18.0,8.7,2,2.7,69.4,3,92.1,75.0,Regular
STU0020,Male,21,Computer Engineering,Third Year,Fifth Semester,Computer Networks,11,9,68.82,63.0,16.9,8.7,1,2.7,71.7,1,76.4,81.82,Regular
STU0020,Male,21,Computer Engineering,Third Year,Fifth Semester,Computer Networks,9,5,68.82,63.0,13.6,8.7,0,2.7,69.5,1,92.5,55.56,Defaulter
STU0020,Male,21,Computer Engineering,Third Year,Fifth Semester,Computer Networks,11,7,68.82,63.0,12.4,8.7,2,2.7,63.3,0,52.1,63.64,Defaulter
STU0020,Male,21,Computer Engineering,Third Year,Fifth Semester,Computer Networks,8,4,68.82,63.0,6.0,8.7,2,2.7,65.0,1,93.5,50.0,Defaulter
STU0020,Male,21,Computer Engineering,Third Year,Fifth Semester,Theory of Computation,9,5,62.45,50.7,13.9,8.7,1,2.7,69.2,1,74.7,55.56,Defaulter
STU0020,Male,21,Computer Engineering,Third Year,Fifth Semester,Theory of Computation,11,7,62.45,50.7,14.9,8.7,1,2.7,65.2,1,88.5,63.64,Defaulter
STU0020,Male,21,Computer Engineering,Third Year,Fifth Semester,Theory of Computation,8,4,62.45,50.7,10.6,8.7,1,2.7,64.7,1,66.2,50.0,Defaulter
STU0020,Male,21,Computer Engineering,Third Year,Fifth Semester,Theory of Computation,8,4,62.45,50.7,14.6,8.7,2,2.7,63.7,0,97.1,50.0,Defaulter
STU0020,Male,21,Computer Engineering,Third Year,Fifth Semester,Software Engineering,9,5,60.72,44.5,3.7,8.7,1,2.7,63.8,1,65.8,55.56,Defaulter
STU0020,Male,21,Computer Engineering,Third Year,Fifth Semester,Software Engineering,10,9,60.72,44.5,15.4,8.7,0,2.7,66.6,3,70.0,90.0,Regular
STU0020,Male,21,Computer Engineering,Third Year,Fifth Semester,Software Engineering,10,7,60.72,44.5,3.1,8.7,0,2.7,65.7,2,73.9,70.0,Defaulter
STU0020,Male,21,Computer Engineering,Third Year,Fifth Semester,Software Engineering,9,6,60.72,44.5,14.5,8.7,0,2.7,66.1,1,58.5,66.67,Defaulter
STU0021,Male,21,Computer Engineering,Third Year,Fifth Semester,Data Structures & Algorithms,8,6,70.21,66.5,17.7,14.8,2,39.4,74.3,3,79.2,75.0,Regular
STU0021,Male,21,Computer Engineering,Third Year,Fifth Semester,Data Structures & Algorithms,9,7,70.21,66.5,12.1,14.8,2,39.4,78.0,2,61.0,77.78,Regular
STU0021,Male,21,Computer Engineering,Third Year,Fifth Semester,Data Structures & Algorithms,8,4,70.21,66.5,10.6,14.8,1,39.4,73.8,1,46.6,50.0,Defaulter
STU0021,Male,21,Computer Engineering,Third Year,Fifth Semester,Data Structures & Algorithms,12,9,70.21,66.5,16.9,14.8,1,39.4,75.1,2,64.1,75.0,Regular
STU0021,Male,21,Computer Engineering,Third Year,Fifth Semester,Database Management Systems,8,6,65.38,75.0,13.0,14.8,0,39.4,70.3,3,84.0,75.0,Regular
STU0021,Male,21,Computer Engineering,Third Year,Fifth Semester,Database Management Systems,12,8,65.38,75.0,11.5,14.8,1,39.4,75.8,3,81.6,66.67,Defaulter
STU0021,Male,21,Computer Engineering,Third Year,Fifth Semester,Database Management Systems,12,11,65.38,75.0,10.0,14.8,0,39.4,74.1,1,52.8,91.67,Regular
STU0021,Male,21,Computer Engineering,Third Year,Fifth Semester,Database Management Systems,10,7,65.38,75.0,13.6,14.8,0,39.4,75.5,2,69.2,70.0,Defaulter
STU0021,Male,21,Computer Engineering,Third Year,Fifth Semester,Computer Networks,9,9,75.88,80.8,15.9,14.8,2,39.4,79.1,0,67.8,100.0,Regular
STU0021,Male,21,Computer Engineering,Third Year,Fifth Semester,Computer Networks,11,8,75.88,80.8,12.4,14.8,0,39.4,78.0,0,75.0,72.73,Defaulter
STU0021,Male,21,Computer Engineering,Third Year,Fifth Semester,Computer Networks,12,11,75.88,80.8,19.6,14.8,2,39.4,72.4,2,67.0,91.67,Regular
STU0021,Male,21,Computer Engineering,Third Year,Fifth Semester,Computer Networks,12,10,75.88,80.8,8.4,14.8,2,39.4,79.4,1,63.2,83.33,Regular
STU0021,Male,21,Computer Engineering,Third Year,Fifth Semester,Theory of Computation,10,5,70.9,55.7,8.9,14.8,1,39.4,77.0,0,76.8,50.0,Defaulter
STU0021,Male,21,Computer Engineering,Third Year,Fifth Semester,Theory of Computation,9,9,70.9,55.7,18.0,14.8,3,39.4,77.5,3,60.8,100.0,Regular
STU0021,Male,21,Computer Engineering,Third Year,Fifth Semester,Theory of Computation,10,8,70.9,55.7,18.7,14.8,1,39.4,74.4,2,100.0,80.0,Regular
STU0021,Male,21,Computer Engineering,Third Year,Fifth Semester,Theory of Computation,11,9,70.9,55.7,11.7,14.8,0,39.4,77.7,1,78.2,81.82,Regular
STU0021,Male,21,Computer Engineering,Third Year,Fifth Semester,Software Engineering,11,9,77.07,72.9,14.6,14.8,3,39.4,82.2,2,64.9,81.82,Regular
STU0021,Male,21,Computer Engineering,Third Year,Fifth Semester,Software Engineering,11,8,77.07,72.9,10.2,14.8,0,39.4,72.4,4,62.0,72.73,Defaulter
STU0021,Male,21,Computer Engineering,Third Year,Fifth Semester,Software Engineering,12,8,77.07,72.9,15.2,14.8,2,39.4,76.4,2,65.8,66.67,Defaulter
STU0021,Male,21,Computer Engineering,Third Year,Fifth Semester,Software Engineering,12,12,77.07,72.9,15.0,14.8,1,39.4,77.9,3,53.1,100.0,Regular
STU0022,Male,20,Computer Engineering,Third Year,Fifth Semester,Data Structures & Algorithms,8,6,86.79,68.0,12.6,15.4,1,22.3,67.1,2,98.7,75.0,Regular
STU0022,Male,20,Computer Engineering,Third Year,Fifth Semester,Data Structures & Algorithms,10,9,86.79,68.0,17.7,15.4,0,22.3,66.0,3,74.4,90.0,Regular
STU0022,Male,20,Computer Engineering,Third Year,Fifth Semester,Data Structures & Algorithms,9,9,86.79,68.0,18.1,15.4,0,22.3,69.6,3,85.9,100.0,Regular
STU0022,Male,20,Computer Engineering,Third Year,Fifth Semester,Data Structures & Algorithms,12,10,86.79,68.0,16.4,15.4,1,22.3,69.4,3,80.3,83.33,Regular
STU0022,Male,20,Computer Engineering,Third Year,Fifth Semester,Database Management Systems,8,7,89.98,65.0,3.5,15.4,0,22.3,71.3,0,77.1,87.5,Regular
STU0022,Male,20,Computer Engineering,Third Year,Fifth Semester,Database Management Systems,11,11,89.98,65.0,19.2,15.4,2,22.3,73.9,1,62.4,100.0,Regular
STU0022,Male,20,Computer Engineering,Third Year,Fifth Semester,Database Management Systems,10,10,89.98,65.0,18.6,15.4,1,22.3,74.1,3,62.7,100.0,Regular
STU0022,Male,20,Computer Engineering,Third Year,Fifth Semester,Database Management Systems,9,9,89.98,65.0,19.0,15.4,0,22.3,70.5,2,83.9,100.0,Regular
STU0022,Male,20,Computer Engineering,Third Year,Fifth Semester,Computer Networks,12,12,90.06,79.1,18.2,15.4,0,22.3,75.5,2,53.1,100.0,Regular
STU0022,Male,20,Computer Engineering,Third Year,Fifth Semester,Computer Networks,9,7,90.06,79.1,12.3,15.4,0,22.3,76.6,2,61.2,77.78,Regular
STU0022,Male,20,Computer Engineering,Third Year,Fifth Semester,Computer Networks,11,8,90.06,79.1,24.0,15.4,1,22.3,74.1,0,71.1,72.73,Defaulter
STU0022,Male,20,Computer Engineering,Third Year,Fifth Semester,Computer Networks,9,9,90.06,79.1,19.6,15.4,0,22.3,68.5,0,58.8,100.0,Regular
STU0022,Male,20,Computer Engineering,Third Year,Fifth Semester,Theory of Computation,12,9,75.43,51.6,14.8,15.4,0,22.3,69.8,3,94.3,75.0,Regular
STU0022,Male,20,Computer Engineering,Third Year,Fifth Semester,Theory of Computation,8,8,75.43,51.6,17.9,15.4,2,22.3,68.8,1,66.2,100.0,Regular
STU0022,Male,20,Computer Engineering,Third Year,Fifth Semester,Theory of Computation,11,10,75.43,51.6,14.6,15.4,1,22.3,68.8,1,60.1,90.91,Regular
STU0022,Male,20,Computer Engineering,Third Year,Fifth Semester,Theory of Computation,9,6,75.43,51.6,10.6,15.4,1,22.3,70.3,5,29.0,66.67,Defaulter
STU0022,Male,20,Computer Engineering,Third Year,Fifth Semester,Software Engineering,11,11,91.66,68.8,19.5,15.4,0,22.3,71.9,1,95.8,100.0,Regular
STU0022,Male,20,Computer Engineering,Third Year,Fifth Semester,Software Engineering,9,7,91.66,68.8,11.5,15.4,0,22.3,74.9,3,60.5,77.78,Regular
STU0022,Male,20,Computer Engineering,Third Year,Fifth Semester,Software Engineering,10,9,91.66,68.8,13.2,15.4,2,22.3,71.6,0,87.3,90.0,Regular
STU0022,Male,20,Computer Engineering,Third Year,Fifth Semester,Software Engineering,10,10,91.66,68.8,16.0,15.4,1,22.3,73.3,3,57.1,100.0,Regular
STU0023,Female,19,Computer Engineering,Third Year,Fifth Semester,Data Structures & Algorithms,8,6,88.11,62.0,11.2,15.5,1,1.3,55.9,1,72.5,75.0,Regular
STU0023,Female,19,Computer Engineering,Third Year,Fifth Semester,Data Structures & Algorithms,10,7,88.11,62.0,12.4,15.5,1,1.3,63.1,2,75.2,70.0,Defaulter
STU0023,Female,19,Computer Engineering,Third Year,Fifth Semester,Data Structures & Algorithms,10,8,88.11,62.0,23.4,15.5,2,1.3,66.5,0,84.4,80.0,Regular
STU0023,Female,19,Computer Engineering,Third Year,Fifth Semester,Data Structures & Algorithms,8,7,88.11,62.0,14.7,15.5,0,1.3,66.4,2,74.0,87.5,Regular
STU0023,Female,19,Computer Engineering,Third Year,Fifth Semester,Database Management Systems,9,9,76.51,57.1,19.0,15.5,1,1.3,62.5,3,54.2,100.0,Regular
STU0023,Female,19,Computer Engineering,Third Year,Fifth Semester,Database Management Systems,9,8,76.51,57.1,27.4,15.5,0,1.3,67.3,2,54.2,88.89,Regular
STU0023,Female,19,Computer Engineering,Third Year,Fifth Semester,Database Management Systems,12,12,76.51,57.1,18.8,15.5,1,1.3,66.2,1,66.2,100.0,Regular
STU0023,Female,19,Computer Engineering,Third Year,Fifth Semester,Database Management Systems,8,6,76.51,57.1,8.3,15.5,2,1.3,64.3,1,75.0,75.0,Regular
STU0023,Female,19,Computer Engineering,Third Year,Fifth Semester,Computer Networks,9,9,74.23,54.4,20.3,15.5,0,1.3,63.8,0,81.7,100.0,Regular
STU0023,Female,19,Computer Engineering,Third Year,Fifth Semester,Computer Networks,12,12,74.23,54.4,14.5,15.5,4,1.3,64.1,1,78.7,100.0,Regular
STU0023,Female,19,Computer Engineering,Third Year,Fifth Semester,Computer Networks,11,9,74.23,54.4,9.4,15.5,1,1.3,64.0,2,63.8,81.82,Regular
STU0023,Female,19,Computer Engineering,Third Year,Fifth Semester,Computer Networks,10,8,74.23,54.4,15.1,15.5,0,1.3,62.7,2,48.0,80.0,Regular
STU0023,Female,19,Computer Engineering,Third Year,Fifth Semester,Theory of Computation,12,11,80.42,82.3,13.9,15.5,2,1.3,61.7,2,52.6,91.67,Regular
STU0023,Female,19,Computer Engineering,Third Year,Fifth Semester,Theory of Computation,10,7,80.42,82.3,9.7,15.5,0,1.3,61.1,2,73.0,70.0,Defaulter
STU0023,Female,19,Computer Engineering,Third Year,Fifth Semester,Theory of Computation,10,7,80.42,82.3,12.4,15.5,1,1.3,64.2,0,58.2,70.0,Defaulter
STU0023,Female,19,Computer Engineering,Third Year,Fifth Semester,Theory of Computation,9,7,80.42,82.3,13.2,15.5,2,1.3,62.5,1,59.7,77.78,Regular
STU0023,Female,19,Computer Engineering,Third Year,Fifth Semester,Software Engineering,11,10,83.56,51.6,18.4,15.5,0,1.3,70.6,1,64.7,90.91,Regular
STU0023,Female,19,Computer Engineering,Third Year,Fifth Semester,Software Engineering,9,8,83.56,51.6,11.3,15.5,1,1.3,66.9,1,62.9,88.89,Regular
STU0023,Female,19,Computer Engineering,Third Year,Fifth Semester,Software Engineering,12,11,83.56,51.6,12.1,15.5,2,1.3,63.1,0,77.1,91.67,Regular
STU0023,Female,19,Computer Engineering,Third Year,Fifth Semester,Software Engineering,9,8,83.56,51.6,22.4,15.5,1,1.3,61.6,1,52.4,88.89,Regular
STU0024,Female,23,Computer Engineering,Third Year,Fifth Semester,Data Structures & Algorithms,11,11,80.9,73.4,19.2,17.6,4,0.6,59.7,2,54.6,100.0,Regular
STU0024,Female,23,Computer Engineering,Third Year,Fifth Semester,Data Structures & Algorithms,10,9,80.9,73.4,13.1,17.6,0,0.6,56.0,2,71.6,90.0,Regular
STU0024,Female,23,Computer Engineering,Third Year,Fifth Semester,Data Structures & Algorithms,10,9,80.9,73.4,20.1,17.6,0,0.6,57.0,1,49.0,90.0,Regular
STU0024,Female,23,Computer Engineering,Third Year,Fifth Semester,Data Structures & Algorithms,12,12,80.9,73.4,22.8,17.6,0,0.6,66.4,2,55.4,100.0,Regular
STU0024,Female,23,Computer Engineering,Third Year,Fifth Semester,Database Management Systems,8,7,90.64,70.5,9.1,17.6,0,0.6,60.4,1,61.7,87.5,Regular
STU0024,Female,23,Computer Engineering,Third Year,Fifth Semester,Database Management Systems,10,8,90.64,70.5,13.8,17.6,1,0.6,64.6,1,83.5,80.0,Regular
STU0024,Female,23,Computer Engineering,Third Year,Fifth Semester,Database Management Systems,9,8,90.64,70.5,8.7,17.6,0,0.6,63.0,1,36.0,88.89,Regular
STU0024,Female,23,Computer Engineering,Third Year,Fifth Semester,Database Management Systems,10,8,90.64,70.5,11.7,17.6,1,0.6,60.2,3,52.3,80.0,Regular
STU0024,Female,23,Computer Engineering,Third Year,Fifth Semester,Computer Networks,12,12,89.26,72.5,7.0,17.6,2,0.6,56.1,3,73.1,100.0,Regular
STU0024,Female,23,Computer Engineering,Third Year,Fifth Semester,Computer Networks,9,9,89.26,72.5,12.2,17.6,0,0.6,63.7,1,62.1,100.0,Regular
STU0024,Female,23,Computer Engineering,Third Year,Fifth Semester,Computer Networks,10,9,89.26,72.5,13.9,17.6,0,0.6,58.5,3,70.8,90.0,Regular
STU0024,Female,23,Computer Engineering,Third Year,Fifth Semester,Computer Networks,11,9,89.26,72.5,13.5,17.6,1,0.6,56.2,0,44.5,81.82,Regular
STU0024,Female,23,Computer Engineering,Third Year,Fifth Semester,Theory of Computation,8,8,89.86,66.2,12.9,17.6,2,0.6,58.4,0,63.3,100.0,Regular
STU0024,Female,23,Computer Engineering,Third Year,Fifth Semester,Theory of Computation,9,7,89.86,66.2,9.2,17.6,1,0.6,60.7,4,68.1,77.78,Regular
STU0024,Female,23,Computer Engineering,Third Year,Fifth Semester,Theory of Computation,8,5,89.86,66.2,15.9,17.6,0,0.6,64.2,0,69.2,62.5,Defaulter
STU0024,Female,23,Computer Engineering,Third Year,Fifth Semester,Theory of Computation,11,8,89.86,66.2,15.9,17.6,0,0.6,62.3,2,56.8,72.73,Defaulter
STU0024,Female,23,Computer Engineering,Third Year,Fifth Semester,Software Engineering,9,9,74.23,53.0,13.8,17.6,2,0.6,61.3,1,58.3,100.0,Regular
STU0024,Female,23,Computer Engineering,Third Year,Fifth Semester,Software Engineering,11,10,74.23,53.0,15.3,17.6,1,0.6,63.6,0,53.2,90.91,Regular
STU0024,Female,23,Computer Engineering,Third Year,Fifth Semester,Software Engineering,8,7,74.23,53.0,14.6,17.6,2,0.6,61.1,1,62.3,87.5,Regular
STU0024,Female,23,Computer Engineering,Third Year,Fifth Semester,Software Engineering,12,12,74.23,53.0,16.9,17.6,0,0.6,59.1,2,83.6,100.0,Regular
STU0025,Female,22,Computer Engineering,Third Year,Fifth Semester,Data Structures & Algorithms,11,8,65.91,43.9,15.9,10.1,0,2.2,56.8,0,58.3,72.73,Defaulter
STU0025,Female,22,Computer Engineering,Third Year,Fifth Semester,Data Structures & Algorithms,8,8,65.91,43.9,19.2,10.1,1,2.2,64.3,1,66.0,100.0,Regular
STU0025,Female,22,Computer Engineering,Third Year,Fifth Semester,Data Structures & Algorithms,10,6,65.91,43.9,6.7,10.1,0,2.2,58.7,2,70.6,60.0,Defaulter
STU0025,Female,22,Computer Engineering,Third Year,Fifth Semester,Data Structures & Algorithms,8,7,65.91,43.9,14.2,10.1,2,2.2,62.9,2,96.3,87.5,Regular
STU0025,Female,22,Computer Engineering,Third Year,Fifth Semester,Database Management Systems,12,10,78.43,48.3,15.7,10.1,1,2.2,62.5,1,93.7,83.33,Regular
STU0025,Female,22,Computer Engineering,Third Year,Fifth Semester,Database Management Systems,9,8,78.43,48.3,17.1,10.1,0,2.2,62.3,4,64.8,88.89,Regular
STU0025,Female,22,Computer Engineering,Third Year,Fifth Semester,Database Management Systems,12,8,78.43,48.3,13.9,10.1,1,2.2,56.1,0,87.3,66.67,Defaulter
STU0025,Female,22,Computer Engineering,Third Year,Fifth Semester,Database Management Systems,11,8,78.43,48.3,19.4,10.1,4,2.2,62.6,3,59.6,72.73,Defaulter
STU0025,Female,22,Computer Engineering,Third Year,Fifth Semester,Computer Networks,8,4,68.43,29.1,15.5,10.1,2,2.2,63.3,2,100.0,50.0,Defaulter
STU0025,Female,22,Computer Engineering,Third Year,Fifth Semester,Computer Networks,9,6,68.43,29.1,10.3,10.1,1,2.2,55.9,1,92.3,66.67,Defaulter
STU0025,Female,22,Computer Engineering,Third Year,Fifth Semester,Computer Networks,11,7,68.43,29.1,11.1,10.1,2,2.2,61.1,1,79.9,63.64,Defaulter
STU0025,Female,22,Computer Engineering,Third Year,Fifth Semester,Computer Networks,11,8,68.43,29.1,8.9,10.1,1,2.2,61.3,2,85.0,72.73,Defaulter
STU0025,Female,22,Computer Engineering,Third Year,Fifth Semester,Theory of Computation,9,7,64.6,44.3,12.1,10.1,2,2.2,57.1,2,63.7,77.78,Regular
STU0025,Female,22,Computer Engineering,Third Year,Fifth Semester,Theory of Computation,8,6,64.6,44.3,16.5,10.1,2,2.2,63.8,1,89.1,75.0,Regular
STU0025,Female,22,Computer Engineering,Third Year,Fifth Semester,Theory of Computation,12,10,64.6,44.3,7.1,10.1,2,2.2,67.2,6,61.3,83.33,Regular
STU0025,Female,22,Computer Engineering,Third Year,Fifth Semester,Theory of Computation,9,6,64.6,44.3,11.0,10.1,0,2.2,60.5,0,58.2,66.67,Defaulter
STU0025,Female,22,Computer Engineering,Third Year,Fifth Semester,Software Engineering,9,7,78.74,43.3,18.2,10.1,0,2.2,62.1,1,86.9,77.78,Regular
STU0025,Female,22,Computer Engineering,Third Year,Fifth Semester,Software Engineering,11,7,78.74,43.3,11.1,10.1,1,2.2,57.4,2,77.8,63.64,Defaulter
STU0025,Female,22,Computer Engineering,Third Year,Fifth Semester,Software Engineering,9,7,78.74,43.3,16.1,10.1,0,2.2,55.1,3,45.9,77.78,Regular
STU0025,Female,22,Computer Engineering,Third Year,Fifth Semester,Software Engineering,9,7,78.74,43.3,11.0,10.1,0,2.2,55.6,2,59.4,77.78,Regular
STU0026,Female,22,Computer Engineering,Third Year,Fifth Semester,Data Structures & Algorithms,8,6,50.86,42.4,7.4,9.1,0,10.2,51.0,2,76.1,75.0,Regular
STU0026,Female,22,Computer Engineering,Third Year,Fifth Semester,Data Structures & Algorithms,10,4,50.86,42.4,10.9,9.1,1,10.2,54.1,1,100.0,40.0,Defaulter
STU0026,Female,22,Computer Engineering,Third Year,Fifth Semester,Data Structures & Algorithms,12,5,50.86,42.4,7.3,9.1,5,10.2,52.9,1,72.2,41.67,Defaulter
STU0026,Female,22,Computer Engineering,Third Year,Fifth Semester,Data Structures & Algorithms,10,7,50.86,42.4,15.5,9.1,1,10.2,57.0,1,69.6,70.0,Defaulter
STU0026,Female,22,Computer Engineering,Third Year,Fifth Semester,Database Management Systems,9,5,55.31,60.4,12.8,9.1,0,10.2,59.9,2,96.0,55.56,Defaulter
STU0026,Female,22,Computer Engineering,Third Year,Fifth Semester,Database Management Systems,12,5,55.31,60.4,9.6,9.1,1,10.2,57.1,1,97.0,41.67,Defaulter
STU0026,Female,22,Computer Engineering,Third Year,Fifth Semester,Database Management Systems,11,7,55.31,60.4,15.0,9.1,0,10.2,47.7,2,71.9,63.64,Defaulter
STU0026,Female,22,Computer Engineering,Third Year,Fifth Semester,Database Management Systems,8,4,55.31,60.4,6.3,9.1,1,10.2,54.7,1,61.0,50.0,Defaulter
STU0026,Female,22,Computer Engineering,Third Year,Fifth Semester,Computer Networks,8,5,56.94,38.9,3.5,9.1,3,10.2,59.8,2,74.7,62.5,Defaulter
STU0026,Female,22,Computer Engineering,Third Year,Fifth Semester,Computer Networks,8,3,56.94,38.9,14.0,9.1,0,10.2,51.9,2,68.9,37.5,Defaulter
STU0026,Female,22,Computer Engineering,Third Year,Fifth Semester,Computer Networks,11,7,56.94,38.9,11.4,9.1,1,10.2,57.5,1,85.9,63.64,Defaulter
STU0026,Female,22,Computer Engineering,Third Year,Fifth Semester,Computer Networks,10,4,56.94,38.9,4.5,9.1,1,10.2,53.0,0,50.0,40.0,Defaulter
STU0026,Female,22,Computer Engineering,Third Year,Fifth Semester,Theory of Computation,11,4,43.49,44.4,0.1,9.1,1,10.2,57.3,2,79.4,36.36,Defaulter
STU0026,Female,22,Computer Engineering,Third Year,Fifth Semester,Theory of Computation,10,3,43.49,44.4,10.2,9.1,1,10.2,53.9,3,44.6,30.0,Defaulter
STU0026,Female,22,Computer Engineering,Third Year,Fifth Semester,Theory of Computation,8,4,43.49,44.4,12.1,9.1,1,10.2,53.0,3,85.3,50.0,Defaulter
STU0026,Female,22,Computer Engineering,Third Year,Fifth Semester,Theory of Computation,12,4,43.49,44.4,9.8,9.1,0,10.2,54.1,3,59.0,33.33,Defaulter
STU0026,Female,22,Computer Engineering,Third Year,Fifth Semester,Software Engineering,11,6,57.04,70.0,5.5,9.1,0,10.2,53.6,1,60.6,54.55,Defaulter
STU0026,Female,22,Computer Engineering,Third Year,Fifth Semester,Software Engineering,8,4,57.04,70.0,10.9,9.1,2,10.2,51.7,0,88.6,50.0,Defaulter
STU0026,Female,22,Computer Engineering,Third Year,Fifth Semester,Software Engineering,9,4,57.04,70.0,13.2,9.1,1,10.2,57.6,4,40.3,44.44,Defaulter
STU0026,Female,22,Computer Engineering,Third Year,Fifth Semester,Software Engineering,12,7,57.04,70.0,14.1,9.1,1,10.2,58.2,3,82.9,58.33,Defaulter
STU0027,Male,21,Computer Engineering,Third Year,Fifth Semester,Data Structures & Algorithms,9,7,88.41,78.1,15.9,15.9,1,60.0,76.8,3,54.2,77.78,Regular
STU0027,Male,21,Computer Engineering,Third Year,Fifth Semester,Data Structures & Algorithms,12,10,88.41,78.1,15.1,15.9,0,60.0,72.6,3,54.2,83.33,Regular
STU0027,Male,21,Computer Engineering,Third Year,Fifth Semester,Data Structures & Algorithms,10,6,88.41,78.1,10.0,15.9,2,60.0,77.0,0,79.4,60.0,Defaulter
STU0027,Male,21,Computer Engineering,Third Year,Fifth Semester,Data Structures & Algorithms,11,8,88.41,78.1,11.1,15.9,0,60.0,75.0,0,58.1,72.73,Defaulter
STU0027,Male,21,Computer Engineering,Third Year,Fifth Semester,Database Management Systems,8,7,79.19,63.7,17.5,15.9,1,60.0,72.9,1,45.3,87.5,Regular
STU0027,Male,21,Computer Engineering,Third Year,Fifth Semester,Database Management Systems,10,8,79.19,63.7,12.8,15.9,2,60.0,72.4,1,80.2,80.0,Regular
STU0027,Male,21,Computer Engineering,Third Year,Fifth Semester,Database Management Systems,11,9,79.19,63.7,9.1,15.9,1,60.0,76.6,1,58.5,81.82,Regular
STU0027,Male,21,Computer Engineering,Third Year,Fifth Semester,Database Management Systems,11,9,79.19,63.7,15.4,15.9,2,60.0,76.6,3,75.9,81.82,Regular
STU0027,Male,21,Computer Engineering,Third Year,Fifth Semester,Computer Networks,9,9,77.38,68.2,21.9,15.9,0,60.0,72.9,2,79.0,100.0,Regular
STU0027,Male,21,Computer Engineering,Third Year,Fifth Semester,Computer Networks,9,8,77.38,68.2,16.7,15.9,1,60.0,76.1,3,100.0,88.89,Regular
STU0027,Male,21,Computer Engineering,Third Year,Fifth Semester,Computer Networks,11,8,77.38,68.2,15.1,15.9,0,60.0,75.4,0,68.0,72.73,Defaulter
STU0027,Male,21,Computer Engineering,Third Year,Fifth Semester,Computer Networks,12,12,77.38,68.2,16.6,15.9,1,60.0,76.3,5,76.2,100.0,Regular
STU0027,Male,21,Computer Engineering,Third Year,Fifth Semester,Theory of Computation,12,11,96.32,58.3,14.2,15.9,0,60.0,76.2,4,76.3,91.67,Regular
STU0027,Male,21,Computer Engineering,Third Year,Fifth Semester,Theory of Computation,8,7,96.32,58.3,15.0,15.9,2,60.0,74.2,4,49.8,87.5,Regular
STU0027,Male,21,Computer Engineering,Third Year,Fifth Semester,Theory of Computation,12,11,96.32,58.3,18.4,15.9,0,60.0,74.5,3,63.7,91.67,Regular
STU0027,Male,21,Computer Engineering,Third Year,Fifth Semester,Theory of Computation,11,9,96.32,58.3,14.9,15.9,0,60.0,69.7,1,80.6,81.82,Regular
STU0027,Male,21,Computer Engineering,Third Year,Fifth Semester,Software Engineering,9,3,82.41,81.2,8.7,15.9,0,60.0,74.8,2,85.0,33.33,Defaulter
STU0027,Male,21,Computer Engineering,Third Year,Fifth Semester,Software Engineering,12,7,82.41,81.2,12.3,15.9,0,60.0,73.6,0,79.4,58.33,Defaulter
STU0027,Male,21,Computer Engineering,Third Year,Fifth Semester,Software Engineering,9,8,82.41,81.2,23.0,15.9,3,60.0,74.3,5,61.2,88.89,Regular
STU0027,Male,21,Computer Engineering,Third Year,Fifth Semester,Software Engineering,11,7,82.41,81.2,10.1,15.9,1,60.0,74.5,3,86.0,63.64,Defaulter
STU0028,Female,23,Computer Engineering,Third Year,Fifth Semester,Data Structures & Algorithms,9,8,79.76,52.9,13.8,11.5,0,4.1,83.2,2,61.9,88.89,Regular
STU0028,Female,23,Computer Engineering,Third Year,Fifth Semester,Data Structures & Algorithms,11,9,79.76,52.9,15.7,11.5,0,4.1,85.5,1,63.9,81.82,Regular
STU0028,Female,23,Computer Engineering,Third Year,Fifth Semester,Data Structures & Algorithms,9,5,79.76,52.9,16.1,11.5,0,4.1,93.5,0,55.7,55.56,Defaulter
STU0028,Female,23,Computer Engineering,Third Year,Fifth Semester,Data Structures & Algorithms,12,9,79.76,52.9,12.4,11.5,1,4.1,82.6,2,60.2,75.0,Regular
STU0028,Female,23,Computer Engineering,Third Year,Fifth Semester,Database Management Systems,8,6,75.59,66.2,9.5,11.5,0,4.1,89.2,4,19.9,75.0,Regular
STU0028,Female,23,Computer Engineering,Third Year,Fifth Semester,Database Management Systems,8,8,75.59,66.2,12.0,11.5,0,4.1,89.5,1,86.6,100.0,Regular
STU0028,Female,23,Computer Engineering,Third Year,Fifth Semester,Database Management Systems,11,10,75.59,66.2,16.4,11.5,1,4.1,81.6,3,48.6,90.91,Regular
STU0028,Female,23,Computer Engineering,Third Year,Fifth Semester,Database Management Systems,10,8,75.59,66.2,19.9,11.5,1,4.1,90.1,0,77.2,80.0,Regular
STU0028,Female,23,Computer Engineering,Third Year,Fifth Semester,Computer Networks,10,9,65.07,66.1,18.5,11.5,0,4.1,87.7,3,58.2,90.0,Regular
STU0028,Female,23,Computer Engineering,Third Year,Fifth Semester,Computer Networks,8,7,65.07,66.1,17.0,11.5,0,4.1,77.9,4,75.1,87.5,Regular
STU0028,Female,23,Computer Engineering,Third Year,Fifth Semester,Computer Networks,8,7,65.07,66.1,13.4,11.5,1,4.1,93.1,0,62.2,87.5,Regular
STU0028,Female,23,Computer Engineering,Third Year,Fifth Semester,Computer Networks,12,9,65.07,66.1,14.1,11.5,1,4.1,95.7,0,87.8,75.0,Regular
STU0028,Female,23,Computer Engineering,Third Year,Fifth Semester,Theory of Computation,11,10,79.76,56.0,14.0,11.5,2,4.1,89.7,1,98.3,90.91,Regular
STU0028,Female,23,Computer Engineering,Third Year,Fifth Semester,Theory of Computation,9,6,79.76,56.0,9.1,11.5,3,4.1,88.7,2,100.0,66.67,Defaulter
STU0028,Female,23,Computer Engineering,Third Year,Fifth Semester,Theory of Computation,8,7,79.76,56.0,13.9,11.5,2,4.1,85.2,0,64.0,87.5,Regular
STU0028,Female,23,Computer Engineering,Third Year,Fifth Semester,Theory of Computation,9,7,79.76,56.0,11.8,11.5,1,4.1,86.9,2,82.3,77.78,Regular
STU0028,Female,23,Computer Engineering,Third Year,Fifth Semester,Software Engineering,12,10,79.45,52.1,13.5,11.5,0,4.1,82.4,0,66.7,83.33,Regular
STU0028,Female,23,Computer Engineering,Third Year,Fifth Semester,Software Engineering,10,8,79.45,52.1,18.3,11.5,0,4.1,88.7,2,73.3,80.0,Regular
STU0028,Female,23,Computer Engineering,Third Year,Fifth Semester,Software Engineering,9,7,79.45,52.1,6.1,11.5,1,4.1,88.1,2,65.5,77.78,Regular
STU0028,Female,23,Computer Engineering,Third Year,Fifth Semester,Software Engineering,8,7,79.45,52.1,21.5,11.5,0,4.1,91.1,2,69.4,87.5,Regular
STU0029,Male,21,Computer Engineering,Third Year,Fifth Semester,Data Structures & Algorithms,10,6,80.89,74.1,9.7,15.5,1,14.5,77.4,4,77.7,60.0,Defaulter
STU0029,Male,21,Computer Engineering,Third Year,Fifth Semester,Data Structures & Algorithms,11,6,80.89,74.1,8.7,15.5,4,14.5,75.4,0,70.4,54.55,Defaulter
STU0029,Male,21,Computer Engineering,Third Year,Fifth Semester,Data Structures & Algorithms,11,7,80.89,74.1,8.9,15.5,4,14.5,81.9,3,100.0,63.64,Defaulter
STU0029,Male,21,Computer Engineering,Third Year,Fifth Semester,Data Structures & Algorithms,8,6,80.89,74.1,16.8,15.5,1,14.5,79.3,0,89.0,75.0,Regular
STU0029,Male,21,Computer Engineering,Third Year,Fifth Semester,Database Management Systems,11,9,71.86,73.4,16.5,15.5,0,14.5,84.4,3,72.2,81.82,Regular
STU0029,Male,21,Computer Engineering,Third Year,Fifth Semester,Database Management Systems,9,6,71.86,73.4,12.2,15.5,1,14.5,78.7,2,79.2,66.67,Defaulter
STU0029,Male,21,Computer Engineering,Third Year,Fifth Semester,Database Management Systems,11,8,71.86,73.4,13.3,15.5,1,14.5,84.3,0,66.1,72.73,Defaulter
STU0029,Male,21,Computer Engineering,Third Year,Fifth Semester,Database Management Systems,10,10,71.86,73.4,13.2,15.5,0,14.5,81.0,1,84.3,100.0,Regular
STU0029,Male,21,Computer Engineering,Third Year,Fifth Semester,Computer Networks,8,6,74.58,72.9,13.4,15.5,0,14.5,81.5,0,52.1,75.0,Regular
STU0029,Male,21,Computer Engineering,Third Year,Fifth Semester,Computer Networks,12,9,74.58,72.9,15.9,15.5,0,14.5,70.9,0,80.6,75.0,Regular
STU0029,Male,21,Computer Engineering,Third Year,Fifth Semester,Computer Networks,8,4,74.58,72.9,12.4,15.5,0,14.5,72.4,0,100.0,50.0,Defaulter
STU0029,Male,21,Computer Engineering,Third Year,Fifth Semester,Computer Networks,9,7,74.58,72.9,6.8,15.5,1,14.5,81.5,0,55.4,77.78,Regular
STU0029,Male,21,Computer Engineering,Third Year,Fifth Semester,Theory of Computation,11,6,63.24,80.0,16.2,15.5,0,14.5,79.6,2,68.6,54.55,Defaulter
STU0029,Male,21,Computer Engineering,Third Year,Fifth Semester,Theory of Computation,10,9,63.24,80.0,18.0,15.5,1,14.5,79.2,0,90.9,90.0,Regular
STU0029,Male,21,Computer Engineering,Third Year,Fifth Semester,Theory of Computation,9,6,63.24,80.0,9.8,15.5,0,14.5,78.6,0,94.0,66.67,Defaulter
STU0029,Male,21,Computer Engineering,Third Year,Fifth Semester,Theory of Computation,8,7,63.24,80.0,5.8,15.5,0,14.5,72.8,2,62.1,87.5,Regular
STU0029,Male,21,Computer Engineering,Third Year,Fifth Semester,Software Engineering,12,7,79.83,70.0,4.6,15.5,0,14.5,75.1,0,73.3,58.33,Defaulter
STU0029,Male,21,Computer Engineering,Third Year,Fifth Semester,Software Engineering,8,6,79.83,70.0,13.3,15.5,0,14.5,80.4,4,67.0,75.0,Regular
STU0029,Male,21,Computer Engineering,Third Year,Fifth Semester,Software Engineering,9,7,79.83,70.0,17.1,15.5,0,14.5,78.7,3,87.0,77.78,Regular
STU0029,Male,21,Computer Engineering,Third Year,Fifth Semester,Software Engineering,8,6,79.83,70.0,6.7,15.5,1,14.5,81.8,3,59.7,75.0,Regular
STU0030,Male,21,Computer Engineering,Third Year,Fifth Semester,Data Structures & Algorithms,10,8,44.07,59.5,16.0,11.9,0,1.3,61.4,3,82.1,80.0,Regular
STU0030,Male,21,Computer Engineering,Third Year,Fifth Semester,Data Structures & Algorithms,9,5,44.07,59.5,4.6,11.9,2,1.3,54.5,1,83.3,55.56,Defaulter
STU0030,Male,21,Computer Engineering,Third Year,Fifth Semester,Data Structures & Algorithms,10,5,44.07,59.5,4.2,11.9,2,1.3,51.8,1,61.4,50.0,Defaulter
STU0030,Male,21,Computer Engineering,Third Year,Fifth Semester,Data Structures & Algorithms,11,6,44.07,59.5,14.2,11.9,0,1.3,59.9,1,78.0,54.55,Defaulter
STU0030,Male,21,Computer Engineering,Third Year,Fifth Semester,Database Management Systems,9,4,61.97,62.5,4.1,11.9,1,1.3,47.2,1,71.3,44.44,Defaulter
STU0030,Male,21,Computer Engineering,Third Year,Fifth Semester,Database Management Systems,11,9,61.97,62.5,11.2,11.9,1,1.3,50.9,3,52.8,81.82,Regular
STU0030,Male,21,Computer Engineering,Third Year,Fifth Semester,Database Management Systems,11,7,61.97,62.5,18.7,11.9,1,1.3,56.4,1,61.7,63.64,Defaulter
STU0030,Male,21,Computer Engineering,Third Year,Fifth Semester,Database Management Systems,10,7,61.97,62.5,16.6,11.9,2,1.3,55.9,2,97.9,70.0,Defaulter
STU0030,Male,21,Computer Engineering,Third Year,Fifth Semester,Computer Networks,12,9,60.71,53.5,10.6,11.9,1,1.3,56.3,0,58.8,75.0,Regular
STU0030,Male,21,Computer Engineering,Third Year,Fifth Semester,Computer Networks,8,6,60.71,53.5,8.2,11.9,1,1.3,58.0,0,100.0,75.0,Regular
STU0030,Male,21,Computer Engineering,Third Year,Fifth Semester,Computer Networks,11,6,60.71,53.5,8.7,11.9,1,1.3,54.6,2,66.6,54.55,Defaulter
STU0030,Male,21,Computer Engineering,Third Year,Fifth Semester,Computer Networks,10,6,60.71,53.5,14.4,11.9,2,1.3,53.6,7,85.3,60.0,Defaulter
STU0030,Male,21,Computer Engineering,Third Year,Fifth Semester,Theory of Computation,10,7,55.89,49.3,10.0,11.9,1,1.3,51.9,3,64.3,70.0,Defaulter
STU0030,Male,21,Computer Engineering,Third Year,Fifth Semester,Theory of Computation,12,9,55.89,49.3,14.6,11.9,1,1.3,54.8,3,27.3,75.0,Regular
STU0030,Male,21,Computer Engineering,Third Year,Fifth Semester,Theory of Computation,11,8,55.89,49.3,5.7,11.9,0,1.3,52.7,3,75.4,72.73,Defaulter
STU0030,Male,21,Computer Engineering,Third Year,Fifth Semester,Theory of Computation,12,7,55.89,49.3,0.1,11.9,1,1.3,58.0,1,63.9,58.33,Defaulter
STU0030,Male,21,Computer Engineering,Third Year,Fifth Semester,Software Engineering,8,6,49.33,58.4,12.6,11.9,3,1.3,52.8,4,78.9,75.0,Regular
STU0030,Male,21,Computer Engineering,Third Year,Fifth Semester,Software Engineering,12,7,49.33,58.4,16.5,11.9,0,1.3,59.2,2,43.9,58.33,Defaulter
STU0030,Male,21,Computer Engineering,Third Year,Fifth Semester,Software Engineering,11,8,49.33,58.4,10.6,11.9,2,1.3,55.0,3,65.4,72.73,Defaulter
STU0030,Male,21,Computer Engineering,Third Year,Fifth Semester,Software Engineering,10,5,49.33,58.4,12.6,11.9,3,1.3,54.9,1,65.2,50.0,Defaulter
STU0031,Female,21,Computer Engineering,Third Year,Fifth Semester,Data Structures & Algorithms,10,5,56.26,47.5,12.5,11.3,0,16.1,57.2,3,48.9,50.0,Defaulter
STU0031,Female,21,Computer Engineering,Third Year,Fifth Semester,Data Structures & Algorithms,8,3,56.26,47.5,11.3,11.3,0,16.1,64.1,1,94.8,37.5,Defaulter
STU0031,Female,21,Computer Engineering,Third Year,Fifth Semester,Data Structures & Algorithms,8,4,56.26,47.5,16.3,11.3,0,16.1,56.8,4,84.8,50.0,Defaulter
STU0031,Female,21,Computer Engineering,Third Year,Fifth Semester,Data Structures & Algorithms,9,5,56.26,47.5,5.5,11.3,0,16.1,56.9,3,70.8,55.56,Defaulter
STU0031,Female,21,Computer Engineering,Third Year,Fifth Semester,Database Management Systems,12,6,53.0,65.5,10.5,11.3,0,16.1,65.2,3,81.9,50.0,Defaulter
STU0031,Female,21,Computer Engineering,Third Year,Fifth Semester,Database Management Systems,8,5,53.0,65.5,2.6,11.3,3,16.1,64.0,0,49.5,62.5,Defaulter
STU0031,Female,21,Computer Engineering,Third Year,Fifth Semester,Database Management Systems,8,4,53.0,65.5,5.6,11.3,0,16.1,56.9,1,61.1,50.0,Defaulter
STU0031,Female,21,Computer Engineering,Third Year,Fifth Semester,Database Management Systems,11,3,53.0,65.5,0.0,11.3,1,16.1,57.1,2,66.2,27.27,Defaulter
STU0031,Female,21,Computer Engineering,Third Year,Fifth Semester,Computer Networks,11,5,56.94,75.1,13.2,11.3,2,16.1,62.0,0,74.7,45.45,Defaulter
STU0031,Female,21,Computer Engineering,Third Year,Fifth Semester,Computer Networks,12,9,56.94,75.1,21.3,11.3,1,16.1,61.1,4,62.0,75.0,Regular
STU0031,Female,21,Computer Engineering,Third Year,Fifth Semester,Computer Networks,9,4,56.94,75.1,6.3,11.3,1,16.1,54.9,1,66.0,44.44,Defaulter
STU0031,Female,21,Computer Engineering,Third Year,Fifth Semester,Computer Networks,12,4,56.94,75.1,0.0,11.3,1,16.1,57.9,3,80.0,33.33,Defaulter
STU0031,Female,21,Computer Engineering,Third Year,Fifth Semester,Theory of Computation,11,5,43.1,66.0,10.7,11.3,1,16.1,62.7,3,67.0,45.45,Defaulter
STU0031,Female,21,Computer Engineering,Third Year,Fifth Semester,Theory of Computation,11,6,43.1,66.0,14.4,11.3,0,16.1,60.4,2,65.9,54.55,Defaulter
STU0031,Female,21,Computer Engineering,Third Year,Fifth Semester,Theory of Computation,9,4,43.1,66.0,14.8,11.3,1,16.1,58.9,1,100.0,44.44,Defaulter
STU0031,Female,21,Computer Engineering,Third Year,Fifth Semester,Theory of Computation,8,4,43.1,66.0,6.4,11.3,1,16.1,57.6,2,63.8,50.0,Defaulter
STU0031,Female,21,Computer Engineering,Third Year,Fifth Semester,Software Engineering,12,9,55.09,42.4,19.4,11.3,1,16.1,56.1,0,68.9,75.0,Regular
STU0031,Female,21,Computer Engineering,Third Year,Fifth Semester,Software Engineering,9,5,55.09,42.4,10.0,11.3,0,16.1,57.2,1,49.7,55.56,Defaulter
STU0031,Female,21,Computer Engineering,Third Year,Fifth Semester,Software Engineering,10,6,55.09,42.4,7.0,11.3,1,16.1,65.6,4,59.6,60.0,Defaulter
STU0031,Female,21,Computer Engineering,Third Year,Fifth Semester,Software Engineering,10,5,55.09,42.4,5.0,11.3,3,16.1,60.2,1,68.5,50.0,Defaulter
STU0032,Male,20,Computer Engineering,Third Year,Fifth Semester,Data Structures & Algorithms,9,6,67.99,26.5,17.9,11.0,1,20.4,59.0,2,65.8,66.67,Defaulter
STU0032,Male,20,Computer Engineering,Third Year,Fifth Semester,Data Structures & Algorithms,10,7,67.99,26.5,11.8,11.0,0,20.4,65.0,1,84.4,70.0,Defaulter
STU0032,Male,20,Computer Engineering,Third Year,Fifth Semester,Data Structures & Algorithms,11,9,67.99,26.5,17.2,11.0,0,20.4,66.6,2,97.5,81.82,Regular
STU0032,Male,20,Computer Engineering,Third Year,Fifth Semester,Data Structures & Algorithms,12,8,67.99,26.5,10.2,11.0,1,20.4,59.7,2,69.7,66.67,Defaulter
STU0032,Male,20,Computer Engineering,Third Year,Fifth Semester,Database Management Systems,12,9,64.4,55.9,18.7,11.0,2,20.4,66.1,3,100.0,75.0,Regular
STU0032,Male,20,Computer Engineering,Third Year,Fifth Semester,Database Management Systems,11,8,64.4,55.9,14.1,11.0,0,20.4,55.4,2,69.2,72.73,Defaulter
STU0032,Male,20,Computer Engineering,Third Year,Fifth Semester,Database Management Systems,8,5,64.4,55.9,10.4,11.0,0,20.4,59.4,4,69.5,62.5,Defaulter
STU0032,Male,20,Computer Engineering,Third Year,Fifth Semester,Database Management Systems,8,4,64.4,55.9,13.0,11.0,1,20.4,61.6,1,38.4,50.0,Defaulter
STU0032,Male,20,Computer Engineering,Third Year,Fifth Semester,Computer Networks,12,9,69.58,57.7,19.3,11.0,0,20.4,60.0,1,85.6,75.0,Regular
STU0032,Male,20,Computer Engineering,Third Year,Fifth Semester,Computer Networks,10,6,69.58,57.7,8.2,11.0,1,20.4,58.3,3,46.7,60.0,Defaulter
STU0032,Male,20,Computer Engineering,Third Year,Fifth Semester,Computer Networks,9,6,69.58,57.7,12.9,11.0,1,20.4,65.0,1,73.4,66.67,Defaulter
STU0032,Male,20,Computer Engineering,Third Year,Fifth Semester,Computer Networks,9,7,69.58,57.7,15.5,11.0,0,20.4,60.8,0,65.4,77.78,Regular
STU0032,Male,20,Computer Engineering,Third Year,Fifth Semester,Theory of Computation,10,8,71.57,68.9,9.7,11.0,1,20.4,64.9,2,80.9,80.0,Regular
STU0032,Male,20,Computer Engineering,Third Year,Fifth Semester,Theory of Computation,12,7,71.57,68.9,10.3,11.0,3,20.4,59.7,2,68.0,58.33,Defaulter
STU0032,Male,20,Computer Engineering,Third Year,Fifth Semester,Theory of Computation,8,6,71.57,68.9,12.6,11.0,0,20.4,60.3,2,77.4,75.0,Regular
STU0032,Male,20,Computer Engineering,Third Year,Fifth Semester,Theory of Computation,8,6,71.57,68.9,15.9,11.0,0,20.4,59.6,1,50.1,75.0,Regular
STU0032,Male,20,Computer Engineering,Third Year,Fifth Semester,Software Engineering,8,5,72.27,68.1,10.9,11.0,0,20.4,63.2,0,44.4,62.5,Defaulter
STU0032,Male,20,Computer Engineering,Third Year,Fifth Semester,Software Engineering,9,4,72.27,68.1,6.2,11.0,0,20.4,59.8,3,74.6,44.44,Defaulter
STU0032,Male,20,Computer Engineering,Third Year,Fifth Semester,Software Engineering,9,6,72.27,68.1,18.9,11.0,0,20.4,58.7,3,67.7,66.67,Defaulter
STU0032,Male,20,Computer Engineering,Third Year,Fifth Semester,Software Engineering,12,9,72.27,68.1,17.0,11.0,1,20.4,63.6,3,69.1,75.0,Regular
STU0033,Female,19,Computer Engineering,Third Year,Fifth Semester,Data Structures & Algorithms,10,6,53.67,32.7,11.1,12.4,1,22.7,59.3,2,60.6,60.0,Defaulter
STU0033,Female,19,Computer Engineering,Third Year,Fifth Semester,Data Structures & Algorithms,11,5,53.67,32.7,13.9,12.4,2,22.7,60.7,2,59.5,45.45,Defaulter
STU0033,Female,19,Computer Engineering,Third Year,Fifth Semester,Data Structures & Algorithms,10,5,53.67,32.7,3.7,12.4,1,22.7,59.0,3,78.8,50.0,Defaulter
STU0033,Female,19,Computer Engineering,Third Year,Fifth Semester,Data Structures & Algorithms,10,5,53.67,32.7,4.8,12.4,0,22.7,56.8,1,71.5,50.0,Defaulter
STU0033,Female,19,Computer Engineering,Third Year,Fifth Semester,Database Management Systems,9,4,46.45,65.9,3.6,12.4,0,22.7,54.3,2,87.1,44.44,Defaulter
STU0033,Female,19,Computer Engineering,Third Year,Fifth Semester,Database Management Systems,11,9,46.45,65.9,24.5,12.4,1,22.7,59.4,2,83.0,81.82,Regular
STU0033,Female,19,Computer Engineering,Third Year,Fifth Semester,Database Management Systems,9,5,46.45,65.9,12.1,12.4,2,22.7,58.5,1,100.0,55.56,Defaulter
STU0033,Female,19,Computer Engineering,Third Year,Fifth Semester,Database Management Systems,12,8,46.45,65.9,19.1,12.4,2,22.7,62.2,1,42.4,66.67,Defaulter
STU0033,Female,19,Computer Engineering,Third Year,Fifth Semester,Computer Networks,9,5,50.47,72.6,11.8,12.4,0,22.7,58.3,2,65.4,55.56,Defaulter
STU0033,Female,19,Computer Engineering,Third Year,Fifth Semester,Computer Networks,8,4,50.47,72.6,12.8,12.4,2,22.7,58.2,1,70.0,50.0,Defaulter
STU0033,Female,19,Computer Engineering,Third Year,Fifth Semester,Computer Networks,12,8,50.47,72.6,18.0,12.4,0,22.7,54.0,5,74.0,66.67,Defaulter
STU0033,Female,19,Computer Engineering,Third Year,Fifth Semester,Computer Networks,9,5,50.47,72.6,16.1,12.4,0,22.7,61.1,0,47.7,55.56,Defaulter
STU0033,Female,19,Computer Engineering,Third Year,Fifth Semester,Theory of Computation,10,8,41.85,68.8,7.5,12.4,0,22.7,61.7,2,79.5,80.0,Regular
STU0033,Female,19,Computer Engineering,Third Year,Fifth Semester,Theory of Computation,8,6,41.85,68.8,17.5,12.4,1,22.7,60.7,5,78.4,75.0,Regular
STU0033,Female,19,Computer Engineering,Third Year,Fifth Semester,Theory of Computation,8,5,41.85,68.8,11.2,12.4,1,22.7,61.2,2,69.0,62.5,Defaulter
STU0033,Female,19,Computer Engineering,Third Year,Fifth Semester,Theory of Computation,9,5,41.85,68.8,5.2,12.4,0,22.7,57.8,4,64.3,55.56,Defaulter
STU0033,Female,19,Computer Engineering,Third Year,Fifth Semester,Software Engineering,9,4,71.18,57.2,10.1,12.4,1,22.7,63.2,5,94.9,44.44,Defaulter
STU0033,Female,19,Computer Engineering,Third Year,Fifth Semester,Software Engineering,11,6,71.18,57.2,5.2,12.4,1,22.7,61.9,3,60.0,54.55,Defaulter
STU0033,Female,19,Computer Engineering,Third Year,Fifth Semester,Software Engineering,10,6,71.18,57.2,7.9,12.4,1,22.7,58.3,3,94.3,60.0,Defaulter
STU0033,Female,19,Computer Engineering,Third Year,Fifth Semester,Software Engineering,9,6,71.18,57.2,11.5,12.4,1,22.7,58.3,4,75.6,66.67,Defaulter
STU0034,Female,21,Computer Engineering,Third Year,Fifth Semester,Data Structures & Algorithms,12,9,73.95,54.9,11.3,14.9,0,23.0,79.0,2,53.9,75.0,Regular
STU0034,Female,21,Computer Engineering,Third Year,Fifth Semester,Data Structures & Algorithms,8,7,73.95,54.9,16.8,14.9,4,23.0,73.0,4,70.2,87.5,Regular
STU0034,Female,21,Computer Engineering,Third Year,Fifth Semester,Data Structures & Algorithms,10,9,73.95,54.9,15.8,14.9,1,23.0,71.1,2,80.1,90.0,Regular
STU0034,Female,21,Computer Engineering,Third Year,Fifth Semester,Data Structures & Algorithms,8,3,73.95,54.9,0.0,14.9,0,23.0,77.7,1,65.2,37.5,Defaulter
STU0034,Female,21,Computer Engineering,Third Year,Fifth Semester,Database Management Systems,12,9,73.48,52.8,9.5,14.9,0,23.0,72.0,0,77.7,75.0,Regular
STU0034,Female,21,Computer Engineering,Third Year,Fifth Semester,Database Management Systems,12,7,73.48,52.8,16.7,14.9,3,23.0,67.7,0,80.4,58.33,Defaulter
STU0034,Female,21,Computer Engineering,Third Year,Fifth Semester,Database Management Systems,12,9,73.48,52.8,18.1,14.9,1,23.0,72.0,2,62.2,75.0,Regular
STU0034,Female,21,Computer Engineering,Third Year,Fifth Semester,Database Management Systems,12,9,73.48,52.8,6.7,14.9,0,23.0,71.6,2,72.6,75.0,Regular
STU0034,Female,21,Computer Engineering,Third Year,Fifth Semester,Computer Networks,8,5,66.39,65.3,9.8,14.9,1,23.0,68.4,1,71.5,62.5,Defaulter
STU0034,Female,21,Computer Engineering,Third Year,Fifth Semester,Computer Networks,12,7,66.39,65.3,4.7,14.9,1,23.0,72.2,4,70.6,58.33,Defaulter
STU0034,Female,21,Computer Engineering,Third Year,Fifth Semester,Computer Networks,8,6,66.39,65.3,11.1,14.9,0,23.0,68.1,4,64.7,75.0,Regular
STU0034,Female,21,Computer Engineering,Third Year,Fifth Semester,Computer Networks,11,10,66.39,65.3,10.7,14.9,0,23.0,68.0,1,54.3,90.91,Regular
STU0034,Female,21,Computer Engineering,Third Year,Fifth Semester,Theory of Computation,12,7,71.99,58.1,13.8,14.9,0,23.0,71.7,4,66.9,58.33,Defaulter
STU0034,Female,21,Computer Engineering,Third Year,Fifth Semester,Theory of Computation,11,7,71.99,58.1,3.4,14.9,1,23.0,77.9,0,89.2,63.64,Defaulter
STU0034,Female,21,Computer Engineering,Third Year,Fifth Semester,Theory of Computation,9,8,71.99,58.1,19.1,14.9,2,23.0,73.9,2,64.6,88.89,Regular
STU0034,Female,21,Computer Engineering,Third Year,Fifth Semester,Theory of Computation,9,6,71.99,58.1,11.2,14.9,0,23.0,76.4,1,77.3,66.67,Defaulter
STU0034,Female,21,Computer Engineering,Third Year,Fifth Semester,Software Engineering,11,11,75.7,80.1,22.3,14.9,2,23.0,76.8,5,44.7,100.0,Regular
STU0034,Female,21,Computer Engineering,Third Year,Fifth Semester,Software Engineering,12,8,75.7,80.1,10.2,14.9,1,23.0,73.0,4,61.6,66.67,Defaulter
STU0034,Female,21,Computer Engineering,Third Year,Fifth Semester,Software Engineering,10,7,75.7,80.1,15.4,14.9,2,23.0,67.6,0,77.5,70.0,Defaulter
STU0034,Female,21,Computer Engineering,Third Year,Fifth Semester,Software Engineering,8,5,75.7,80.1,8.4,14.9,0,23.0,71.0,2,44.7,62.5,Defaulter
STU0035,Female,23,Computer Engineering,Third Year,Fifth Semester,Data Structures & Algorithms,9,6,70.55,46.3,10.4,13.4,0,17.0,78.0,4,72.0,66.67,Defaulter
STU0035,Female,23,Computer Engineering,Third Year,Fifth Semester,Data Structures & Algorithms,8,5,70.55,46.3,14.3,13.4,0,17.0,73.9,3,78.1,62.5,Defaulter
STU0035,Female,23,Computer Engineering,Third Year,Fifth Semester,Data Structures & Algorithms,9,7,70.55,46.3,12.4,13.4,2,17.0,70.5,0,87.6,77.78,Regular
STU0035,Female,23,Computer Engineering,Third Year,Fifth Semester,Data Structures & Algorithms,11,8,70.55,46.3,17.7,13.4,0,17.0,76.1,1,72.3,72.73,Defaulter
STU0035,Female,23,Computer Engineering,Third Year,Fifth Semester,Database Management Systems,9,7,76.86,63.6,21.0,13.4,0,17.0,82.2,1,41.1,77.78,Regular
STU0035,Female,23,Computer Engineering,Third Year,Fifth Semester,Database Management Systems,9,6,76.86,63.6,18.0,13.4,1,17.0,75.7,2,95.3,66.67,Defaulter
STU0035,Female,23,Computer Engineering,Third Year,Fifth Semester,Database Management Systems,8,4,76.86,63.6,8.7,13.4,0,17.0,67.6,3,88.9,50.0,Defaulter
STU0035,Female,23,Computer Engineering,Third Year,Fifth Semester,Database Management Systems,10,8,76.86,63.6,13.1,13.4,2,17.0,77.0,0,67.8,80.0,Regular
STU0035,Female,23,Computer Engineering,Third Year,Fifth Semester,Computer Networks,11,7,77.85,60.0,14.8,13.4,2,17.0,70.5,2,89.8,63.64,Defaulter
STU0035,Female,23,Computer Engineering,Third Year,Fifth Semester,Computer Networks,10,7,77.85,60.0,11.9,13.4,2,17.0,74.0,1,67.0,70.0,Defaulter
STU0035,Female,23,Computer Engineering,Third Year,Fifth Semester,Computer Networks,8,6,77.85,60.0,15.8,13.4,0,17.0,75.0,1,88.7,75.0,Regular
STU0035,Female,23,Computer Engineering,Third Year,Fifth Semester,Computer Networks,12,6,77.85,60.0,8.5,13.4,3,17.0,73.2,4,78.3,50.0,Defaulter
STU0035,Female,23,Computer Engineering,Third Year,Fifth Semester,Theory of Computation,12,9,66.16,53.2,14.1,13.4,1,17.0,84.3,2,61.1,75.0,Regular
STU0035,Female,23,Computer Engineering,Third Year,Fifth Semester,Theory of Computation,11,8,66.16,53.2,7.6,13.4,0,17.0,73.8,0,84.5,72.73,Defaulter
STU0035,Female,23,Computer Engineering,Third Year,Fifth Semester,Theory of Computation,12,11,66.16,53.2,18.8,13.4,2,17.0,79.8,1,72.2,91.67,Regular
STU0035,Female,23,Computer Engineering,Third Year,Fifth Semester,Theory of Computation,12,10,66.16,53.2,15.8,13.4,2,17.0,73.2,0,73.5,83.33,Regular
STU0035,Female,23,Computer Engineering,Third Year,Fifth Semester,Software Engineering,9,7,74.14,61.1,14.7,13.4,0,17.0,73.4,1,68.7,77.78,Regular
STU0035,Female,23,Computer Engineering,Third Year,Fifth Semester,Software Engineering,8,5,74.14,61.1,17.4,13.4,1,17.0,75.4,2,67.0,62.5,Defaulter
STU0035,Female,23,Computer Engineering,Third Year,Fifth Semester,Software Engineering,10,7,74.14,61.1,13.4,13.4,1,17.0,72.7,0,55.5,70.0,Defaulter
STU0035,Female,23,Computer Engineering,Third Year,Fifth Semester,Software Engineering,10,7,74.14,61.1,8.3,13.4,0,17.0,76.9,4,53.8,70.0,Defaulter
STU0036,Female,19,Computer Engineering,Third Year,Fifth Semester,Data Structures & Algorithms,10,10,100.0,78.5,15.9,16.6,0,1.3,77.1,0,82.2,100.0,Regular
STU0036,Female,19,Computer Engineering,Third Year,Fifth Semester,Data Structures & Algorithms,9,9,100.0,78.5,16.8,16.6,0,1.3,74.8,1,54.8,100.0,Regular
STU0036,Female,19,Computer Engineering,Third Year,Fifth Semester,Data Structures & Algorithms,12,11,100.0,78.5,16.2,16.6,0,1.3,78.7,3,79.2,91.67,Regular
STU0036,Female,19,Computer Engineering,Third Year,Fifth Semester,Data Structures & Algorithms,12,10,100.0,78.5,15.5,16.6,2,1.3,75.8,1,87.0,83.33,Regular
STU0036,Female,19,Computer Engineering,Third Year,Fifth Semester,Database Management Systems,9,9,89.57,74.9,18.2,16.6,1,1.3,80.5,0,54.9,100.0,Regular
STU0036,Female,19,Computer Engineering,Third Year,Fifth Semester,Database Management Systems,12,8,89.57,74.9,7.5,16.6,0,1.3,77.7,1,84.5,66.67,Defaulter
STU0036,Female,19,Computer Engineering,Third Year,Fifth Semester,Database Management Systems,12,11,89.57,74.9,12.6,16.6,0,1.3,84.2,0,65.1,91.67,Regular
STU0036,Female,19,Computer Engineering,Third Year,Fifth Semester,Database Management Systems,12,10,89.57,74.9,20.6,16.6,4,1.3,77.6,0,76.7,83.33,Regular
STU0036,Female,19,Computer Engineering,Third Year,Fifth Semester,Computer Networks,11,11,98.63,89.7,20.7,16.6,3,1.3,77.0,0,65.9,100.0,Regular
STU0036,Female,19,Computer Engineering,Third Year,Fifth Semester,Computer Networks,9,9,98.63,89.7,14.2,16.6,2,1.3,83.8,1,63.7,100.0,Regular
STU0036,Female,19,Computer Engineering,Third Year,Fifth Semester,Computer Networks,9,9,98.63,89.7,25.1,16.6,1,1.3,78.5,2,66.4,100.0,Regular
STU0036,Female,19,Computer Engineering,Third Year,Fifth Semester,Computer Networks,8,8,98.63,89.7,18.3,16.6,1,1.3,80.2,2,63.0,100.0,Regular
STU0036,Female,19,Computer Engineering,Third Year,Fifth Semester,Theory of Computation,8,7,81.62,63.8,22.3,16.6,1,1.3,75.6,0,69.7,87.5,Regular
STU0036,Female,19,Computer Engineering,Third Year,Fifth Semester,Theory of Computation,12,11,81.62,63.8,12.8,16.6,3,1.3,76.1,3,62.8,91.67,Regular
STU0036,Female,19,Computer Engineering,Third Year,Fifth Semester,Theory of Computation,10,10,81.62,63.8,28.0,16.6,1,1.3,84.3,0,91.4,100.0,Regular
STU0036,Female,19,Computer Engineering,Third Year,Fifth Semester,Theory of Computation,11,9,81.62,63.8,12.8,16.6,0,1.3,80.9,2,70.8,81.82,Regular
STU0036,Female,19,Computer Engineering,Third Year,Fifth Semester,Software Engineering,9,9,81.32,84.0,20.5,16.6,3,1.3,75.2,2,64.2,100.0,Regular
STU0036,Female,19,Computer Engineering,Third Year,Fifth Semester,Software Engineering,9,9,81.32,84.0,15.7,16.6,1,1.3,79.4,0,69.3,100.0,Regular
STU0036,Female,19,Computer Engineering,Third Year,Fifth Semester,Software Engineering,10,10,81.32,84.0,23.4,16.6,2,1.3,75.2,4,40.0,100.0,Regular
STU0036,Female,19,Computer Engineering,Third Year,Fifth Semester,Software Engineering,11,10,81.32,84.0,16.1,16.6,0,1.3,78.9,5,47.6,90.91,Regular
STU0037,Female,23,Computer Engineering,Third Year,Fifth Semester,Data Structures & Algorithms,11,6,41.35,50.2,4.4,10.4,0,8.7,63.7,1,84.5,54.55,Defaulter
STU0037,Female,23,Computer Engineering,Third Year,Fifth Semester,Data Structures & Algorithms,8,4,41.35,50.2,9.7,10.4,2,8.7,68.4,4,73.9,50.0,Defaulter
STU0037,Female,23,Computer Engineering,Third Year,Fifth Semester,Data Structures & Algorithms,10,4,41.35,50.2,10.9,10.4,3,8.7,66.6,3,78.8,40.0,Defaulter
STU0037,Female,23,Computer Engineering,Third Year,Fifth Semester,Data Structures & Algorithms,11,6,41.35,50.2,4.0,10.4,1,8.7,70.3,2,91.6,54.55,Defaulter
STU0037,Female,23,Computer Engineering,Third Year,Fifth Semester,Database Management Systems,9,6,55.27,41.5,12.4,10.4,1,8.7,65.7,2,52.2,66.67,Defaulter
STU0037,Female,23,Computer Engineering,Third Year,Fifth Semester,Database Management Systems,11,7,55.27,41.5,12.3,10.4,1,8.7,62.7,0,32.6,63.64,Defaulter
STU0037,Female,23,Computer Engineering,Third Year,Fifth Semester,Database Management Systems,10,3,55.27,41.5,4.1,10.4,1,8.7,65.5,2,75.6,30.0,Defaulter
STU0037,Female,23,Computer Engineering,Third Year,Fifth Semester,Database Management Systems,10,6,55.27,41.5,7.6,10.4,1,8.7,66.4,1,83.4,60.0,Defaulter
STU0037,Female,23,Computer Engineering,Third Year,Fifth Semester,Computer Networks,8,3,55.52,53.2,4.2,10.4,3,8.7,66.4,2,68.0,37.5,Defaulter
STU0037,Female,23,Computer Engineering,Third Year,Fifth Semester,Computer Networks,8,1,55.52,53.2,0.7,10.4,2,8.7,65.4,1,48.7,12.5,Defaulter
STU0037,Female,23,Computer Engineering,Third Year,Fifth Semester,Computer Networks,10,3,55.52,53.2,1.1,10.4,2,8.7,65.8,3,61.1,30.0,Defaulter
STU0037,Female,23,Computer Engineering,Third Year,Fifth Semester,Computer Networks,12,6,55.52,53.2,6.1,10.4,0,8.7,62.4,2,85.5,50.0,Defaulter
STU0037,Female,23,Computer Engineering,Third Year,Fifth Semester,Theory of Computation,12,6,52.11,52.9,12.2,10.4,1,8.7,67.4,2,76.9,50.0,Defaulter
STU0037,Female,23,Computer Engineering,Third Year,Fifth Semester,Theory of Computation,10,4,52.11,52.9,13.2,10.4,0,8.7,71.2,0,79.5,40.0,Defaulter
STU0037,Female,23,Computer Engineering,Third Year,Fifth Semester,Theory of Computation,11,5,52.11,52.9,2.2,10.4,1,8.7,65.4,2,49.2,45.45,Defaulter
STU0037,Female,23,Computer Engineering,Third Year,Fifth Semester,Theory of Computation,11,4,52.11,52.9,5.0,10.4,1,8.7,65.3,1,74.8,36.36,Defaulter
STU0037,Female,23,Computer Engineering,Third Year,Fifth Semester,Software Engineering,9,5,55.3,56.0,10.5,10.4,2,8.7,64.2,3,76.6,55.56,Defaulter
STU0037,Female,23,Computer Engineering,Third Year,Fifth Semester,Software Engineering,8,3,55.3,56.0,5.3,10.4,2,8.7,58.2,1,78.9,37.5,Defaulter
STU0037,Female,23,Computer Engineering,Third Year,Fifth Semester,Software Engineering,10,4,55.3,56.0,9.0,10.4,0,8.7,65.9,2,91.5,40.0,Defaulter
STU0037,Female,23,Computer Engineering,Third Year,Fifth Semester,Software Engineering,10,6,55.3,56.0,14.6,10.4,0,8.7,64.6,0,87.9,60.0,Defaulter
STU0038,Male,23,Computer Engineering,Third Year,Fifth Semester,Data Structures & Algorithms,10,10,100.0,56.9,14.2,15.2,2,4.9,70.5,1,69.8,100.0,Regular
STU0038,Male,23,Computer Engineering,Third Year,Fifth Semester,Data Structures & Algorithms,9,8,100.0,56.9,19.7,15.2,1,4.9,73.2,2,81.9,88.89,Regular
STU0038,Male,23,Computer Engineering,Third Year,Fifth Semester,Data Structures & Algorithms,8,8,100.0,56.9,17.9,15.2,1,4.9,71.7,1,45.3,100.0,Regular
STU0038,Male,23,Computer Engineering,Third Year,Fifth Semester,Data Structures & Algorithms,11,11,100.0,56.9,21.3,15.2,1,4.9,74.7,1,67.3,100.0,Regular
STU0038,Male,23,Computer Engineering,Third Year,Fifth Semester,Database Management Systems,12,9,90.23,66.7,12.7,15.2,2,4.9,79.1,2,69.3,75.0,Regular
STU0038,Male,23,Computer Engineering,Third Year,Fifth Semester,Database Management Systems,10,10,90.23,66.7,16.4,15.2,0,4.9,71.2,1,48.7,100.0,Regular
STU0038,Male,23,Computer Engineering,Third Year,Fifth Semester,Database Management Systems,9,9,90.23,66.7,9.2,15.2,0,4.9,73.6,2,45.5,100.0,Regular
STU0038,Male,23,Computer Engineering,Third Year,Fifth Semester,Database Management Systems,8,8,90.23,66.7,20.5,15.2,1,4.9,71.3,1,73.7,100.0,Regular
STU0038,Male,23,Computer Engineering,Third Year,Fifth Semester,Computer Networks,11,10,100.0,60.4,20.7,15.2,0,4.9,74.3,1,100.0,90.91,Regular
STU0038,Male,23,Computer Engineering,Third Year,Fifth Semester,Computer Networks,12,12,100.0,60.4,22.1,15.2,0,4.9,73.1,0,49.5,100.0,Regular
STU0038,Male,23,Computer Engineering,Third Year,Fifth Semester,Computer Networks,12,11,100.0,60.4,13.5,15.2,0,4.9,68.1,0,68.1,91.67,Regular
STU0038,Male,23,Computer Engineering,Third Year,Fifth Semester,Computer Networks,8,7,100.0,60.4,9.7,15.2,4,4.9,75.9,0,51.8,87.5,Regular
STU0038,Male,23,Computer Engineering,Third Year,Fifth Semester,Theory of Computation,11,11,100.0,76.1,16.0,15.2,1,4.9,74.0,1,65.2,100.0,Regular
STU0038,Male,23,Computer Engineering,Third Year,Fifth Semester,Theory of Computation,9,8,100.0,76.1,23.0,15.2,0,4.9,78.1,2,86.5,88.89,Regular
STU0038,Male,23,Computer Engineering,Third Year,Fifth Semester,Theory of Computation,9,8,100.0,76.1,11.4,15.2,2,4.9,67.5,2,78.8,88.89,Regular
STU0038,Male,23,Computer Engineering,Third Year,Fifth Semester,Theory of Computation,11,10,100.0,76.1,22.8,15.2,1,4.9,70.8,3,54.8,90.91,Regular
STU0038,Male,23,Computer Engineering,Third Year,Fifth Semester,Software Engineering,9,8,100.0,56.9,15.9,15.2,1,4.9,66.3,1,77.0,88.89,Regular
STU0038,Male,23,Computer Engineering,Third Year,Fifth Semester,Software Engineering,8,7,100.0,56.9,19.2,15.2,0,4.9,74.3,1,59.0,87.5,Regular
STU0038,Male,23,Computer Engineering,Third Year,Fifth Semester,Software Engineering,10,10,100.0,56.9,19.2,15.2,1,4.9,75.1,4,60.7,100.0,Regular
STU0038,Male,23,Computer Engineering,Third Year,Fifth Semester,Software Engineering,10,10,100.0,56.9,17.8,15.2,0,4.9,77.4,1,69.0,100.0,Regular
STU0039,Male,20,Computer Engineering,Third Year,Fifth Semester,Data Structures & Algorithms,8,4,46.22,46.9,4.6,9.8,0,5.2,58.6,0,69.0,50.0,Defaulter
STU0039,Male,20,Computer Engineering,Third Year,Fifth Semester,Data Structures & Algorithms,12,6,46.22,46.9,8.2,9.8,5,5.2,54.0,5,88.7,50.0,Defaulter
STU0039,Male,20,Computer Engineering,Third Year,Fifth Semester,Data Structures & Algorithms,12,5,46.22,46.9,13.3,9.8,1,5.2,53.5,1,48.0,41.67,Defaulter
STU0039,Male,20,Computer Engineering,Third Year,Fifth Semester,Data Structures & Algorithms,11,7,46.22,46.9,6.4,9.8,1,5.2,54.8,0,77.5,63.64,Defaulter
STU0039,Male,20,Computer Engineering,Third Year,Fifth Semester,Database Management Systems,10,2,43.17,56.5,6.2,9.8,2,5.2,58.1,0,85.9,20.0,Defaulter
STU0039,Male,20,Computer Engineering,Third Year,Fifth Semester,Database Management Systems,12,8,43.17,56.5,7.8,9.8,1,5.2,64.0,2,100.0,66.67,Defaulter
STU0039,Male,20,Computer Engineering,Third Year,Fifth Semester,Database Management Systems,11,6,43.17,56.5,14.6,9.8,1,5.2,50.4,2,70.2,54.55,Defaulter
STU0039,Male,20,Computer Engineering,Third Year,Fifth Semester,Database Management Systems,9,4,43.17,56.5,5.0,9.8,0,5.2,53.1,1,76.3,44.44,Defaulter
STU0039,Male,20,Computer Engineering,Third Year,Fifth Semester,Computer Networks,11,8,54.13,55.7,6.3,9.8,2,5.2,53.9,5,64.2,72.73,Defaulter
STU0039,Male,20,Computer Engineering,Third Year,Fifth Semester,Computer Networks,9,4,54.13,55.7,7.3,9.8,0,5.2,55.9,3,69.6,44.44,Defaulter
STU0039,Male,20,Computer Engineering,Third Year,Fifth Semester,Computer Networks,12,7,54.13,55.7,8.9,9.8,1,5.2,54.1,3,94.3,58.33,Defaulter
STU0039,Male,20,Computer Engineering,Third Year,Fifth Semester,Computer Networks,8,3,54.13,55.7,4.3,9.8,1,5.2,56.4,1,62.3,37.5,Defaulter
STU0039,Male,20,Computer Engineering,Third Year,Fifth Semester,Theory of Computation,9,3,45.82,65.9,9.2,9.8,0,5.2,60.8,1,83.5,33.33,Defaulter
STU0039,Male,20,Computer Engineering,Third Year,Fifth Semester,Theory of Computation,8,3,45.82,65.9,3.8,9.8,1,5.2,59.4,1,29.4,37.5,Defaulter
STU0039,Male,20,Computer Engineering,Third Year,Fifth Semester,Theory of Computation,10,5,45.82,65.9,2.2,9.8,1,5.2,64.4,1,79.3,50.0,Defaulter
STU0039,Male,20,Computer Engineering,Third Year,Fifth Semester,Theory of Computation,8,4,45.82,65.9,13.5,9.8,1,5.2,51.7,2,57.5,50.0,Defaulter
STU0039,Male,20,Computer Engineering,Third Year,Fifth Semester,Software Engineering,8,5,62.15,44.0,8.3,9.8,1,5.2,59.8,4,78.5,62.5,Defaulter
STU0039,Male,20,Computer Engineering,Third Year,Fifth Semester,Software Engineering,9,5,62.15,44.0,9.4,9.8,0,5.2,61.4,1,63.4,55.56,Defaulter
STU0039,Male,20,Computer Engineering,Third Year,Fifth Semester,Software Engineering,11,8,62.15,44.0,13.0,9.8,0,5.2,58.6,1,67.8,72.73,Defaulter
STU0039,Male,20,Computer Engineering,Third Year,Fifth Semester,Software Engineering,11,6,62.15,44.0,9.0,9.8,3,5.2,59.5,1,67.1,54.55,Defaulter
STU0040,Male,22,Computer Engineering,Third Year,Fifth Semester,Data Structures & Algorithms,12,12,85.97,83.8,16.9,15.6,1,22.8,96.8,3,77.8,100.0,Regular
STU0040,Male,22,Computer Engineering,Third Year,Fifth Semester,Data Structures & Algorithms,9,8,85.97,83.8,16.0,15.6,1,22.8,99.7,1,68.9,88.89,Regular
STU0040,Male,22,Computer Engineering,Third Year,Fifth Semester,Data Structures & Algorithms,9,8,85.97,83.8,13.4,15.6,1,22.8,100.0,4,76.8,88.89,Regular
STU0040,Male,22,Computer Engineering,Third Year,Fifth Semester,Data Structures & Algorithms,8,8,85.97,83.8,22.9,15.6,1,22.8,100.0,0,40.2,100.0,Regular
STU0040,Male,22,Computer Engineering,Third Year,Fifth Semester,Database Management Systems,12,12,86.15,66.1,11.2,15.6,2,22.8,100.0,3,57.6,100.0,Regular
STU0040,Male,22,Computer Engineering,Third Year,Fifth Semester,Database Management Systems,9,7,86.15,66.1,17.0,15.6,1,22.8,100.0,3,72.1,77.78,Regular
STU0040,Male,22,Computer Engineering,Third Year,Fifth Semester,Database Management Systems,8,8,86.15,66.1,18.8,15.6,0,22.8,100.0,2,74.4,100.0,Regular
STU0040,Male,22,Computer Engineering,Third Year,Fifth Semester,Database Management Systems,8,7,86.15,66.1,16.3,15.6,1,22.8,91.3,0,75.8,87.5,Regular
STU0040,Male,22,Computer Engineering,Third Year,Fifth Semester,Computer Networks,9,9,84.87,78.9,21.5,15.6,1,22.8,100.0,1,59.9,100.0,Regular
STU0040,Male,22,Computer Engineering,Third Year,Fifth Semester,Computer Networks,8,8,84.87,78.9,23.5,15.6,1,22.8,100.0,2,78.7,100.0,Regular
STU0040,Male,22,Computer Engineering,Third Year,Fifth Semester,Computer Networks,10,10,84.87,78.9,13.7,15.6,1,22.8,100.0,2,73.2,100.0,Regular
STU0040,Male,22,Computer Engineering,Third Year,Fifth Semester,Computer Networks,12,10,84.87,78.9,14.8,15.6,1,22.8,99.4,3,50.9,83.33,Regular
STU0040,Male,22,Computer Engineering,Third Year,Fifth Semester,Theory of Computation,11,11,91.25,78.3,16.4,15.6,0,22.8,96.1,3,71.6,100.0,Regular
STU0040,Male,22,Computer Engineering,Third Year,Fifth Semester,Theory of Computation,8,7,91.25,78.3,14.9,15.6,0,22.8,100.0,0,98.4,87.5,Regular
STU0040,Male,22,Computer Engineering,Third Year,Fifth Semester,Theory of Computation,8,6,91.25,78.3,18.8,15.6,1,22.8,98.5,4,81.8,75.0,Regular
STU0040,Male,22,Computer Engineering,Third Year,Fifth Semester,Theory of Computation,9,7,91.25,78.3,16.9,15.6,3,22.8,98.4,1,84.8,77.78,Regular
STU0040,Male,22,Computer Engineering,Third Year,Fifth Semester,Software Engineering,11,11,86.14,81.5,23.3,15.6,2,22.8,100.0,1,54.6,100.0,Regular
STU0040,Male,22,Computer Engineering,Third Year,Fifth Semester,Software Engineering,9,9,86.14,81.5,13.8,15.6,0,22.8,100.0,2,86.9,100.0,Regular
STU0040,Male,22,Computer Engineering,Third Year,Fifth Semester,Software Engineering,12,9,86.14,81.5,13.0,15.6,1,22.8,100.0,0,80.2,75.0,Regular
STU0040,Male,22,Computer Engineering,Third Year,Fifth Semester,Software Engineering,9,8,86.14,81.5,13.1,15.6,0,22.8,99.4,3,70.6,88.89,Regular
STU0041,Male,19,Computer Engineering,Third Year,Fifth Semester,Data Structures & Algorithms,10,10,90.96,87.9,26.7,16.9,0,22.1,81.9,2,63.4,100.0,Regular
STU0041,Male,19,Computer Engineering,Third Year,Fifth Semester,Data Structures & Algorithms,9,8,90.96,87.9,14.7,16.9,1,22.1,84.7,3,99.4,88.89,Regular
STU0041,Male,19,Computer Engineering,Third Year,Fifth Semester,Data Structures & Algorithms,9,9,90.96,87.9,20.2,16.9,2,22.1,89.1,2,79.6,100.0,Regular
STU0041,Male,19,Computer Engineering,Third Year,Fifth Semester,Data Structures & Algorithms,8,8,90.96,87.9,15.8,16.9,1,22.1,85.5,4,42.8,100.0,Regular
STU0041,Male,19,Computer Engineering,Third Year,Fifth Semester,Database Management Systems,9,7,89.24,84.9,14.3,16.9,2,22.1,85.2,2,49.4,77.78,Regular
STU0041,Male,19,Computer Engineering,Third Year,Fifth Semester,Database Management Systems,8,7,89.24,84.9,11.3,16.9,0,22.1,89.3,2,55.5,87.5,Regular
STU0041,Male,19,Computer Engineering,Third Year,Fifth Semester,Database Management Systems,9,8,89.24,84.9,18.3,16.9,2,22.1,84.7,0,68.4,88.89,Regular
STU0041,Male,19,Computer Engineering,Third Year,Fifth Semester,Database Management Systems,10,10,89.24,84.9,17.3,16.9,1,22.1,80.5,1,73.2,100.0,Regular
STU0041,Male,19,Computer Engineering,Third Year,Fifth Semester,Computer Networks,12,12,87.99,76.1,16.4,16.9,1,22.1,82.0,2,73.0,100.0,Regular
STU0041,Male,19,Computer Engineering,Third Year,Fifth Semester,Computer Networks,12,11,87.99,76.1,14.4,16.9,3,22.1,84.1,5,72.1,91.67,Regular
STU0041,Male,19,Computer Engineering,Third Year,Fifth Semester,Computer Networks,11,11,87.99,76.1,13.3,16.9,1,22.1,92.3,0,77.4,100.0,Regular
STU0041,Male,19,Computer Engineering,Third Year,Fifth Semester,Computer Networks,10,10,87.99,76.1,22.5,16.9,0,22.1,85.2,1,81.4,100.0,Regular
STU0041,Male,19,Computer Engineering,Third Year,Fifth Semester,Theory of Computation,11,10,97.8,69.9,19.3,16.9,2,22.1,85.8,4,72.9,90.91,Regular
STU0041,Male,19,Computer Engineering,Third Year,Fifth Semester,Theory of Computation,12,10,97.8,69.9,14.7,16.9,0,22.1,82.2,1,87.8,83.33,Regular
STU0041,Male,19,Computer Engineering,Third Year,Fifth Semester,Theory of Computation,9,9,97.8,69.9,12.4,16.9,2,22.1,81.6,3,84.8,100.0,Regular
STU0041,Male,19,Computer Engineering,Third Year,Fifth Semester,Theory of Computation,9,8,97.8,69.9,17.8,16.9,0,22.1,78.4,3,67.7,88.89,Regular
STU0041,Male,19,Computer Engineering,Third Year,Fifth Semester,Software Engineering,12,11,99.7,66.4,15.6,16.9,0,22.1,90.7,2,100.0,91.67,Regular
STU0041,Male,19,Computer Engineering,Third Year,Fifth Semester,Software Engineering,11,11,99.7,66.4,23.1,16.9,0,22.1,88.5,1,45.1,100.0,Regular
STU0041,Male,19,Computer Engineering,Third Year,Fifth Semester,Software Engineering,12,11,99.7,66.4,11.6,16.9,2,22.1,80.2,5,83.4,91.67,Regular
STU0041,Male,19,Computer Engineering,Third Year,Fifth Semester,Software Engineering,9,8,99.7,66.4,6.4,16.9,0,22.1,83.1,2,56.8,88.89,Regular
STU0042,Male,22,Computer Engineering,Third Year,Fifth Semester,Data Structures & Algorithms,8,7,98.28,68.5,13.5,17.4,1,12.2,96.4,2,72.0,87.5,Regular
STU0042,Male,22,Computer Engineering,Third Year,Fifth Semester,Data Structures & Algorithms,11,10,98.28,68.5,20.0,17.4,0,12.2,86.3,1,100.0,90.91,Regular
STU0042,Male,22,Computer Engineering,Third Year,Fifth Semester,Data Structures & Algorithms,10,10,98.28,68.5,14.9,17.4,1,12.2,93.5,0,95.1,100.0,Regular
STU0042,Male,22,Computer Engineering,Third Year,Fifth Semester,Data Structures & Algorithms,8,8,98.28,68.5,16.6,17.4,2,12.2,88.8,2,78.0,100.0,Regular
STU0042,Male,22,Computer Engineering,Third Year,Fifth Semester,Database Management Systems,12,10,97.56,68.9,17.5,17.4,0,12.2,91.9,2,86.1,83.33,Regular
STU0042,Male,22,Computer Engineering,Third Year,Fifth Semester,Database Management Systems,9,9,97.56,68.9,20.8,17.4,0,12.2,95.3,3,67.1,100.0,Regular
STU0042,Male,22,Computer Engineering,Third Year,Fifth Semester,Database Management Systems,12,11,97.56,68.9,15.0,17.4,1,12.2,97.4,2,72.0,91.67,Regular
STU0042,Male,22,Computer Engineering,Third Year,Fifth Semester,Database Management Systems,8,8,97.56,68.9,18.3,17.4,1,12.2,94.8,0,75.0,100.0,Regular
STU0042,Male,22,Computer Engineering,Third Year,Fifth Semester,Computer Networks,9,8,97.41,62.6,12.1,17.4,0,12.2,96.4,2,82.3,88.89,Regular
STU0042,Male,22,Computer Engineering,Third Year,Fifth Semester,Computer Networks,9,9,97.41,62.6,12.7,17.4,0,12.2,93.7,1,53.5,100.0,Regular
STU0042,Male,22,Computer Engineering,Third Year,Fifth Semester,Computer Networks,9,9,97.41,62.6,21.0,17.4,1,12.2,94.3,3,66.0,100.0,Regular
STU0042,Male,22,Computer Engineering,Third Year,Fifth Semester,Computer Networks,9,9,97.41,62.6,14.8,17.4,0,12.2,93.4,0,79.0,100.0,Regular
STU0042,Male,22,Computer Engineering,Third Year,Fifth Semester,Theory of Computation,11,10,88.58,76.7,9.8,17.4,2,12.2,92.5,0,66.4,90.91,Regular
STU0042,Male,22,Computer Engineering,Third Year,Fifth Semester,Theory of Computation,11,10,88.58,76.7,20.9,17.4,1,12.2,90.2,0,64.4,90.91,Regular
STU0042,Male,22,Computer Engineering,Third Year,Fifth Semester,Theory of Computation,10,10,88.58,76.7,26.2,17.4,0,12.2,91.5,0,63.4,100.0,Regular
STU0042,Male,22,Computer Engineering,Third Year,Fifth Semester,Theory of Computation,10,10,88.58,76.7,26.0,17.4,1,12.2,89.9,0,73.4,100.0,Regular
STU0042,Male,22,Computer Engineering,Third Year,Fifth Semester,Software Engineering,10,9,82.03,62.4,10.3,17.4,0,12.2,91.1,0,51.2,90.0,Regular
STU0042,Male,22,Computer Engineering,Third Year,Fifth Semester,Software Engineering,8,7,82.03,62.4,13.3,17.4,2,12.2,90.9,4,69.9,87.5,Regular
STU0042,Male,22,Computer Engineering,Third Year,Fifth Semester,Software Engineering,8,7,82.03,62.4,15.5,17.4,1,12.2,93.1,1,81.7,87.5,Regular
STU0042,Male,22,Computer Engineering,Third Year,Fifth Semester,Software Engineering,9,9,82.03,62.4,18.4,17.4,1,12.2,89.6,2,83.7,100.0,Regular
STU0043,Female,22,Computer Engineering,Third Year,Fifth Semester,Data Structures & Algorithms,10,8,85.34,71.0,12.5,13.6,1,3.0,77.8,1,73.9,80.0,Regular
STU0043,Female,22,Computer Engineering,Third Year,Fifth Semester,Data Structures & Algorithms,11,11,85.34,71.0,23.4,13.6,0,3.0,81.7,2,62.1,100.0,Regular
STU0043,Female,22,Computer Engineering,Third Year,Fifth Semester,Data Structures & Algorithms,12,10,85.34,71.0,15.8,13.6,0,3.0,80.1,4,53.0,83.33,Regular
STU0043,Female,22,Computer Engineering,Third Year,Fifth Semester,Data Structures & Algorithms,12,8,85.34,71.0,8.0,13.6,1,3.0,79.6,3,41.1,66.67,Defaulter
STU0043,Female,22,Computer Engineering,Third Year,Fifth Semester,Database Management Systems,12,12,80.24,49.6,20.4,13.6,2,3.0,78.3,2,66.8,100.0,Regular
STU0043,Female,22,Computer Engineering,Third Year,Fifth Semester,Database Management Systems,12,10,80.24,49.6,15.1,13.6,0,3.0,77.0,2,83.2,83.33,Regular
STU0043,Female,22,Computer Engineering,Third Year,Fifth Semester,Database Management Systems,12,12,80.24,49.6,13.6,13.6,3,3.0,68.1,5,67.9,100.0,Regular
STU0043,Female,22,Computer Engineering,Third Year,Fifth Semester,Database Management Systems,12,11,80.24,49.6,16.6,13.6,2,3.0,77.0,1,82.3,91.67,Regular
STU0043,Female,22,Computer Engineering,Third Year,Fifth Semester,Computer Networks,9,8,78.87,59.7,22.0,13.6,0,3.0,79.4,1,73.6,88.89,Regular
STU0043,Female,22,Computer Engineering,Third Year,Fifth Semester,Computer Networks,8,8,78.87,59.7,19.0,13.6,2,3.0,80.4,3,67.9,100.0,Regular
STU0043,Female,22,Computer Engineering,Third Year,Fifth Semester,Computer Networks,9,8,78.87,59.7,15.6,13.6,1,3.0,75.3,1,72.2,88.89,Regular
STU0043,Female,22,Computer Engineering,Third Year,Fifth Semester,Computer Networks,10,7,78.87,59.7,15.1,13.6,1,3.0,80.5,1,79.6,70.0,Defaulter
STU0043,Female,22,Computer Engineering,Third Year,Fifth Semester,Theory of Computation,9,7,68.92,59.1,14.1,13.6,1,3.0,77.7,4,24.4,77.78,Regular
STU0043,Female,22,Computer Engineering,Third Year,Fifth Semester,Theory of Computation,8,6,68.92,59.1,14.4,13.6,0,3.0,74.8,3,73.7,75.0,Regular
STU0043,Female,22,Computer Engineering,Third Year,Fifth Semester,Theory of Computation,10,8,68.92,59.1,16.8,13.6,0,3.0,80.6,2,83.0,80.0,Regular
STU0043,Female,22,Computer Engineering,Third Year,Fifth Semester,Theory of Computation,9,9,68.92,59.1,16.7,13.6,1,3.0,82.3,1,70.1,100.0,Regular
STU0043,Female,22,Computer Engineering,Third Year,Fifth Semester,Software Engineering,12,11,82.95,56.8,14.6,13.6,2,3.0,82.4,1,58.2,91.67,Regular
STU0043,Female,22,Computer Engineering,Third Year,Fifth Semester,Software Engineering,9,7,82.95,56.8,19.7,13.6,1,3.0,81.6,2,64.8,77.78,Regular
STU0043,Female,22,Computer Engineering,Third Year,Fifth Semester,Software Engineering,11,11,82.95,56.8,15.4,13.6,0,3.0,79.5,2,85.3,100.0,Regular
STU0043,Female,22,Computer Engineering,Third Year,Fifth Semester,Software Engineering,12,10,82.95,56.8,14.0,13.6,1,3.0,78.7,2,76.9,83.33,Regular
STU0044,Male,20,Computer Engineering,Third Year,Fifth Semester,Data Structures & Algorithms,11,6,67.0,48.8,15.5,13.7,1,11.5,83.3,1,70.0,54.55,Defaulter
STU0044,Male,20,Computer Engineering,Third Year,Fifth Semester,Data Structures & Algorithms,10,7,67.0,48.8,16.1,13.7,0,11.5,75.3,1,64.5,70.0,Defaulter
STU0044,Male,20,Computer Engineering,Third Year,Fifth Semester,Data Structures & Algorithms,10,8,67.0,48.8,18.8,13.7,0,11.5,77.8,1,77.0,80.0,Regular
STU0044,Male,20,Computer Engineering,Third Year,Fifth Semester,Data Structures & Algorithms,12,9,67.0,48.8,13.5,13.7,1,11.5,78.3,4,51.6,75.0,Regular
STU0044,Male,20,Computer Engineering,Third Year,Fifth Semester,Database Management Systems,12,10,78.65,61.2,4.2,13.7,2,11.5,78.5,4,86.2,83.33,Regular
STU0044,Male,20,Computer Engineering,Third Year,Fifth Semester,Database Management Systems,8,6,78.65,61.2,19.0,13.7,0,11.5,79.8,2,82.3,75.0,Regular
STU0044,Male,20,Computer Engineering,Third Year,Fifth Semester,Database Management Systems,8,6,78.65,61.2,18.0,13.7,2,11.5,82.7,4,78.5,75.0,Regular
STU0044,Male,20,Computer Engineering,Third Year,Fifth Semester,Database Management Systems,12,9,78.65,61.2,13.1,13.7,1,11.5,78.7,0,82.0,75.0,Regular
STU0044,Male,20,Computer Engineering,Third Year,Fifth Semester,Computer Networks,9,6,75.75,60.8,12.8,13.7,1,11.5,77.0,0,43.2,66.67,Defaulter
STU0044,Male,20,Computer Engineering,Third Year,Fifth Semester,Computer Networks,10,6,75.75,60.8,16.5,13.7,0,11.5,76.2,0,72.1,60.0,Defaulter
STU0044,Male,20,Computer Engineering,Third Year,Fifth Semester,Computer Networks,10,8,75.75,60.8,6.4,13.7,3,11.5,81.1,3,93.5,80.0,Regular
STU0044,Male,20,Computer Engineering,Third Year,Fifth Semester,Computer Networks,12,10,75.75,60.8,10.2,13.7,1,11.5,73.9,2,63.1,83.33,Regular
STU0044,Male,20,Computer Engineering,Third Year,Fifth Semester,Theory of Computation,11,7,88.39,66.5,19.6,13.7,0,11.5,81.7,2,61.8,63.64,Defaulter
STU0044,Male,20,Computer Engineering,Third Year,Fifth Semester,Theory of Computation,11,10,88.39,66.5,8.9,13.7,0,11.5,78.2,0,53.5,90.91,Regular
STU0044,Male,20,Computer Engineering,Third Year,Fifth Semester,Theory of Computation,10,7,88.39,66.5,9.4,13.7,1,11.5,82.1,0,53.8,70.0,Defaulter
STU0044,Male,20,Computer Engineering,Third Year,Fifth Semester,Theory of Computation,12,10,88.39,66.5,22.2,13.7,1,11.5,73.7,2,81.5,83.33,Regular
STU0044,Male,20,Computer Engineering,Third Year,Fifth Semester,Software Engineering,9,8,82.67,67.7,21.2,13.7,2,11.5,78.0,2,96.0,88.89,Regular
STU0044,Male,20,Computer Engineering,Third Year,Fifth Semester,Software Engineering,9,8,82.67,67.7,8.0,13.7,4,11.5,76.8,3,78.6,88.89,Regular
STU0044,Male,20,Computer Engineering,Third Year,Fifth Semester,Software Engineering,8,7,82.67,67.7,18.2,13.7,1,11.5,75.3,3,65.3,87.5,Regular
STU0044,Male,20,Computer Engineering,Third Year,Fifth Semester,Software Engineering,8,7,82.67,67.7,10.1,13.7,1,11.5,81.4,2,91.6,87.5,Regular
STU0045,Male,19,Computer Engineering,Third Year,Fifth Semester,Data Structures & Algorithms,11,9,56.43,38.5,21.1,14.3,2,3.4,69.0,1,88.4,81.82,Regular
STU0045,Male,19,Computer Engineering,Third Year,Fifth Semester,Data Structures & Algorithms,10,8,56.43,38.5,9.0,14.3,1,3.4,68.2,1,60.3,80.0,Regular
STU0045,Male,19,Computer Engineering,Third Year,Fifth Semester,Data Structures & Algorithms,9,4,56.43,38.5,7.2,14.3,0,3.4,61.7,5,75.8,44.44,Defaulter
STU0045,Male,19,Computer Engineering,Third Year,Fifth Semester,Data Structures & Algorithms,8,5,56.43,38.5,5.9,14.3,3,3.4,65.7,3,77.4,62.5,Defaulter
STU0045,Male,19,Computer Engineering,Third Year,Fifth Semester,Database Management Systems,9,7,49.57,65.8,11.4,14.3,1,3.4,69.4,2,62.8,77.78,Regular
STU0045,Male,19,Computer Engineering,Third Year,Fifth Semester,Database Management Systems,10,6,49.57,65.8,14.4,14.3,0,3.4,65.4,3,52.1,60.0,Defaulter
STU0045,Male,19,Computer Engineering,Third Year,Fifth Semester,Database Management Systems,11,9,49.57,65.8,25.6,14.3,1,3.4,64.0,2,53.5,81.82,Regular
STU0045,Male,19,Computer Engineering,Third Year,Fifth Semester,Database Management Systems,11,8,49.57,65.8,19.0,14.3,2,3.4,66.3,0,60.8,72.73,Defaulter
STU0045,Male,19,Computer Engineering,Third Year,Fifth Semester,Computer Networks,9,7,65.94,85.1,9.7,14.3,2,3.4,72.3,1,70.6,77.78,Regular
STU0045,Male,19,Computer Engineering,Third Year,Fifth Semester,Computer Networks,9,7,65.94,85.1,18.7,14.3,0,3.4,63.4,2,54.1,77.78,Regular
STU0045,Male,19,Computer Engineering,Third Year,Fifth Semester,Computer Networks,12,10,65.94,85.1,10.4,14.3,2,3.4,61.2,2,58.2,83.33,Regular
STU0045,Male,19,Computer Engineering,Third Year,Fifth Semester,Computer Networks,11,7,65.94,85.1,7.7,14.3,2,3.4,67.0,1,68.1,63.64,Defaulter
STU0045,Male,19,Computer Engineering,Third Year,Fifth Semester,Theory of Computation,8,6,70.89,76.5,10.8,14.3,0,3.4,66.6,4,27.6,75.0,Regular
STU0045,Male,19,Computer Engineering,Third Year,Fifth Semester,Theory of Computation,8,6,70.89,76.5,11.2,14.3,1,3.4,64.3,3,65.7,75.0,Regular
STU0045,Male,19,Computer Engineering,Third Year,Fifth Semester,Theory of Computation,11,7,70.89,76.5,12.8,14.3,0,3.4,65.7,2,50.7,63.64,Defaulter
STU0045,Male,19,Computer Engineering,Third Year,Fifth Semester,Theory of Computation,8,6,70.89,76.5,6.4,14.3,1,3.4,65.0,1,62.8,75.0,Regular
STU0045,Male,19,Computer Engineering,Third Year,Fifth Semester,Software Engineering,9,6,74.83,68.3,8.7,14.3,1,3.4,67.6,2,78.7,66.67,Defaulter
STU0045,Male,19,Computer Engineering,Third Year,Fifth Semester,Software Engineering,12,8,74.83,68.3,10.8,14.3,0,3.4,55.5,0,48.9,66.67,Defaulter
STU0045,Male,19,Computer Engineering,Third Year,Fifth Semester,Software Engineering,12,7,74.83,68.3,12.1,14.3,1,3.4,65.0,2,61.1,58.33,Defaulter
STU0045,Male,19,Computer Engineering,Third Year,Fifth Semester,Software Engineering,9,6,74.83,68.3,15.8,14.3,1,3.4,64.8,3,63.8,66.67,Defaulter
STU0046,Male,23,Computer Engineering,Third Year,Fifth Semester,Data Structures & Algorithms,9,8,66.57,38.5,8.8,12.2,2,15.3,69.8,1,71.3,88.89,Regular
STU0046,Male,23,Computer Engineering,Third Year,Fifth Semester,Data Structures & Algorithms,11,8,66.57,38.5,12.4,12.2,3,15.3,72.9,1,60.0,72.73,Defaulter
STU0046,Male,23,Computer Engineering,Third Year,Fifth Semester,Data Structures & Algorithms,10,9,66.57,38.5,21.1,12.2,0,15.3,68.0,1,56.0,90.0,Regular
STU0046,Male,23,Computer Engineering,Third Year,Fifth Semester,Data Structures & Algorithms,10,9,66.57,38.5,19.9,12.2,1,15.3,72.7,3,69.0,90.0,Regular
STU0046,Male,23,Computer Engineering,Third Year,Fifth Semester,Database Management Systems,8,5,71.08,67.1,15.4,12.2,3,15.3,63.2,2,61.3,62.5,Defaulter
STU0046,Male,23,Computer Engineering,Third Year,Fifth Semester,Database Management Systems,11,6,71.08,67.1,9.9,12.2,2,15.3,69.9,1,53.1,54.55,Defaulter
STU0046,Male,23,Computer Engineering,Third Year,Fifth Semester,Database Management Systems,10,7,71.08,67.1,19.8,12.2,0,15.3,72.5,0,54.9,70.0,Defaulter
STU0046,Male,23,Computer Engineering,Third Year,Fifth Semester,Database Management Systems,11,4,71.08,67.1,4.8,12.2,0,15.3,64.8,3,100.0,36.36,Defaulter
STU0046,Male,23,Computer Engineering,Third Year,Fifth Semester,Computer Networks,8,5,82.66,58.5,11.1,12.2,1,15.3,67.8,3,51.6,62.5,Defaulter
STU0046,Male,23,Computer Engineering,Third Year,Fifth Semester,Computer Networks,10,8,82.66,58.5,14.9,12.2,0,15.3,71.2,2,83.1,80.0,Regular
STU0046,Male,23,Computer Engineering,Third Year,Fifth Semester,Computer Networks,8,6,82.66,58.5,10.5,12.2,0,15.3,68.6,3,66.3,75.0,Regular
STU0046,Male,23,Computer Engineering,Third Year,Fifth Semester,Computer Networks,10,9,82.66,58.5,29.1,12.2,0,15.3,65.3,2,55.2,90.0,Regular
STU0046,Male,23,Computer Engineering,Third Year,Fifth Semester,Theory of Computation,12,8,73.2,65.1,14.3,12.2,1,15.3,69.0,4,51.8,66.67,Defaulter
STU0046,Male,23,Computer Engineering,Third Year,Fifth Semester,Theory of Computation,9,7,73.2,65.1,13.2,12.2,2,15.3,65.3,3,67.2,77.78,Regular
STU0046,Male,23,Computer Engineering,Third Year,Fifth Semester,Theory of Computation,11,9,73.2,65.1,7.6,12.2,2,15.3,67.0,1,70.0,81.82,Regular
STU0046,Male,23,Computer Engineering,Third Year,Fifth Semester,Theory of Computation,8,6,73.2,65.1,6.8,12.2,0,15.3,66.3,2,86.8,75.0,Regular
STU0046,Male,23,Computer Engineering,Third Year,Fifth Semester,Software Engineering,10,8,77.66,55.9,14.1,12.2,2,15.3,69.3,1,49.1,80.0,Regular
STU0046,Male,23,Computer Engineering,Third Year,Fifth Semester,Software Engineering,9,6,77.66,55.9,7.9,12.2,0,15.3,61.9,3,80.2,66.67,Defaulter
STU0046,Male,23,Computer Engineering,Third Year,Fifth Semester,Software Engineering,10,5,77.66,55.9,3.3,12.2,0,15.3,67.5,4,72.5,50.0,Defaulter
STU0046,Male,23,Computer Engineering,Third Year,Fifth Semester,Software Engineering,12,8,77.66,55.9,12.6,12.2,0,15.3,66.5,1,71.2,66.67,Defaulter
STU0047,Male,21,Computer Engineering,Third Year,Fifth Semester,Data Structures & Algorithms,11,9,80.45,63.9,13.9,13.4,2,2.4,68.8,0,70.1,81.82,Regular
STU0047,Male,21,Computer Engineering,Third Year,Fifth Semester,Data Structures & Algorithms,9,7,80.45,63.9,20.4,13.4,1,2.4,68.6,1,63.0,77.78,Regular
STU0047,Male,21,Computer Engineering,Third Year,Fifth Semester,Data Structures & Algorithms,9,8,80.45,63.9,14.0,13.4,0,2.4,63.4,1,59.4,88.89,Regular
STU0047,Male,21,Computer Engineering,Third Year,Fifth Semester,Data Structures & Algorithms,11,7,80.45,63.9,14.5,13.4,3,2.4,70.8,2,84.0,63.64,Defaulter
STU0047,Male,21,Computer Engineering,Third Year,Fifth Semester,Database Management Systems,12,10,78.58,59.1,18.5,13.4,2,2.4,67.5,1,74.2,83.33,Regular
STU0047,Male,21,Computer Engineering,Third Year,Fifth Semester,Database Management Systems,10,9,78.58,59.1,15.9,13.4,2,2.4,67.4,3,54.6,90.0,Regular
STU0047,Male,21,Computer Engineering,Third Year,Fifth Semester,Database Management Systems,8,8,78.58,59.1,14.6,13.4,1,2.4,66.5,5,45.5,100.0,Regular
STU0047,Male,21,Computer Engineering,Third Year,Fifth Semester,Database Management Systems,8,7,78.58,59.1,13.4,13.4,1,2.4,71.0,2,81.4,87.5,Regular
STU0047,Male,21,Computer Engineering,Third Year,Fifth Semester,Computer Networks,12,11,77.53,57.6,11.8,13.4,1,2.4,67.0,1,49.2,91.67,Regular
STU0047,Male,21,Computer Engineering,Third Year,Fifth Semester,Computer Networks,12,9,77.53,57.6,11.8,13.4,3,2.4,68.4,0,55.7,75.0,Regular
STU0047,Male,21,Computer Engineering,Third Year,Fifth Semester,Computer Networks,11,9,77.53,57.6,14.3,13.4,1,2.4,66.9,5,56.8,81.82,Regular
STU0047,Male,21,Computer Engineering,Third Year,Fifth Semester,Computer Networks,9,8,77.53,57.6,14.9,13.4,0,2.4,68.6,3,79.6,88.89,Regular
STU0047,Male,21,Computer Engineering,Third Year,Fifth Semester,Theory of Computation,11,9,94.73,64.9,21.7,13.4,1,2.4,67.3,0,47.5,81.82,Regular
STU0047,Male,21,Computer Engineering,Third Year,Fifth Semester,Theory of Computation,8,5,94.73,64.9,13.9,13.4,1,2.4,68.4,2,49.1,62.5,Defaulter
STU0047,Male,21,Computer Engineering,Third Year,Fifth Semester,Theory of Computation,11,10,94.73,64.9,15.3,13.4,0,2.4,68.3,0,72.1,90.91,Regular
STU0047,Male,21,Computer Engineering,Third Year,Fifth Semester,Theory of Computation,8,7,94.73,64.9,11.9,13.4,1,2.4,69.9,2,40.8,87.5,Regular
STU0047,Male,21,Computer Engineering,Third Year,Fifth Semester,Software Engineering,8,8,71.52,67.8,22.3,13.4,1,2.4,72.4,2,69.8,100.0,Regular
STU0047,Male,21,Computer Engineering,Third Year,Fifth Semester,Software Engineering,8,6,71.52,67.8,12.8,13.4,2,2.4,68.7,0,96.0,75.0,Regular
STU0047,Male,21,Computer Engineering,Third Year,Fifth Semester,Software Engineering,10,5,71.52,67.8,11.5,13.4,1,2.4,72.4,4,66.3,50.0,Defaulter
STU0047,Male,21,Computer Engineering,Third Year,Fifth Semester,Software Engineering,8,7,71.52,67.8,13.7,13.4,1,2.4,66.5,0,45.3,87.5,Regular
STU0048,Female,23,Computer Engineering,Third Year,Fifth Semester,Data Structures & Algorithms,11,5,40.0,49.2,10.8,10.3,1,12.3,59.2,2,59.9,45.45,Defaulter
STU0048,Female,23,Computer Engineering,Third Year,Fifth Semester,Data Structures & Algorithms,9,6,40.0,49.2,16.1,10.3,2,12.3,59.5,1,100.0,66.67,Defaulter
STU0048,Female,23,Computer Engineering,Third Year,Fifth Semester,Data Structures & Algorithms,12,7,40.0,49.2,7.8,10.3,1,12.3,64.7,1,67.1,58.33,Defaulter
STU0048,Female,23,Computer Engineering,Third Year,Fifth Semester,Data Structures & Algorithms,11,6,40.0,49.2,4.8,10.3,1,12.3,60.2,0,80.2,54.55,Defaulter
STU0048,Female,23,Computer Engineering,Third Year,Fifth Semester,Database Management Systems,12,5,56.46,31.3,11.3,10.3,1,12.3,63.2,3,52.7,41.67,Defaulter
STU0048,Female,23,Computer Engineering,Third Year,Fifth Semester,Database Management Systems,8,3,56.46,31.3,9.0,10.3,1,12.3,58.8,2,59.4,37.5,Defaulter
STU0048,Female,23,Computer Engineering,Third Year,Fifth Semester,Database Management Systems,8,4,56.46,31.3,7.4,10.3,3,12.3,61.2,2,83.4,50.0,Defaulter
STU0048,Female,23,Computer Engineering,Third Year,Fifth Semester,Database Management Systems,8,5,56.46,31.3,14.2,10.3,3,12.3,65.6,1,82.5,62.5,Defaulter
STU0048,Female,23,Computer Engineering,Third Year,Fifth Semester,Computer Networks,12,6,58.97,70.4,3.5,10.3,2,12.3,63.7,1,68.4,50.0,Defaulter
STU0048,Female,23,Computer Engineering,Third Year,Fifth Semester,Computer Networks,8,1,58.97,70.4,3.0,10.3,0,12.3,66.0,0,81.7,12.5,Defaulter
STU0048,Female,23,Computer Engineering,Third Year,Fifth Semester,Computer Networks,9,5,58.97,70.4,12.1,10.3,1,12.3,60.9,1,78.5,55.56,Defaulter
STU0048,Female,23,Computer Engineering,Third Year,Fifth Semester,Computer Networks,10,5,58.97,70.4,6.7,10.3,2,12.3,56.8,1,85.3,50.0,Defaulter
STU0048,Female,23,Computer Engineering,Third Year,Fifth Semester,Theory of Computation,12,7,53.83,67.1,13.3,10.3,3,12.3,59.3,3,65.6,58.33,Defaulter
STU0048,Female,23,Computer Engineering,Third Year,Fifth Semester,Theory of Computation,9,4,53.83,67.1,9.1,10.3,3,12.3,69.6,1,69.9,44.44,Defaulter
STU0048,Female,23,Computer Engineering,Third Year,Fifth Semester,Theory of Computation,8,3,53.83,67.1,8.4,10.3,0,12.3,60.6,1,67.3,37.5,Defaulter
STU0048,Female,23,Computer Engineering,Third Year,Fifth Semester,Theory of Computation,11,6,53.83,67.1,14.4,10.3,0,12.3,64.5,2,65.2,54.55,Defaulter
STU0048,Female,23,Computer Engineering,Third Year,Fifth Semester,Software Engineering,11,9,54.05,61.4,12.4,10.3,1,12.3,65.1,2,61.5,81.82,Regular
STU0048,Female,23,Computer Engineering,Third Year,Fifth Semester,Software Engineering,8,5,54.05,61.4,11.1,10.3,0,12.3,58.8,1,66.7,62.5,Defaulter
STU0048,Female,23,Computer Engineering,Third Year,Fifth Semester,Software Engineering,11,3,54.05,61.4,8.3,10.3,1,12.3,55.6,0,83.4,27.27,Defaulter
STU0048,Female,23,Computer Engineering,Third Year,Fifth Semester,Software Engineering,12,6,54.05,61.4,10.8,10.3,0,12.3,60.4,4,41.9,50.0,Defaulter
STU0049,Female,22,Computer Engineering,Third Year,Fifth Semester,Data Structures & Algorithms,9,4,65.58,44.4,8.3,12.2,1,5.3,63.0,0,46.2,44.44,Defaulter
STU0049,Female,22,Computer Engineering,Third Year,Fifth Semester,Data Structures & Algorithms,10,5,65.58,44.4,7.0,12.2,1,5.3,49.6,3,84.4,50.0,Defaulter
STU0049,Female,22,Computer Engineering,Third Year,Fifth Semester,Data Structures & Algorithms,8,5,65.58,44.4,13.0,12.2,0,5.3,56.0,6,100.0,62.5,Defaulter
STU0049,Female,22,Computer Engineering,Third Year,Fifth Semester,Data Structures & Algorithms,8,6,65.58,44.4,1.2,12.2,0,5.3,53.6,1,50.5,75.0,Regular
STU0049,Female,22,Computer Engineering,Third Year,Fifth Semester,Database Management Systems,8,6,40.0,61.2,18.2,12.2,0,5.3,51.1,1,73.9,75.0,Regular
STU0049,Female,22,Computer Engineering,Third Year,Fifth Semester,Database Management Systems,11,7,40.0,61.2,4.9,12.2,2,5.3,60.2,0,59.6,63.64,Defaulter
STU0049,Female,22,Computer Engineering,Third Year,Fifth Semester,Database Management Systems,12,7,40.0,61.2,11.3,12.2,1,5.3,49.1,1,40.8,58.33,Defaulter
STU0049,Female,22,Computer Engineering,Third Year,Fifth Semester,Database Management Systems,11,6,40.0,61.2,9.0,12.2,0,5.3,55.5,5,39.9,54.55,Defaulter
STU0049,Female,22,Computer Engineering,Third Year,Fifth Semester,Computer Networks,9,5,46.68,53.2,3.4,12.2,1,5.3,56.3,2,77.0,55.56,Defaulter
STU0049,Female,22,Computer Engineering,Third Year,Fifth Semester,Computer Networks,10,6,46.68,53.2,9.7,12.2,1,5.3,54.1,1,71.4,60.0,Defaulter
STU0049,Female,22,Computer Engineering,Third Year,Fifth Semester,Computer Networks,11,4,46.68,53.2,6.0,12.2,2,5.3,53.4,4,59.6,36.36,Defaulter
STU0049,Female,22,Computer Engineering,Third Year,Fifth Semester,Computer Networks,11,6,46.68,53.2,12.1,12.2,1,5.3,58.4,2,82.0,54.55,Defaulter
STU0049,Female,22,Computer Engineering,Third Year,Fifth Semester,Theory of Computation,11,7,55.65,46.8,10.2,12.2,3,5.3,55.0,2,73.4,63.64,Defaulter
STU0049,Female,22,Computer Engineering,Third Year,Fifth Semester,Theory of Computation,8,3,55.65,46.8,7.1,12.2,0,5.3,58.3,1,38.4,37.5,Defaulter
STU0049,Female,22,Computer Engineering,Third Year,Fifth Semester,Theory of Computation,11,5,55.65,46.8,5.0,12.2,1,5.3,51.8,3,37.0,45.45,Defaulter
STU0049,Female,22,Computer Engineering,Third Year,Fifth Semester,Theory of Computation,11,8,55.65,46.8,21.3,12.2,0,5.3,58.8,3,60.8,72.73,Defaulter
STU0049,Female,22,Computer Engineering,Third Year,Fifth Semester,Software Engineering,8,5,49.65,49.5,8.7,12.2,0,5.3,54.4,1,68.0,62.5,Defaulter
STU0049,Female,22,Computer Engineering,Third Year,Fifth Semester,Software Engineering,8,6,49.65,49.5,11.3,12.2,2,5.3,58.2,3,69.1,75.0,Regular
STU0049,Female,22,Computer Engineering,Third Year,Fifth Semester,Software Engineering,11,6,49.65,49.5,8.3,12.2,1,5.3,51.6,0,76.9,54.55,Defaulter
STU0049,Female,22,Computer Engineering,Third Year,Fifth Semester,Software Engineering,9,3,49.65,49.5,7.0,12.2,0,5.3,51.7,1,100.0,33.33,Defaulter
STU0050,Female,22,Computer Engineering,Third Year,Fifth Semester,Data Structures & Algorithms,12,9,79.18,69.9,18.6,13.5,1,1.4,75.9,0,80.3,75.0,Regular
STU0050,Female,22,Computer Engineering,Third Year,Fifth Semester,Data Structures & Algorithms,11,9,79.18,69.9,15.7,13.5,0,1.4,72.3,1,66.8,81.82,Regular
STU0050,Female,22,Computer Engineering,Third Year,Fifth Semester,Data Structures & Algorithms,9,6,79.18,69.9,6.7,13.5,1,1.4,76.2,3,62.8,66.67,Defaulter
STU0050,Female,22,Computer Engineering,Third Year,Fifth Semester,Data Structures & Algorithms,9,8,79.18,69.9,19.2,13.5,0,1.4,84.1,1,80.2,88.89,Regular
STU0050,Female,22,Computer Engineering,Third Year,Fifth Semester,Database Management Systems,11,8,69.72,43.6,15.7,13.5,2,1.4,80.0,3,90.2,72.73,Defaulter
STU0050,Female,22,Computer Engineering,Third Year,Fifth Semester,Database Management Systems,8,6,69.72,43.6,4.9,13.5,0,1.4,76.6,1,59.3,75.0,Regular
STU0050,Female,22,Computer Engineering,Third Year,Fifth Semester,Database Management Systems,8,5,69.72,43.6,16.1,13.5,1,1.4,79.1,0,84.6,62.5,Defaulter
STU0050,Female,22,Computer Engineering,Third Year,Fifth Semester,Database Management Systems,10,8,69.72,43.6,17.3,13.5,3,1.4,81.6,0,60.0,80.0,Regular
STU0050,Female,22,Computer Engineering,Third Year,Fifth Semester,Computer Networks,10,7,74.76,62.1,13.3,13.5,0,1.4,75.8,1,46.4,70.0,Defaulter
STU0050,Female,22,Computer Engineering,Third Year,Fifth Semester,Computer Networks,9,8,74.76,62.1,16.3,13.5,0,1.4,79.3,1,82.3,88.89,Regular
STU0050,Female,22,Computer Engineering,Third Year,Fifth Semester,Computer Networks,12,10,74.76,62.1,18.0,13.5,3,1.4,75.1,3,69.9,83.33,Regular
STU0050,Female,22,Computer Engineering,Third Year,Fifth Semester,Computer Networks,9,8,74.76,62.1,13.8,13.5,0,1.4,77.7,1,78.3,88.89,Regular
STU0050,Female,22,Computer Engineering,Third Year,Fifth Semester,Theory of Computation,10,7,79.39,66.7,6.1,13.5,1,1.4,81.3,1,90.0,70.0,Defaulter
STU0050,Female,22,Computer Engineering,Third Year,Fifth Semester,Theory of Computation,9,7,79.39,66.7,22.6,13.5,2,1.4,76.1,2,68.4,77.78,Regular
STU0050,Female,22,Computer Engineering,Third Year,Fifth Semester,Theory of Computation,9,7,79.39,66.7,18.0,13.5,2,1.4,77.7,0,76.3,77.78,Regular
STU0050,Female,22,Computer Engineering,Third Year,Fifth Semester,Theory of Computation,10,7,79.39,66.7,3.8,13.5,0,1.4,83.8,4,72.5,70.0,Defaulter
STU0050,Female,22,Computer Engineering,Third Year,Fifth Semester,Software Engineering,8,4,80.44,62.6,4.5,13.5,3,1.4,71.4,4,61.0,50.0,Defaulter
STU0050,Female,22,Computer Engineering,Third Year,Fifth Semester,Software Engineering,8,7,80.44,62.6,15.5,13.5,0,1.4,77.3,1,67.9,87.5,Regular
STU0050,Female,22,Computer Engineering,Third Year,Fifth Semester,Software Engineering,8,7,80.44,62.6,16.1,13.5,0,1.4,76.1,3,53.6,87.5,Regular
STU0050,Female,22,Computer Engineering,Third Year,Fifth Semester,Software Engineering,12,7,80.44,62.6,11.7,13.5,2,1.4,76.2,2,52.8,58.33,Defaulter
STU0051,Female,22,Computer Engineering,Third Year,Fifth Semester,Data Structures & Algorithms,12,12,87.06,66.6,16.0,17.9,1,14.3,84.5,4,82.8,100.0,Regular
STU0051,Female,22,Computer Engineering,Third Year,Fifth Semester,Data Structures & Algorithms,11,8,87.06,66.6,10.7,17.9,1,14.3,86.0,2,82.7,72.73,Defaulter
STU0051,Female,22,Computer Engineering,Third Year,Fifth Semester,Data Structures & Algorithms,9,9,87.06,66.6,14.0,17.9,0,14.3,91.9,1,85.0,100.0,Regular
STU0051,Female,22,Computer Engineering,Third Year,Fifth Semester,Data Structures & Algorithms,11,10,87.06,66.6,14.6,17.9,1,14.3,87.3,2,77.2,90.91,Regular
STU0051,Female,22,Computer Engineering,Third Year,Fifth Semester,Database Management Systems,10,9,99.27,82.9,20.3,17.9,0,14.3,84.2,4,69.1,90.0,Regular
STU0051,Female,22,Computer Engineering,Third Year,Fifth Semester,Database Management Systems,10,10,99.27,82.9,14.1,17.9,1,14.3,89.2,1,68.9,100.0,Regular
STU0051,Female,22,Computer Engineering,Third Year,Fifth Semester,Database Management Systems,9,7,99.27,82.9,18.3,17.9,0,14.3,90.7,0,62.5,77.78,Regular
STU0051,Female,22,Computer Engineering,Third Year,Fifth Semester,Database Management Systems,9,7,99.27,82.9,12.0,17.9,0,14.3,92.1,2,62.2,77.78,Regular
STU0051,Female,22,Computer Engineering,Third Year,Fifth Semester,Computer Networks,12,10,83.72,74.5,25.8,17.9,0,14.3,89.2,4,60.6,83.33,Regular
STU0051,Female,22,Computer Engineering,Third Year,Fifth Semester,Computer Networks,11,9,83.72,74.5,10.1,17.9,1,14.3,88.7,1,57.2,81.82,Regular
STU0051,Female,22,Computer Engineering,Third Year,Fifth Semester,Computer Networks,10,9,83.72,74.5,15.5,17.9,0,14.3,88.0,2,74.9,90.0,Regular
STU0051,Female,22,Computer Engineering,Third Year,Fifth Semester,Computer Networks,10,9,83.72,74.5,8.9,17.9,1,14.3,88.4,2,69.2,90.0,Regular
STU0051,Female,22,Computer Engineering,Third Year,Fifth Semester,Theory of Computation,11,8,95.17,75.5,14.1,17.9,1,14.3,90.2,0,86.2,72.73,Defaulter
STU0051,Female,22,Computer Engineering,Third Year,Fifth Semester,Theory of Computation,9,7,95.17,75.5,14.8,17.9,1,14.3,89.2,2,68.1,77.78,Regular
STU0051,Female,22,Computer Engineering,Third Year,Fifth Semester,Theory of Computation,9,6,95.17,75.5,12.1,17.9,0,14.3,91.1,4,86.2,66.67,Defaulter
STU0051,Female,22,Computer Engineering,Third Year,Fifth Semester,Theory of Computation,8,8,95.17,75.5,17.3,17.9,0,14.3,85.2,0,58.0,100.0,Regular
STU0051,Female,22,Computer Engineering,Third Year,Fifth Semester,Software Engineering,9,9,96.09,74.7,16.9,17.9,2,14.3,88.1,0,62.0,100.0,Regular
STU0051,Female,22,Computer Engineering,Third Year,Fifth Semester,Software Engineering,10,9,96.09,74.7,20.7,17.9,3,14.3,88.4,1,86.7,90.0,Regular
STU0051,Female,22,Computer Engineering,Third Year,Fifth Semester,Software Engineering,9,8,96.09,74.7,14.3,17.9,0,14.3,88.2,2,65.1,88.89,Regular
STU0051,Female,22,Computer Engineering,Third Year,Fifth Semester,Software Engineering,10,10,96.09,74.7,21.3,17.9,2,14.3,91.4,3,66.1,100.0,Regular
STU0052,Male,19,Computer Engineering,Third Year,Fifth Semester,Data Structures & Algorithms,8,6,87.44,53.4,16.7,15.3,1,1.8,74.2,1,67.4,75.0,Regular
STU0052,Male,19,Computer Engineering,Third Year,Fifth Semester,Data Structures & Algorithms,9,7,87.44,53.4,18.5,15.3,2,1.8,75.2,2,69.4,77.78,Regular
STU0052,Male,19,Computer Engineering,Third Year,Fifth Semester,Data Structures & Algorithms,12,11,87.44,53.4,20.8,15.3,2,1.8,75.4,2,78.6,91.67,Regular
STU0052,Male,19,Computer Engineering,Third Year,Fifth Semester,Data Structures & Algorithms,8,7,87.44,53.4,16.3,15.3,0,1.8,78.7,2,48.0,87.5,Regular
STU0052,Male,19,Computer Engineering,Third Year,Fifth Semester,Database Management Systems,8,6,75.26,82.9,10.7,15.3,0,1.8,74.6,4,42.5,75.0,Regular
STU0052,Male,19,Computer Engineering,Third Year,Fifth Semester,Database Management Systems,12,9,75.26,82.9,12.6,15.3,4,1.8,73.8,0,39.7,75.0,Regular
STU0052,Male,19,Computer Engineering,Third Year,Fifth Semester,Database Management Systems,11,9,75.26,82.9,9.8,15.3,0,1.8,76.2,1,95.5,81.82,Regular
STU0052,Male,19,Computer Engineering,Third Year,Fifth Semester,Database Management Systems,12,10,75.26,82.9,12.0,15.3,2,1.8,71.5,3,48.3,83.33,Regular
STU0052,Male,19,Computer Engineering,Third Year,Fifth Semester,Computer Networks,11,8,74.71,86.5,10.4,15.3,3,1.8,74.7,3,78.6,72.73,Defaulter
STU0052,Male,19,Computer Engineering,Third Year,Fifth Semester,Computer Networks,11,9,74.71,86.5,16.2,15.3,1,1.8,75.0,2,46.9,81.82,Regular
STU0052,Male,19,Computer Engineering,Third Year,Fifth Semester,Computer Networks,9,8,74.71,86.5,16.6,15.3,0,1.8,79.8,2,81.7,88.89,Regular
STU0052,Male,19,Computer Engineering,Third Year,Fifth Semester,Computer Networks,10,8,74.71,86.5,7.8,15.3,2,1.8,79.3,2,52.2,80.0,Regular
STU0052,Male,19,Computer Engineering,Third Year,Fifth Semester,Theory of Computation,12,10,70.83,56.8,17.5,15.3,1,1.8,70.7,1,59.3,83.33,Regular
STU0052,Male,19,Computer Engineering,Third Year,Fifth Semester,Theory of Computation,9,6,70.83,56.8,8.8,15.3,2,1.8,78.5,5,57.3,66.67,Defaulter
STU0052,Male,19,Computer Engineering,Third Year,Fifth Semester,Theory of Computation,8,6,70.83,56.8,16.4,15.3,3,1.8,79.0,1,61.8,75.0,Regular
STU0052,Male,19,Computer Engineering,Third Year,Fifth Semester,Theory of Computation,11,9,70.83,56.8,18.9,15.3,1,1.8,78.3,3,75.0,81.82,Regular
STU0052,Male,19,Computer Engineering,Third Year,Fifth Semester,Software Engineering,11,9,80.66,66.0,16.8,15.3,0,1.8,72.2,1,64.8,81.82,Regular
STU0052,Male,19,Computer Engineering,Third Year,Fifth Semester,Software Engineering,11,11,80.66,66.0,15.8,15.3,3,1.8,81.4,0,54.5,100.0,Regular
STU0052,Male,19,Computer Engineering,Third Year,Fifth Semester,Software Engineering,10,9,80.66,66.0,21.7,15.3,1,1.8,75.2,3,62.0,90.0,Regular
STU0052,Male,19,Computer Engineering,Third Year,Fifth Semester,Software Engineering,9,7,80.66,66.0,22.4,15.3,1,1.8,75.4,0,59.7,77.78,Regular
STU0053,Female,20,Computer Engineering,Third Year,Fifth Semester,Data Structures & Algorithms,12,8,54.67,61.4,17.1,11.3,3,43.2,55.4,1,37.6,66.67,Defaulter
STU0053,Female,20,Computer Engineering,Third Year,Fifth Semester,Data Structures & Algorithms,11,6,54.67,61.4,5.1,11.3,1,43.2,56.6,1,52.9,54.55,Defaulter
STU0053,Female,20,Computer Engineering,Third Year,Fifth Semester,Data Structures & Algorithms,12,5,54.67,61.4,1.7,11.3,2,43.2,59.5,2,72.2,41.67,Defaulter
STU0053,Female,20,Computer Engineering,Third Year,Fifth Semester,Data Structures & Algorithms,10,4,54.67,61.4,6.6,11.3,0,43.2,54.9,1,49.3,40.0,Defaulter
STU0053,Female,20,Computer Engineering,Third Year,Fifth Semester,Database Management Systems,9,6,53.61,52.0,14.9,11.3,2,43.2,56.0,1,78.7,66.67,Defaulter
STU0053,Female,20,Computer Engineering,Third Year,Fifth Semester,Database Management Systems,10,6,53.61,52.0,9.5,11.3,0,43.2,53.5,2,45.2,60.0,Defaulter
STU0053,Female,20,Computer Engineering,Third Year,Fifth Semester,Database Management Systems,8,3,53.61,52.0,10.0,11.3,2,43.2,53.0,2,86.9,37.5,Defaulter
STU0053,Female,20,Computer Engineering,Third Year,Fifth Semester,Database Management Systems,11,5,53.61,52.0,8.7,11.3,1,43.2,57.5,3,79.3,45.45,Defaulter
STU0053,Female,20,Computer Engineering,Third Year,Fifth Semester,Computer Networks,12,7,46.11,69.5,7.1,11.3,2,43.2,53.2,2,79.2,58.33,Defaulter
STU0053,Female,20,Computer Engineering,Third Year,Fifth Semester,Computer Networks,9,4,46.11,69.5,9.2,11.3,1,43.2,57.8,4,68.4,44.44,Defaulter
STU0053,Female,20,Computer Engineering,Third Year,Fifth Semester,Computer Networks,12,8,46.11,69.5,13.7,11.3,1,43.2,56.7,1,64.8,66.67,Defaulter
STU0053,Female,20,Computer Engineering,Third Year,Fifth Semester,Computer Networks,11,6,46.11,69.5,4.8,11.3,2,43.2,60.1,3,46.5,54.55,Defaulter
STU0053,Female,20,Computer Engineering,Third Year,Fifth Semester,Theory of Computation,12,8,56.76,52.6,13.9,11.3,0,43.2,60.5,3,53.9,66.67,Defaulter
STU0053,Female,20,Computer Engineering,Third Year,Fifth Semester,Theory of Computation,8,5,56.76,52.6,16.9,11.3,2,43.2,56.2,1,92.1,62.5,Defaulter
STU0053,Female,20,Computer Engineering,Third Year,Fifth Semester,Theory of Computation,10,5,56.76,52.6,2.3,11.3,0,43.2,54.4,0,64.0,50.0,Defaulter
STU0053,Female,20,Computer Engineering,Third Year,Fifth Semester,Theory of Computation,9,5,56.76,52.6,15.6,11.3,2,43.2,55.3,4,60.6,55.56,Defaulter
STU0053,Female,20,Computer Engineering,Third Year,Fifth Semester,Software Engineering,8,5,44.47,49.6,8.5,11.3,0,43.2,58.1,4,77.0,62.5,Defaulter
STU0053,Female,20,Computer Engineering,Third Year,Fifth Semester,Software Engineering,11,5,44.47,49.6,6.7,11.3,0,43.2,50.8,4,81.0,45.45,Defaulter
STU0053,Female,20,Computer Engineering,Third Year,Fifth Semester,Software Engineering,10,4,44.47,49.6,4.8,11.3,2,43.2,56.8,1,85.9,40.0,Defaulter
STU0053,Female,20,Computer Engineering,Third Year,Fifth Semester,Software Engineering,10,5,44.47,49.6,12.0,11.3,3,43.2,53.2,2,35.8,50.0,Defaulter
STU0054,Male,21,Computer Engineering,Third Year,Fifth Semester,Data Structures & Algorithms,10,6,67.36,58.0,14.9,12.7,1,7.1,72.1,4,82.7,60.0,Defaulter
STU0054,Male,21,Computer Engineering,Third Year,Fifth Semester,Data Structures & Algorithms,10,7,67.36,58.0,8.7,12.7,0,7.1,65.2,1,68.0,70.0,Defaulter
STU0054,Male,21,Computer Engineering,Third Year,Fifth Semester,Data Structures & Algorithms,12,5,67.36,58.0,0.0,12.7,3,7.1,65.0,1,49.0,41.67,Defaulter
STU0054,Male,21,Computer Engineering,Third Year,Fifth Semester,Data Structures & Algorithms,9,5,67.36,58.0,9.3,12.7,2,7.1,67.6,3,80.4,55.56,Defaulter
STU0054,Male,21,Computer Engineering,Third Year,Fifth Semester,Database Management Systems,11,9,50.43,58.0,12.4,12.7,0,7.1,69.7,3,71.8,81.82,Regular
STU0054,Male,21,Computer Engineering,Third Year,Fifth Semester,Database Management Systems,10,5,50.43,58.0,11.2,12.7,2,7.1,70.7,1,80.3,50.0,Defaulter
STU0054,Male,21,Computer Engineering,Third Year,Fifth Semester,Database Management Systems,8,5,50.43,58.0,11.9,12.7,4,7.1,67.4,4,29.4,62.5,Defaulter
STU0054,Male,21,Computer Engineering,Third Year,Fifth Semester,Database Management Systems,12,10,50.43,58.0,13.7,12.7,2,7.1,64.9,1,99.8,83.33,Regular
STU0054,Male,21,Computer Engineering,Third Year,Fifth Semester,Computer Networks,12,9,60.86,49.4,13.6,12.7,1,7.1,67.5,2,65.9,75.0,Regular
STU0054,Male,21,Computer Engineering,Third Year,Fifth Semester,Computer Networks,11,6,60.86,49.4,10.4,12.7,1,7.1,65.9,2,53.1,54.55,Defaulter
STU0054,Male,21,Computer Engineering,Third Year,Fifth Semester,Computer Networks,11,8,60.86,49.4,11.5,12.7,1,7.1,66.1,3,86.9,72.73,Defaulter
STU0054,Male,21,Computer Engineering,Third Year,Fifth Semester,Computer Networks,12,10,60.86,49.4,12.6,12.7,2,7.1,67.1,1,66.3,83.33,Regular
STU0054,Male,21,Computer Engineering,Third Year,Fifth Semester,Theory of Computation,11,6,69.06,62.9,8.9,12.7,1,7.1,72.4,3,73.2,54.55,Defaulter
STU0054,Male,21,Computer Engineering,Third Year,Fifth Semester,Theory of Computation,11,8,69.06,62.9,22.7,12.7,1,7.1,69.0,0,81.1,72.73,Defaulter
STU0054,Male,21,Computer Engineering,Third Year,Fifth Semester,Theory of Computation,8,5,69.06,62.9,6.7,12.7,1,7.1,70.8,3,52.2,62.5,Defaulter
STU0054,Male,21,Computer Engineering,Third Year,Fifth Semester,Theory of Computation,10,3,69.06,62.9,8.1,12.7,0,7.1,63.0,2,83.4,30.0,Defaulter
STU0054,Male,21,Computer Engineering,Third Year,Fifth Semester,Software Engineering,11,8,61.01,53.5,8.4,12.7,0,7.1,67.8,1,55.3,72.73,Defaulter
STU0054,Male,21,Computer Engineering,Third Year,Fifth Semester,Software Engineering,12,7,61.01,53.5,8.3,12.7,0,7.1,67.5,0,92.2,58.33,Defaulter
STU0054,Male,21,Computer Engineering,Third Year,Fifth Semester,Software Engineering,11,7,61.01,53.5,20.3,12.7,1,7.1,68.6,0,65.8,63.64,Defaulter
STU0054,Male,21,Computer Engineering,Third Year,Fifth Semester,Software Engineering,8,4,61.01,53.5,8.2,12.7,0,7.1,68.8,3,87.5,50.0,Defaulter
STU0055,Male,21,Computer Engineering,Third Year,Fifth Semester,Data Structures & Algorithms,10,5,48.84,41.1,16.0,13.5,3,4.1,54.0,3,74.4,50.0,Defaulter
STU0055,Male,21,Computer Engineering,Third Year,Fifth Semester,Data Structures & Algorithms,11,4,48.84,41.1,13.6,13.5,0,4.1,56.2,3,92.1,36.36,Defaulter
STU0055,Male,21,Computer Engineering,Third Year,Fifth Semester,Data Structures & Algorithms,10,4,48.84,41.1,1.3,13.5,2,4.1,49.2,1,100.0,40.0,Defaulter
STU0055,Male,21,Computer Engineering,Third Year,Fifth Semester,Data Structures & Algorithms,8,6,48.84,41.1,12.6,13.5,0,4.1,55.1,0,85.9,75.0,Regular
STU0055,Male,21,Computer Engineering,Third Year,Fifth Semester,Database Management Systems,12,7,49.57,41.8,9.6,13.5,0,4.1,59.8,0,59.7,58.33,Defaulter
STU0055,Male,21,Computer Engineering,Third Year,Fifth Semester,Database Management Systems,8,4,49.57,41.8,9.2,13.5,2,4.1,59.8,1,96.0,50.0,Defaulter
STU0055,Male,21,Computer Engineering,Third Year,Fifth Semester,Database Management Systems,9,4,49.57,41.8,4.0,13.5,2,4.1,60.0,1,94.0,44.44,Defaulter
STU0055,Male,21,Computer Engineering,Third Year,Fifth Semester,Database Management Systems,9,6,49.57,41.8,16.8,13.5,2,4.1,54.5,1,69.8,66.67,Defaulter
STU0055,Male,21,Computer Engineering,Third Year,Fifth Semester,Computer Networks,12,9,43.25,51.2,13.5,13.5,1,4.1,56.6,2,77.4,75.0,Regular
STU0055,Male,21,Computer Engineering,Third Year,Fifth Semester,Computer Networks,9,5,43.25,51.2,16.6,13.5,1,4.1,55.7,3,80.7,55.56,Defaulter
STU0055,Male,21,Computer Engineering,Third Year,Fifth Semester,Computer Networks,12,5,43.25,51.2,5.7,13.5,0,4.1,52.4,1,85.7,41.67,Defaulter
STU0055,Male,21,Computer Engineering,Third Year,Fifth Semester,Computer Networks,10,4,43.25,51.2,13.4,13.5,0,4.1,58.4,0,67.2,40.0,Defaulter
STU0055,Male,21,Computer Engineering,Third Year,Fifth Semester,Theory of Computation,10,4,58.2,72.3,14.9,13.5,0,4.1,52.2,3,93.7,40.0,Defaulter
STU0055,Male,21,Computer Engineering,Third Year,Fifth Semester,Theory of Computation,10,6,58.2,72.3,13.9,13.5,2,4.1,54.6,7,61.3,60.0,Defaulter
STU0055,Male,21,Computer Engineering,Third Year,Fifth Semester,Theory of Computation,12,6,58.2,72.3,13.4,13.5,1,4.1,58.9,1,88.0,50.0,Defaulter
STU0055,Male,21,Computer Engineering,Third Year,Fifth Semester,Theory of Computation,12,9,58.2,72.3,14.0,13.5,1,4.1,64.1,1,69.0,75.0,Regular
STU0055,Male,21,Computer Engineering,Third Year,Fifth Semester,Software Engineering,8,4,52.12,52.6,5.2,13.5,3,4.1,45.8,1,74.9,50.0,Defaulter
STU0055,Male,21,Computer Engineering,Third Year,Fifth Semester,Software Engineering,11,9,52.12,52.6,15.5,13.5,0,4.1,53.7,1,82.0,81.82,Regular
STU0055,Male,21,Computer Engineering,Third Year,Fifth Semester,Software Engineering,9,5,52.12,52.6,15.7,13.5,0,4.1,53.9,2,63.4,55.56,Defaulter
STU0055,Male,21,Computer Engineering,Third Year,Fifth Semester,Software Engineering,11,5,52.12,52.6,1.9,13.5,0,4.1,59.5,2,99.4,45.45,Defaulter
STU0056,Male,19,Computer Engineering,Third Year,Fifth Semester,Data Structures & Algorithms,8,6,86.42,61.0,15.8,13.9,0,2.5,81.4,3,84.1,75.0,Regular
STU0056,Male,19,Computer Engineering,Third Year,Fifth Semester,Data Structures & Algorithms,9,6,86.42,61.0,8.6,13.9,0,2.5,82.2,2,61.9,66.67,Defaulter
STU0056,Male,19,Computer Engineering,Third Year,Fifth Semester,Data Structures & Algorithms,10,9,86.42,61.0,15.0,13.9,0,2.5,80.8,1,56.4,90.0,Regular
STU0056,Male,19,Computer Engineering,Third Year,Fifth Semester,Data Structures & Algorithms,8,7,86.42,61.0,12.7,13.9,1,2.5,87.9,4,65.5,87.5,Regular
STU0056,Male,19,Computer Engineering,Third Year,Fifth Semester,Database Management Systems,11,9,82.88,58.8,21.5,13.9,1,2.5,78.8,2,62.6,81.82,Regular
STU0056,Male,19,Computer Engineering,Third Year,Fifth Semester,Database Management Systems,8,7,82.88,58.8,13.7,13.9,3,2.5,91.1,3,67.9,87.5,Regular
STU0056,Male,19,Computer Engineering,Third Year,Fifth Semester,Database Management Systems,12,11,82.88,58.8,10.4,13.9,0,2.5,81.7,0,74.1,91.67,Regular
STU0056,Male,19,Computer Engineering,Third Year,Fifth Semester,Database Management Systems,8,6,82.88,58.8,17.9,13.9,2,2.5,83.4,1,70.9,75.0,Regular
STU0056,Male,19,Computer Engineering,Third Year,Fifth Semester,Computer Networks,10,7,89.97,60.3,13.9,13.9,0,2.5,79.2,2,61.0,70.0,Defaulter
STU0056,Male,19,Computer Engineering,Third Year,Fifth Semester,Computer Networks,9,8,89.97,60.3,3.9,13.9,0,2.5,80.2,1,89.3,88.89,Regular
STU0056,Male,19,Computer Engineering,Third Year,Fifth Semester,Computer Networks,8,6,89.97,60.3,11.1,13.9,1,2.5,78.0,3,53.8,75.0,Regular
STU0056,Male,19,Computer Engineering,Third Year,Fifth Semester,Computer Networks,12,10,89.97,60.3,16.2,13.9,0,2.5,84.4,0,82.2,83.33,Regular
STU0056,Male,19,Computer Engineering,Third Year,Fifth Semester,Theory of Computation,12,9,82.12,68.9,9.3,13.9,2,2.5,77.6,2,89.6,75.0,Regular
STU0056,Male,19,Computer Engineering,Third Year,Fifth Semester,Theory of Computation,12,7,82.12,68.9,19.2,13.9,0,2.5,82.9,0,66.7,58.33,Defaulter
STU0056,Male,19,Computer Engineering,Third Year,Fifth Semester,Theory of Computation,10,7,82.12,68.9,13.0,13.9,2,2.5,81.9,2,40.8,70.0,Defaulter
STU0056,Male,19,Computer Engineering,Third Year,Fifth Semester,Theory of Computation,11,8,82.12,68.9,7.6,13.9,0,2.5,83.5,2,35.5,72.73,Defaulter
STU0056,Male,19,Computer Engineering,Third Year,Fifth Semester,Software Engineering,11,8,71.39,63.1,17.7,13.9,0,2.5,80.5,2,41.5,72.73,Defaulter
STU0056,Male,19,Computer Engineering,Third Year,Fifth Semester,Software Engineering,9,7,71.39,63.1,18.9,13.9,0,2.5,76.4,4,83.2,77.78,Regular
STU0056,Male,19,Computer Engineering,Third Year,Fifth Semester,Software Engineering,8,4,71.39,63.1,12.1,13.9,3,2.5,82.5,2,82.7,50.0,Defaulter
STU0056,Male,19,Computer Engineering,Third Year,Fifth Semester,Software Engineering,8,8,71.39,63.1,17.0,13.9,1,2.5,83.1,2,86.4,100.0,Regular
STU0057,Female,21,Computer Engineering,Third Year,Fifth Semester,Data Structures & Algorithms,9,3,67.21,27.3,1.2,8.0,1,7.8,42.7,1,57.3,33.33,Defaulter
STU0057,Female,21,Computer Engineering,Third Year,Fifth Semester,Data Structures & Algorithms,11,8,67.21,27.3,16.3,8.0,3,7.8,49.6,2,52.3,72.73,Defaulter
STU0057,Female,21,Computer Engineering,Third Year,Fifth Semester,Data Structures & Algorithms,8,5,67.21,27.3,8.7,8.0,1,7.8,43.1,4,41.2,62.5,Defaulter
STU0057,Female,21,Computer Engineering,Third Year,Fifth Semester,Data Structures & Algorithms,11,7,67.21,27.3,18.5,8.0,2,7.8,49.0,1,59.5,63.64,Defaulter
STU0057,Female,21,Computer Engineering,Third Year,Fifth Semester,Database Management Systems,12,7,45.96,52.5,3.9,8.0,0,7.8,47.6,0,66.7,58.33,Defaulter
STU0057,Female,21,Computer Engineering,Third Year,Fifth Semester,Database Management Systems,8,4,45.96,52.5,8.9,8.0,0,7.8,44.1,1,75.1,50.0,Defaulter
STU0057,Female,21,Computer Engineering,Third Year,Fifth Semester,Database Management Systems,10,6,45.96,52.5,10.0,8.0,0,7.8,48.8,2,51.5,60.0,Defaulter
STU0057,Female,21,Computer Engineering,Third Year,Fifth Semester,Database Management Systems,8,5,45.96,52.5,9.2,8.0,0,7.8,42.4,3,71.6,62.5,Defaulter
STU0057,Female,21,Computer Engineering,Third Year,Fifth Semester,Computer Networks,11,6,55.57,32.1,5.1,8.0,3,7.8,44.5,2,84.6,54.55,Defaulter
STU0057,Female,21,Computer Engineering,Third Year,Fifth Semester,Computer Networks,10,8,55.57,32.1,11.0,8.0,1,7.8,49.7,3,57.1,80.0,Regular
STU0057,Female,21,Computer Engineering,Third Year,Fifth Semester,Computer Networks,10,6,55.57,32.1,5.3,8.0,1,7.8,45.3,1,77.4,60.0,Defaulter
STU0057,Female,21,Computer Engineering,Third Year,Fifth Semester,Computer Networks,11,5,55.57,32.1,8.9,8.0,1,7.8,46.6,2,77.4,45.45,Defaulter
STU0057,Female,21,Computer Engineering,Third Year,Fifth Semester,Theory of Computation,8,5,45.6,33.0,4.5,8.0,1,7.8,51.5,4,71.9,62.5,Defaulter
STU0057,Female,21,Computer Engineering,Third Year,Fifth Semester,Theory of Computation,12,8,45.6,33.0,8.6,8.0,1,7.8,48.9,1,55.9,66.67,Defaulter
STU0057,Female,21,Computer Engineering,Third Year,Fifth Semester,Theory of Computation,12,8,45.6,33.0,4.6,8.0,1,7.8,48.3,1,90.0,66.67,Defaulter
STU0057,Female,21,Computer Engineering,Third Year,Fifth Semester,Theory of Computation,10,6,45.6,33.0,14.0,8.0,1,7.8,43.0,1,92.1,60.0,Defaulter
STU0057,Female,21,Computer Engineering,Third Year,Fifth Semester,Software Engineering,12,4,63.38,50.7,3.7,8.0,1,7.8,44.9,2,66.1,33.33,Defaulter
STU0057,Female,21,Computer Engineering,Third Year,Fifth Semester,Software Engineering,9,7,63.38,50.7,16.3,8.0,1,7.8,43.1,3,52.1,77.78,Regular
STU0057,Female,21,Computer Engineering,Third Year,Fifth Semester,Software Engineering,12,5,63.38,50.7,3.8,8.0,2,7.8,47.6,2,76.4,41.67,Defaulter
STU0057,Female,21,Computer Engineering,Third Year,Fifth Semester,Software Engineering,9,5,63.38,50.7,21.1,8.0,0,7.8,43.5,3,48.0,55.56,Defaulter
STU0058,Male,19,Computer Engineering,Third Year,Fifth Semester,Data Structures & Algorithms,11,7,59.84,70.9,13.0,13.4,0,14.4,58.7,1,86.4,63.64,Defaulter
STU0058,Male,19,Computer Engineering,Third Year,Fifth Semester,Data Structures & Algorithms,10,6,59.84,70.9,17.2,13.4,1,14.4,58.8,2,76.0,60.0,Defaulter
STU0058,Male,19,Computer Engineering,Third Year,Fifth Semester,Data Structures & Algorithms,11,7,59.84,70.9,9.1,13.4,0,14.4,59.1,3,68.4,63.64,Defaulter
STU0058,Male,19,Computer Engineering,Third Year,Fifth Semester,Data Structures & Algorithms,9,4,59.84,70.9,10.3,13.4,0,14.4,62.2,3,57.3,44.44,Defaulter
STU0058,Male,19,Computer Engineering,Third Year,Fifth Semester,Database Management Systems,11,6,65.01,73.5,10.3,13.4,1,14.4,56.4,4,52.5,54.55,Defaulter
STU0058,Male,19,Computer Engineering,Third Year,Fifth Semester,Database Management Systems,8,6,65.01,73.5,20.8,13.4,3,14.4,56.7,1,81.8,75.0,Regular
STU0058,Male,19,Computer Engineering,Third Year,Fifth Semester,Database Management Systems,8,6,65.01,73.5,12.7,13.4,2,14.4,59.0,1,62.8,75.0,Regular
STU0058,Male,19,Computer Engineering,Third Year,Fifth Semester,Database Management Systems,11,6,65.01,73.5,14.9,13.4,1,14.4,61.2,4,73.4,54.55,Defaulter
STU0058,Male,19,Computer Engineering,Third Year,Fifth Semester,Computer Networks,10,9,57.14,65.4,15.1,13.4,1,14.4,58.9,0,70.1,90.0,Regular
STU0058,Male,19,Computer Engineering,Third Year,Fifth Semester,Computer Networks,10,5,57.14,65.4,10.8,13.4,0,14.4,53.7,1,80.2,50.0,Defaulter
STU0058,Male,19,Computer Engineering,Third Year,Fifth Semester,Computer Networks,11,8,57.14,65.4,29.7,13.4,0,14.4,55.6,2,85.9,72.73,Defaulter
STU0058,Male,19,Computer Engineering,Third Year,Fifth Semester,Computer Networks,10,4,57.14,65.4,2.1,13.4,1,14.4,57.0,2,59.3,40.0,Defaulter
STU0058,Male,19,Computer Engineering,Third Year,Fifth Semester,Theory of Computation,12,8,47.6,55.8,14.6,13.4,0,14.4,59.2,2,76.8,66.67,Defaulter
STU0058,Male,19,Computer Engineering,Third Year,Fifth Semester,Theory of Computation,12,8,47.6,55.8,13.2,13.4,2,14.4,59.1,0,45.1,66.67,Defaulter
STU0058,Male,19,Computer Engineering,Third Year,Fifth Semester,Theory of Computation,12,5,47.6,55.8,12.5,13.4,1,14.4,53.3,1,51.5,41.67,Defaulter
STU0058,Male,19,Computer Engineering,Third Year,Fifth Semester,Theory of Computation,9,4,47.6,55.8,6.6,13.4,4,14.4,60.4,6,53.1,44.44,Defaulter
STU0058,Male,19,Computer Engineering,Third Year,Fifth Semester,Software Engineering,12,6,57.62,48.7,4.0,13.4,3,14.4,59.5,0,70.7,50.0,Defaulter
STU0058,Male,19,Computer Engineering,Third Year,Fifth Semester,Software Engineering,9,5,57.62,48.7,9.7,13.4,1,14.4,57.6,3,48.4,55.56,Defaulter
STU0058,Male,19,Computer Engineering,Third Year,Fifth Semester,Software Engineering,9,5,57.62,48.7,14.3,13.4,1,14.4,58.8,2,67.8,55.56,Defaulter
STU0058,Male,19,Computer Engineering,Third Year,Fifth Semester,Software Engineering,11,6,57.62,48.7,10.4,13.4,0,14.4,55.1,1,69.3,54.55,Defaulter
STU0059,Male,22,Computer Engineering,Third Year,Fifth Semester,Data Structures & Algorithms,12,9,78.44,41.3,14.6,13.2,0,18.3,62.6,2,88.0,75.0,Regular
STU0059,Male,22,Computer Engineering,Third Year,Fifth Semester,Data Structures & Algorithms,11,8,78.44,41.3,9.9,13.2,1,18.3,53.7,2,95.9,72.73,Defaulter
STU0059,Male,22,Computer Engineering,Third Year,Fifth Semester,Data Structures & Algorithms,10,8,78.44,41.3,8.1,13.2,0,18.3,64.0,3,46.7,80.0,Regular
STU0059,Male,22,Computer Engineering,Third Year,Fifth Semester,Data Structures & Algorithms,8,6,78.44,41.3,15.5,13.2,0,18.3,55.8,3,50.6,75.0,Regular
STU0059,Male,22,Computer Engineering,Third Year,Fifth Semester,Database Management Systems,10,5,73.54,50.4,7.7,13.2,1,18.3,55.2,1,66.2,50.0,Defaulter
STU0059,Male,22,Computer Engineering,Third Year,Fifth Semester,Database Management Systems,9,7,73.54,50.4,19.2,13.2,3,18.3,57.4,1,82.7,77.78,Regular
STU0059,Male,22,Computer Engineering,Third Year,Fifth Semester,Database Management Systems,11,6,73.54,50.4,11.0,13.2,1,18.3,57.4,1,69.9,54.55,Defaulter
STU0059,Male,22,Computer Engineering,Third Year,Fifth Semester,Database Management Systems,11,9,73.54,50.4,11.1,13.2,2,18.3,54.6,2,85.5,81.82,Regular
STU0059,Male,22,Computer Engineering,Third Year,Fifth Semester,Computer Networks,8,5,74.18,50.4,10.7,13.2,2,18.3,55.2,0,86.9,62.5,Defaulter
STU0059,Male,22,Computer Engineering,Third Year,Fifth Semester,Computer Networks,11,8,74.18,50.4,9.7,13.2,0,18.3,52.1,3,91.3,72.73,Defaulter
STU0059,Male,22,Computer Engineering,Third Year,Fifth Semester,Computer Networks,9,7,74.18,50.4,12.2,13.2,0,18.3,54.4,1,78.2,77.78,Regular
STU0059,Male,22,Computer Engineering,Third Year,Fifth Semester,Computer Networks,11,8,74.18,50.4,6.3,13.2,0,18.3,58.3,4,65.1,72.73,Defaulter
STU0059,Male,22,Computer Engineering,Third Year,Fifth Semester,Theory of Computation,8,6,77.86,49.4,14.5,13.2,1,18.3,57.0,0,80.6,75.0,Regular
STU0059,Male,22,Computer Engineering,Third Year,Fifth Semester,Theory of Computation,11,11,77.86,49.4,16.4,13.2,1,18.3,61.6,1,54.2,100.0,Regular
STU0059,Male,22,Computer Engineering,Third Year,Fifth Semester,Theory of Computation,10,8,77.86,49.4,12.5,13.2,1,18.3,58.0,3,61.9,80.0,Regular
STU0059,Male,22,Computer Engineering,Third Year,Fifth Semester,Theory of Computation,11,10,77.86,49.4,18.3,13.2,1,18.3,57.6,2,44.2,90.91,Regular
STU0059,Male,22,Computer Engineering,Third Year,Fifth Semester,Software Engineering,10,9,68.45,57.4,20.5,13.2,2,18.3,57.8,1,46.9,90.0,Regular
STU0059,Male,22,Computer Engineering,Third Year,Fifth Semester,Software Engineering,11,8,68.45,57.4,17.9,13.2,2,18.3,51.9,4,73.3,72.73,Defaulter
STU0059,Male,22,Computer Engineering,Third Year,Fifth Semester,Software Engineering,8,6,68.45,57.4,17.1,13.2,1,18.3,56.1,1,74.0,75.0,Regular
STU0059,Male,22,Computer Engineering,Third Year,Fifth Semester,Software Engineering,8,7,68.45,57.4,14.2,13.2,1,18.3,56.0,2,47.3,87.5,Regular
STU0060,Male,22,Computer Engineering,Third Year,Fifth Semester,Data Structures & Algorithms,11,9,69.46,57.0,23.3,12.8,2,9.3,59.4,3,62.7,81.82,Regular
STU0060,Male,22,Computer Engineering,Third Year,Fifth Semester,Data Structures & Algorithms,11,9,69.46,57.0,11.3,12.8,1,9.3,59.4,1,57.1,81.82,Regular
STU0060,Male,22,Computer Engineering,Third Year,Fifth Semester,Data Structures & Algorithms,8,8,69.46,57.0,19.3,12.8,0,9.3,55.4,1,41.3,100.0,Regular
STU0060,Male,22,Computer Engineering,Third Year,Fifth Semester,Data Structures & Algorithms,11,7,69.46,57.0,5.1,12.8,1,9.3,56.4,0,73.9,63.64,Defaulter
STU0060,Male,22,Computer Engineering,Third Year,Fifth Semester,Database Management Systems,10,7,66.29,58.1,12.8,12.8,2,9.3,55.3,1,67.7,70.0,Defaulter
STU0060,Male,22,Computer Engineering,Third Year,Fifth Semester,Database Management Systems,12,8,66.29,58.1,8.1,12.8,2,9.3,54.7,1,42.0,66.67,Defaulter
STU0060,Male,22,Computer Engineering,Third Year,Fifth Semester,Database Management Systems,9,6,66.29,58.1,18.2,12.8,1,9.3,56.1,1,71.0,66.67,Defaulter
STU0060,Male,22,Computer Engineering,Third Year,Fifth Semester,Database Management Systems,11,10,66.29,58.1,16.4,12.8,1,9.3,57.3,0,78.5,90.91,Regular
STU0060,Male,22,Computer Engineering,Third Year,Fifth Semester,Computer Networks,12,9,67.84,64.6,11.6,12.8,0,9.3,57.1,4,57.3,75.0,Regular
STU0060,Male,22,Computer Engineering,Third Year,Fifth Semester,Computer Networks,12,9,67.84,64.6,16.0,12.8,0,9.3,57.4,1,75.4,75.0,Regular
STU0060,Male,22,Computer Engineering,Third Year,Fifth Semester,Computer Networks,11,8,67.84,64.6,9.8,12.8,1,9.3,52.3,2,94.3,72.73,Defaulter
STU0060,Male,22,Computer Engineering,Third Year,Fifth Semester,Computer Networks,11,8,67.84,64.6,11.5,12.8,0,9.3,52.8,0,49.3,72.73,Defaulter
STU0060,Male,22,Computer Engineering,Third Year,Fifth Semester,Theory of Computation,9,7,67.06,57.5,12.3,12.8,1,9.3,51.9,1,55.1,77.78,Regular
STU0060,Male,22,Computer Engineering,Third Year,Fifth Semester,Theory of Computation,11,7,67.06,57.5,11.7,12.8,0,9.3,54.2,3,85.4,63.64,Defaulter
STU0060,Male,22,Computer Engineering,Third Year,Fifth Semester,Theory of Computation,10,7,67.06,57.5,13.8,12.8,2,9.3,50.7,1,75.8,70.0,Defaulter
STU0060,Male,22,Computer Engineering,Third Year,Fifth Semester,Theory of Computation,9,6,67.06,57.5,7.5,12.8,1,9.3,64.6,3,64.4,66.67,Defaulter
STU0060,Male,22,Computer Engineering,Third Year,Fifth Semester,Software Engineering,12,9,60.64,53.7,15.4,12.8,2,9.3,56.9,1,37.5,75.0,Regular
STU0060,Male,22,Computer Engineering,Third Year,Fifth Semester,Software Engineering,9,6,60.64,53.7,14.3,12.8,0,9.3,55.6,1,69.1,66.67,Defaulter
STU0060,Male,22,Computer Engineering,Third Year,Fifth Semester,Software Engineering,9,7,60.64,53.7,14.6,12.8,0,9.3,47.2,3,74.4,77.78,Regular
STU0060,Male,22,Computer Engineering,Third Year,Fifth Semester,Software Engineering,11,8,60.64,53.7,16.8,12.8,1,9.3,52.7,0,78.8,72.73,Defaulter
